"Multiple Source Labels?","Source Namespace","Source Label","Source Address","Multiple Dest Labels?","Dest Namespace","Dest Label","Dest Address","Length Delta"
"","Global","FUN_00401020","00401020","","Global","FUN_00401020","00401020","0"
"2","std::char_traits<char>","length","00401090","2","std::char_traits<char>","length","00401090","0"
"","Global","FUN_004010b0","004010b0","","Global","FUN_004010b0","004010b0","0"
"","Global","FUN_004010d0","004010d0","","Global","FUN_004010d0","004010d0","0"
"","Global","FUN_00401100","00401100","","Global","FUN_00401100","00401100","0"
"","Global","FUN_00401120","00401120","","Global","FUN_00401120","00401120","0"
"","Global","FUN_00401150","00401150","","Global","FUN_00401150","00401150","0"
"","Global","FUN_004011d0","004011d0","","Global","FUN_004011e0","004011e0","0"
"","Global","FUN_004011f0","004011f0","","Global","FUN_00401200","00401200","0"
"","Global","FUN_00401250","00401250","","Global","FUN_00401260","00401260","0"
"","Global","FUN_004012f0","004012f0","","Global","FUN_00401300","00401300","0"
"","Global","FUN_00401330","00401330","","Global","FUN_00401340","00401340","0"
"","Global","FUN_00401370","00401370","","Global","FUN_00401380","00401380","0"
"","Global","FUN_00401490","00401490","","Global","FUN_004014a0","004014a0","0"
"","Global","FUN_004015c0","004015c0","","Global","FUN_004015d0","004015d0","0"
"","Global","FUN_00401690","00401690","","Global","FUN_004016a0","004016a0","0"
"","Global","FUN_004016e0","004016e0","","Global","FUN_004016f0","004016f0","0"
"","Global","FUN_00401880","00401880","","Global","FUN_00401890","00401890","0"
"","Global","FUN_00401930","00401930","","Global","FUN_00401940","00401940","0"
"","Global","FUN_00401c80","00401c80","","Global","FUN_00401c90","00401c90","0"
"","Global","FUN_00401cb0","00401cb0","","Global","FUN_00401cc0","00401cc0","0"
"","Global","FUN_00401d80","00401d80","","Global","FUN_00401d90","00401d90","0"
"","Global","FUN_00401e00","00401e00","","Global","FUN_00401e10","00401e10","0"
"","Global","FUN_00402a00","00402a00","","Global","FUN_00402a50","00402a50","0"
"","Global","FUN_00402a20","00402a20","","Global","FUN_00402a70","00402a70","0"
"","Global","FUN_00402b00","00402b00","","Global","FUN_00402b50","00402b50","0"
"","Global","FUN_00402c40","00402c40","","Global","FUN_00402c90","00402c90","0"
"","Global","FUN_00402c90","00402c90","","Global","FUN_00402ce0","00402ce0","0"
"","Global","FUN_00402cf0","00402cf0","","Global","FUN_00402d40","00402d40","0"
"","Global","FUN_00402d60","00402d60","","Global","FUN_00402db0","00402db0","0"
"","Global","FUN_00402e20","00402e20","","Global","FUN_00402e70","00402e70","0"
"","Global","FUN_00402e60","00402e60","","Global","FUN_00402eb0","00402eb0","0"
"","Global","FUN_00402f00","00402f00","","Global","FUN_00402f50","00402f50","0"
"","Global","FUN_00403010","00403010","","Global","FUN_00403060","00403060","0"
"","Global","FUN_00403080","00403080","","Global","FUN_004030d0","004030d0","0"
"","Global","FUN_00403260","00403260","","Global","FUN_004032b0","004032b0","0"
"","Global","FUN_004032c0","004032c0","","Global","FUN_00403310","00403310","0"
"","Global","FUN_00403320","00403320","","Global","FUN_00403370","00403370","0"
"","Global","FUN_004034f0","004034f0","","Global","FUN_00403540","00403540","0"
"","Global","FUN_00403620","00403620","","Global","FUN_00403670","00403670","0"
"","Global","FUN_00403730","00403730","","Global","FUN_00403780","00403780","0"
"","Global","FUN_00403980","00403980","","Global","FUN_004039d0","004039d0","0"
"","Global","FUN_004039b0","004039b0","","Global","FUN_00403a00","00403a00","0"
"","Global","FUN_00403a10","00403a10","","Global","FUN_00403a60","00403a60","0"
"","Global","FUN_00403b70","00403b70","","Global","FUN_00403bc0","00403bc0","0"
"","Global","FUN_00403b90","00403b90","","Global","FUN_00403be0","00403be0","0"
"","Global","FUN_00403bd0","00403bd0","","Global","FUN_00403c20","00403c20","0"
"","Global","FUN_00403c80","00403c80","","Global","FUN_00403cd0","00403cd0","0"
"","Global","FUN_00403d80","00403d80","","Global","FUN_00403dd0","00403dd0","0"
"","Global","FUN_00403dc0","00403dc0","","Global","FUN_00403e10","00403e10","0"
"","Global","FUN_00403e40","00403e40","","Global","FUN_00403e90","00403e90","0"
"","Global","FUN_00403ec0","00403ec0","","Global","FUN_00403f10","00403f10","0"
"","Global","FUN_00404020","00404020","","Global","FUN_00404070","00404070","0"
"","Global","FUN_00404080","00404080","","Global","FUN_004040d0","004040d0","0"
"","Global","FUN_004040c0","004040c0","","Global","FUN_00404110","00404110","0"
"","Global","FUN_00404150","00404150","","Global","FUN_004041a0","004041a0","0"
"","Global","FUN_00404190","00404190","","Global","FUN_004041e0","004041e0","0"
"","Global","FUN_004041c0","004041c0","","Global","FUN_00404210","00404210","0"
"","Global","FUN_00404270","00404270","","Global","FUN_004042c0","004042c0","0"
"","Global","FUN_00404370","00404370","","Global","FUN_004043c0","004043c0","0"
"","Global","FUN_004043b0","004043b0","","Global","FUN_00404400","00404400","0"
"","Global","FUN_00404450","00404450","","Global","FUN_004044a0","004044a0","0"
"","Global","FUN_00404480","00404480","","Global","FUN_004044d0","004044d0","0"
"","Global","FUN_004045d0","004045d0","","Global","FUN_00404620","00404620","0"
"","Global","FUN_00404680","00404680","","Global","FUN_004046d0","004046d0","0"
"","Global","FUN_00404720","00404720","","Global","FUN_00404770","00404770","0"
"","Global","FUN_00404740","00404740","","Global","FUN_00404790","00404790","0"
"","Global","Catch_All@004047d6","004047d6","","Global","Catch_All@00404826","00404826","0"
"","Global","Catch_All@00404813","00404813","","Global","Catch_All@00404863","00404863","0"
"","Global","FUN_00404890","00404890","","Global","FUN_004048e0","004048e0","0"
"","Global","FUN_00404940","00404940","","Global","FUN_00404990","00404990","0"
"","Global","FUN_004049a0","004049a0","","Global","FUN_004049f0","004049f0","0"
"","Global","FUN_00404a90","00404a90","","Global","FUN_00404ae0","00404ae0","0"
"","Global","FUN_00404e72","00404e72","","Global","FUN_00404eba","00404eba","0"
"","Global","FUN_00404ed0","00404ed0","","Global","FUN_00404f20","00404f20","0"
"","Global","FUN_0040505e","0040505e","","Global","FUN_004050ae","004050ae","0"
"","Global","FUN_004050e0","004050e0","","Global","FUN_00405130","00405130","0"
"","Global","FUN_00405160","00405160","","Global","FUN_004051b0","004051b0","0"
"","Global","FUN_00405190","00405190","","Global","FUN_004051e0","004051e0","0"
"","Global","FUN_00405220","00405220","","Global","FUN_00405270","00405270","0"
"","Global","FUN_00405450","00405450","","Global","FUN_004054a0","004054a0","0"
"","Global","FUN_00405800","00405800","","Global","FUN_00405850","00405850","0"
"","Global","FUN_00405959","00405959","","Global","FUN_004059a9","004059a9","0"
"","Global","FUN_00405bb0","00405bb0","","Global","FUN_00405c00","00405c00","0"
"","Global","FUN_00405cb0","00405cb0","","Global","FUN_00405d00","00405d00","0"
"","Global","FUN_00405d00","00405d00","","Global","FUN_00405d50","00405d50","0"
"","Global","FUN_00405d80","00405d80","","Global","FUN_00405dd0","00405dd0","0"
"","Global","FUN_00405e20","00405e20","","Global","FUN_0042ba60","0042ba60","0"
"","Global","FUN_00405ec0","00405ec0","","Global","FUN_0042bb00","0042bb00","0"
"","Global","FUN_00405f60","00405f60","","Global","FUN_0042bba0","0042bba0","0"
"","Global","FUN_00405f90","00405f90","","Global","FUN_0042bbd0","0042bbd0","0"
"","Global","FUN_00406000","00406000","","Global","FUN_0042bc40","0042bc40","0"
"","Global","FUN_00406090","00406090","","Global","FUN_0042bcd0","0042bcd0","0"
"","Global","FUN_004060a0","004060a0","","Global","FUN_0042bce0","0042bce0","0"
"","Global","FUN_00406110","00406110","","Global","FUN_0042bd50","0042bd50","0"
"","Global","FUN_00406130","00406130","","Global","FUN_0042bd70","0042bd70","0"
"","Global","FUN_00406230","00406230","","Global","FUN_0042be70","0042be70","0"
"","Global","FUN_004078b0","004078b0","","Global","FUN_0042d4f0","0042d4f0","0"
"","Global","FUN_00407900","00407900","","Global","FUN_0042d540","0042d540","0"
"","Global","FUN_00407960","00407960","","Global","FUN_0042d5a0","0042d5a0","0"
"","Global","FUN_00407a30","00407a30","","Global","FUN_0042d670","0042d670","0"
"","Global","FUN_00407ab0","00407ab0","","Global","FUN_0042d6f0","0042d6f0","0"
"","Global","FUN_00407bd0","00407bd0","","Global","FUN_0042d810","0042d810","0"
"","Global","FUN_00407da0","00407da0","","Global","FUN_0042d9e0","0042d9e0","0"
"","Global","FUN_00408010","00408010","","Global","FUN_0042dc50","0042dc50","0"
"","Global","FUN_00408110","00408110","","Global","FUN_0042dd50","0042dd50","0"
"","Global","FUN_00408550","00408550","","Global","FUN_0042e190","0042e190","0"
"","Global","FUN_00408570","00408570","","Global","FUN_0042e1b0","0042e1b0","0"
"","Global","FUN_00408830","00408830","","Global","FUN_0042e470","0042e470","0"
"","Global","FUN_00408b50","00408b50","","Global","FUN_0042e790","0042e790","0"
"","Global","FUN_00408b90","00408b90","","Global","FUN_0042e7d0","0042e7d0","0"
"","Global","FUN_00408e30","00408e30","","Global","FUN_0042ea60","0042ea60","0"
"","Global","FUN_00409370","00409370","","Global","FUN_00405f60","00405f60","0"
"","Global","FUN_004093e0","004093e0","","Global","FUN_00405fd0","00405fd0","0"
"","Global","FUN_00409460","00409460","","Global","FUN_00406050","00406050","0"
"","Global","FUN_004094c0","004094c0","","Global","FUN_004060b0","004060b0","0"
"","Global","FUN_004095e0","004095e0","","Global","FUN_004061d0","004061d0","0"
"","Global","FUN_00409630","00409630","","Global","FUN_00406220","00406220","0"
"","Global","FUN_00409680","00409680","","Global","FUN_00406270","00406270","0"
"","Global","FUN_004096e0","004096e0","","Global","FUN_004062d0","004062d0","0"
"","Global","FUN_004097b0","004097b0","","Global","FUN_004063a0","004063a0","0"
"","Global","FUN_00409810","00409810","","Global","FUN_00406400","00406400","0"
"","Global","FUN_004098a0","004098a0","","Global","FUN_00406490","00406490","0"
"","Global","FUN_00409900","00409900","","Global","FUN_004064f0","004064f0","0"
"","Global","FUN_00409970","00409970","","Global","FUN_00406560","00406560","0"
"","Global","FUN_00409a70","00409a70","","Global","FUN_00406660","00406660","0"
"","Global","FUN_00409a90","00409a90","","Global","FUN_00406680","00406680","0"
"","Global","FUN_00409ae0","00409ae0","","Global","FUN_004066d0","004066d0","0"
"","Global","FUN_00409b70","00409b70","","Global","FUN_00406760","00406760","0"
"","Global","FUN_00409c70","00409c70","","Global","FUN_00406860","00406860","0"
"","Global","FUN_0040a080","0040a080","","Global","FUN_00406c70","00406c70","0"
"","Global","FUN_0040a150","0040a150","","Global","FUN_00406d40","00406d40","0"
"","Global","FUN_0040a260","0040a260","","Global","FUN_00406e50","00406e50","0"
"","Global","FUN_0040a2e0","0040a2e0","","Global","FUN_00406ed0","00406ed0","0"
"","Global","FUN_0040a330","0040a330","","Global","FUN_00406f20","00406f20","0"
"","Global","FUN_0040a3b0","0040a3b0","","Global","FUN_00406fa0","00406fa0","0"
"","Global","FUN_0040a3f0","0040a3f0","","Global","FUN_00406fe0","00406fe0","0"
"","Global","FUN_0040a5d0","0040a5d0","","Global","FUN_004071c0","004071c0","0"
"","Global","FUN_0040a630","0040a630","","Global","FUN_00407220","00407220","0"
"","Global","FUN_0040a650","0040a650","","Global","FUN_00407240","00407240","0"
"","Global","FUN_0040a680","0040a680","","Global","FUN_00407270","00407270","0"
"","Global","FUN_0040a780","0040a780","","Global","FUN_00407370","00407370","0"
"","Global","FUN_0040a820","0040a820","","Global","FUN_00407410","00407410","0"
"","Global","FUN_0040a910","0040a910","","Global","FUN_00407500","00407500","0"
"","Global","FUN_0040a940","0040a940","","Global","FUN_00407530","00407530","0"
"","Global","FUN_0040a960","0040a960","","Global","FUN_00407550","00407550","0"
"","Global","FUN_0040ab00","0040ab00","","Global","FUN_004076f0","004076f0","0"
"","Global","FUN_0040ab90","0040ab90","","Global","FUN_00407780","00407780","0"
"","Global","FUN_0040ad40","0040ad40","","Global","FUN_00407930","00407930","0"
"","Global","FUN_0040adb0","0040adb0","","Global","FUN_004079a0","004079a0","0"
"","Global","FUN_0040ae10","0040ae10","","Global","FUN_00407a00","00407a00","0"
"","Global","FUN_0040af70","0040af70","","Global","FUN_00407b60","00407b60","0"
"","Global","FUN_0040b1d0","0040b1d0","","Global","FUN_00407dc0","00407dc0","0"
"","Global","FUN_0040b5b0","0040b5b0","","Global","FUN_004081a0","004081a0","0"
"","Global","FUN_0040c2c0","0040c2c0","","Global","FUN_00408eb0","00408eb0","0"
"","Global","FUN_0040c350","0040c350","","Global","FUN_00408f50","00408f50","0"
"","Global","FUN_0040c5f0","0040c5f0","","Global","FUN_004091f0","004091f0","0"
"","Global","FUN_0040c8a0","0040c8a0","","Global","FUN_004094a0","004094a0","0"
"","Global","FUN_0040ce60","0040ce60","","Global","FUN_00409a60","00409a60","0"
"","Global","FUN_0040cfa0","0040cfa0","","Global","FUN_00409ba0","00409ba0","0"
"","Global","FUN_0040d2c0","0040d2c0","","Global","FUN_00409ec0","00409ec0","0"
"","Global","FUN_0040dc40","0040dc40","","Global","FUN_0040a840","0040a840","0"
"","Global","FUN_0040dda0","0040dda0","","Global","FUN_0040a9a0","0040a9a0","0"
"","Global","FUN_0040e0b0","0040e0b0","","Global","FUN_0040acb0","0040acb0","0"
"","Global","FUN_0040e170","0040e170","","Global","FUN_0040ad70","0040ad70","0"
"","Global","FUN_0040e260","0040e260","","Global","FUN_0040ae60","0040ae60","0"
"","Global","FUN_0040e330","0040e330","","Global","FUN_0040af30","0040af30","0"
"","Global","FUN_0040e3c0","0040e3c0","","Global","FUN_0040afc0","0040afc0","0"
"","Global","FUN_0040e430","0040e430","","Global","FUN_0040b030","0040b030","0"
"","Global","FUN_0040e500","0040e500","","Global","FUN_0040b100","0040b100","0"
"","Global","FUN_0040e560","0040e560","","Global","FUN_0040b160","0040b160","0"
"","Global","FUN_0040e6f0","0040e6f0","","Global","FUN_0040b2f0","0040b2f0","0"
"","Global","FUN_0040e860","0040e860","","Global","FUN_0040b460","0040b460","0"
"","Global","FUN_0040e970","0040e970","","Global","FUN_0040b570","0040b570","0"
"","Global","FUN_0040ecb0","0040ecb0","","Global","FUN_0040b8b0","0040b8b0","0"
"","Global","FUN_0040eef0","0040eef0","","Global","FUN_0040baf0","0040baf0","0"
"","Global","FUN_0040f320","0040f320","","Global","FUN_0040bf20","0040bf20","0"
"","Global","FUN_0040f450","0040f450","","Global","FUN_0040c050","0040c050","0"
"","Global","FUN_0040f520","0040f520","","Global","FUN_0040c120","0040c120","0"
"","Global","FUN_0040f890","0040f890","","Global","FUN_0040c490","0040c490","0"
"","Global","FUN_0040f930","0040f930","","Global","FUN_0040c530","0040c530","0"
"","Global","FUN_0040f9f0","0040f9f0","","Global","FUN_0040c5f0","0040c5f0","0"
"","Global","FUN_0040fab0","0040fab0","","Global","FUN_0040c6b0","0040c6b0","0"
"","Global","FUN_0040fbd0","0040fbd0","","Global","FUN_0040c7d0","0040c7d0","0"
"","Global","FUN_00410300","00410300","","Global","FUN_0040cf00","0040cf00","0"
"","Global","FUN_00410340","00410340","","Global","FUN_0040cf40","0040cf40","0"
"","Global","FUN_00410360","00410360","","Global","FUN_0040cf60","0040cf60","0"
"","Global","FUN_00410430","00410430","","Global","FUN_0040d030","0040d030","0"
"","Global","FUN_00410610","00410610","","Global","FUN_0040d210","0040d210","0"
"","Global","FUN_00410830","00410830","","Global","FUN_0040d430","0040d430","0"
"","Global","FUN_004116e0","004116e0","","Global","FUN_0040e2e0","0040e2e0","0"
"","Global","FUN_004117d0","004117d0","","Global","FUN_0040e3d0","0040e3d0","0"
"","Global","FUN_00411870","00411870","","Global","FUN_0040e470","0040e470","0"
"","Global","FUN_004119c0","004119c0","","Global","FUN_0040e5c0","0040e5c0","0"
"","Global","FUN_00411a10","00411a10","","Global","FUN_0040e610","0040e610","0"
"","Global","FUN_00411ce0","00411ce0","","Global","FUN_0040e8e0","0040e8e0","0"
"","Global","FUN_00411e80","00411e80","","Global","FUN_0040ea80","0040ea80","0"
"","Global","FUN_004120d0","004120d0","","Global","FUN_0040ecd0","0040ecd0","0"
"","Global","FUN_00412170","00412170","","Global","FUN_0040ed70","0040ed70","0"
"","Global","FUN_00412340","00412340","","Global","FUN_0040ef40","0040ef40","0"
"","Global","FUN_00412440","00412440","","Global","FUN_0040f040","0040f040","0"
"","Global","FUN_004124b0","004124b0","","Global","FUN_0040f0b0","0040f0b0","0"
"","Global","FUN_00412690","00412690","","Global","FUN_0040f290","0040f290","0"
"","Global","FUN_00412710","00412710","","Global","FUN_0040f310","0040f310","0"
"","Global","FUN_00412850","00412850","","Global","FUN_0040f450","0040f450","0"
"","Global","FUN_00412cf0","00412cf0","","Global","FUN_0040f8f0","0040f8f0","0"
"","Global","FUN_00412e00","00412e00","","Global","FUN_0040fa00","0040fa00","0"
"","Global","FUN_004131d0","004131d0","","Global","FUN_0040fdd0","0040fdd0","0"
"","Global","FUN_00413230","00413230","","Global","FUN_0040fe30","0040fe30","0"
"","Global","FUN_00413660","00413660","","Global","FUN_00410260","00410260","0"
"","Global","FUN_00413800","00413800","","Global","FUN_00410400","00410400","0"
"","Global","FUN_00413850","00413850","","Global","FUN_00410450","00410450","0"
"","Global","FUN_004138f0","004138f0","","Global","FUN_004104f0","004104f0","0"
"","Global","FUN_00413940","00413940","","Global","FUN_00410540","00410540","0"
"","Global","FUN_00413b50","00413b50","","Global","FUN_00410750","00410750","0"
"","Global","FUN_00413c40","00413c40","","Global","FUN_00410840","00410840","0"
"","Global","FUN_00413d40","00413d40","","Global","FUN_00410940","00410940","0"
"","Global","FUN_00414010","00414010","","Global","FUN_00410c10","00410c10","0"
"","Global","FUN_00414090","00414090","","Global","FUN_00410c90","00410c90","0"
"","Global","FUN_00414110","00414110","","Global","FUN_00410d10","00410d10","0"
"","Global","FUN_004141b0","004141b0","","Global","FUN_00410db0","00410db0","0"
"","Global","FUN_00414330","00414330","","Global","FUN_00410f30","00410f30","0"
"","Global","FUN_004146e0","004146e0","","Global","FUN_004112e0","004112e0","0"
"","Global","FUN_004147e0","004147e0","","Global","FUN_004113e0","004113e0","0"
"","Global","FUN_00414830","00414830","","Global","FUN_00411430","00411430","0"
"","Global","FUN_00415020","00415020","","Global","FUN_00411c20","00411c20","0"
"","Global","FUN_004150d0","004150d0","","Global","FUN_00411cd0","00411cd0","0"
"","Global","FUN_00415120","00415120","","Global","FUN_00411d20","00411d20","0"
"","Global","FUN_00415230","00415230","","Global","FUN_00411e30","00411e30","0"
"","Global","FUN_004152e0","004152e0","","Global","FUN_00411ee0","00411ee0","0"
"","Global","FUN_00415440","00415440","","Global","FUN_00412040","00412040","0"
"","Global","FUN_00415520","00415520","","Global","FUN_00412120","00412120","0"
"","Global","FUN_00415980","00415980","","Global","FUN_00412580","00412580","0"
"","Global","FUN_00415a20","00415a20","","Global","FUN_00412620","00412620","0"
"","Global","FUN_00415ca0","00415ca0","","Global","FUN_004128a0","004128a0","0"
"","Global","FUN_004167d0","004167d0","","Global","FUN_004133d0","004133d0","0"
"","Global","FUN_00416850","00416850","","Global","FUN_00413450","00413450","0"
"","Global","FUN_00416bb0","00416bb0","","Global","FUN_004137b0","004137b0","0"
"","Global","FUN_00416c40","00416c40","","Global","FUN_00413840","00413840","0"
"","Global","FUN_00416cd0","00416cd0","","Global","FUN_004138d0","004138d0","0"
"","Global","FUN_00416d40","00416d40","","Global","FUN_00413940","00413940","0"
"","Global","FUN_00416dc0","00416dc0","","Global","FUN_004139c0","004139c0","0"
"","Global","FUN_00417830","00417830","","Global","FUN_00414430","00414430","0"
"","Global","FUN_00417940","00417940","","Global","FUN_00414540","00414540","0"
"","Global","FUN_00417b20","00417b20","","Global","FUN_00414720","00414720","0"
"","Global","FUN_00417c00","00417c00","","Global","FUN_00414800","00414800","0"
"","Global","FUN_00417d60","00417d60","","Global","FUN_00414960","00414960","0"
"","Global","FUN_00417e20","00417e20","","Global","FUN_00414a20","00414a20","0"
"","Global","FUN_00417f60","00417f60","","Global","FUN_00414b60","00414b60","0"
"","Global","FUN_00418000","00418000","","Global","FUN_00414c00","00414c00","0"
"","Global","FUN_00418450","00418450","","Global","FUN_00415050","00415050","0"
"","Global","FUN_004184e0","004184e0","","Global","FUN_004150e0","004150e0","0"
"","Global","FUN_00418830","00418830","","Global","FUN_00415430","00415430","0"
"","Global","FUN_004188b0","004188b0","","Global","FUN_004154b0","004154b0","0"
"","Global","FUN_00418e10","00418e10","","Global","FUN_00415a10","00415a10","0"
"","Global","FUN_00418f50","00418f50","","Global","FUN_00415b50","00415b50","0"
"","Global","FUN_00419160","00419160","","Global","FUN_00415d60","00415d60","0"
"","Global","FUN_004195e0","004195e0","","Global","FUN_004161e0","004161e0","0"
"","Global","FUN_00419690","00419690","","Global","FUN_00416290","00416290","0"
"","Global","FUN_004196b0","004196b0","","Global","FUN_004162b0","004162b0","0"
"","Global","FUN_00419730","00419730","","Global","FUN_00416330","00416330","0"
"","Global","FUN_00419780","00419780","","Global","FUN_00416380","00416380","0"
"","Global","FUN_00419a30","00419a30","","Global","FUN_00416630","00416630","0"
"","Global","FUN_00419b30","00419b30","","Global","FUN_00416730","00416730","0"
"","Global","FUN_0041a060","0041a060","","Global","FUN_00416c60","00416c60","0"
"","Global","FUN_0041a140","0041a140","","Global","FUN_00416d40","00416d40","0"
"","Global","FUN_0041a250","0041a250","","Global","FUN_00416e50","00416e50","0"
"","Global","FUN_0041a2b0","0041a2b0","","Global","FUN_00416eb0","00416eb0","0"
"","Global","FUN_0041a4b0","0041a4b0","","Global","FUN_004170c0","004170c0","0"
"","Global","FUN_0041a520","0041a520","","Global","FUN_00417130","00417130","0"
"","Global","FUN_0041a590","0041a590","","Global","FUN_004171a0","004171a0","0"
"","Global","FUN_0041a880","0041a880","","Global","FUN_00417490","00417490","0"
"","Global","FUN_0041afe0","0041afe0","","Global","FUN_00417bf0","00417bf0","0"
"","Global","FUN_0041b2b0","0041b2b0","","Global","FUN_00417ec0","00417ec0","0"
"","Global","FUN_0041b320","0041b320","","Global","FUN_00417f30","00417f30","0"
"","Global","FUN_0041b4b0","0041b4b0","","Global","FUN_004180c0","004180c0","0"
"","Global","FUN_0041b540","0041b540","","Global","FUN_00418150","00418150","0"
"","Global","FUN_0041b660","0041b660","","Global","FUN_00418270","00418270","0"
"","Global","FUN_0041b750","0041b750","","Global","FUN_00418360","00418360","0"
"","Global","FUN_0041b790","0041b790","","Global","FUN_004183a0","004183a0","0"
"","Global","FUN_0041b8d0","0041b8d0","","Global","FUN_004184e0","004184e0","0"
"","Global","FUN_0041b9e0","0041b9e0","","Global","FUN_004185f0","004185f0","0"
"","Global","FUN_0041bac0","0041bac0","","Global","FUN_004186d0","004186d0","0"
"","Global","FUN_0041bce0","0041bce0","","Global","FUN_004188f0","004188f0","0"
"","Global","FUN_0041be10","0041be10","","Global","FUN_00418a20","00418a20","0"
"","Global","FUN_0041bf00","0041bf00","","Global","FUN_00418b10","00418b10","0"
"","Global","FUN_0041bf40","0041bf40","","Global","FUN_00418b50","00418b50","0"
"","Global","FUN_0041c030","0041c030","","Global","FUN_00418c40","00418c40","0"
"","Global","FUN_0041c0c0","0041c0c0","","Global","FUN_00418cd0","00418cd0","0"
"","Global","FUN_0041c1f0","0041c1f0","","Global","FUN_00418e00","00418e00","0"
"","Global","FUN_0041c2d0","0041c2d0","","Global","FUN_00418ee0","00418ee0","0"
"","Global","FUN_0041c3b0","0041c3b0","","Global","FUN_00418fc0","00418fc0","0"
"","Global","FUN_0041c430","0041c430","","Global","FUN_00419040","00419040","0"
"","Global","FUN_0041c4c0","0041c4c0","","Global","FUN_004190d0","004190d0","0"
"","Global","FUN_0041c4e0","0041c4e0","","Global","FUN_004190f0","004190f0","0"
"","Global","FUN_0041c640","0041c640","","Global","FUN_00419250","00419250","0"
"","Global","FUN_0041c7d0","0041c7d0","","Global","FUN_004193e0","004193e0","0"
"","Global","FUN_0041c870","0041c870","","Global","FUN_00419480","00419480","0"
"","Global","FUN_0041c950","0041c950","","Global","FUN_00419560","00419560","0"
"","Global","FUN_0041c990","0041c990","","Global","FUN_004195a0","004195a0","0"
"","Global","FUN_0041caf0","0041caf0","","Global","FUN_00419700","00419700","0"
"","Global","FUN_0041ce00","0041ce00","","Global","FUN_00419a10","00419a10","0"
"","Global","FUN_0041cf30","0041cf30","","Global","FUN_00419b40","00419b40","0"
"","Global","FUN_0041cfc0","0041cfc0","","Global","FUN_00419bd0","00419bd0","0"
"","Global","FUN_0041d070","0041d070","","Global","FUN_00419c80","00419c80","0"
"","Global","FUN_0041d1e0","0041d1e0","","Global","FUN_00419df0","00419df0","0"
"","Global","FUN_0041d3b0","0041d3b0","","Global","FUN_00419fc0","00419fc0","0"
"","Global","FUN_0041d3e0","0041d3e0","","Global","FUN_00419ff0","00419ff0","0"
"","Global","FUN_0041d4c0","0041d4c0","","Global","FUN_0041a0d0","0041a0d0","0"
"","Global","FUN_0041d640","0041d640","","Global","FUN_0041a250","0041a250","0"
"","Global","FUN_0041d980","0041d980","","Global","FUN_0041a590","0041a590","0"
"","Global","FUN_0041de90","0041de90","","Global","FUN_0041aaa0","0041aaa0","0"
"","Global","FUN_0041def0","0041def0","","Global","FUN_0041ab00","0041ab00","0"
"","Global","FUN_0041dfa0","0041dfa0","","Global","FUN_0041abb0","0041abb0","0"
"","Global","FUN_0041e070","0041e070","","Global","FUN_0041ac80","0041ac80","0"
"","Global","FUN_0041e0c0","0041e0c0","","Global","FUN_0041acd0","0041acd0","0"
"","Global","FUN_0041e260","0041e260","","Global","FUN_0041ae70","0041ae70","0"
"","Global","FUN_0041e440","0041e440","","Global","FUN_0041b050","0041b050","0"
"","Global","FUN_0041e470","0041e470","","Global","FUN_0041b080","0041b080","0"
"","Global","FUN_0041e610","0041e610","","Global","FUN_0041b220","0041b220","0"
"","Global","FUN_0041e6e0","0041e6e0","","Global","FUN_0041b2f0","0041b2f0","0"
"","Global","FUN_0041e710","0041e710","","Global","FUN_0041b320","0041b320","0"
"","Global","FUN_0041e850","0041e850","","Global","FUN_0041b460","0041b460","0"
"","Global","FUN_0041e980","0041e980","","Global","FUN_0041b590","0041b590","0"
"","Global","FUN_0041eab0","0041eab0","","Global","FUN_0041b6c0","0041b6c0","0"
"","Global","FUN_0041ec10","0041ec10","","Global","FUN_0041b820","0041b820","0"
"","Global","FUN_0041ed20","0041ed20","","Global","FUN_0041b930","0041b930","0"
"","Global","FUN_0041edc0","0041edc0","","Global","FUN_0041b9d0","0041b9d0","0"
"","Global","FUN_0041eea0","0041eea0","","Global","FUN_0041bab0","0041bab0","0"
"","Global","FUN_0041f120","0041f120","","Global","FUN_0041bd30","0041bd30","0"
"","Global","FUN_0041f3e0","0041f3e0","","Global","FUN_0041bff0","0041bff0","0"
"","Global","FUN_0041f410","0041f410","","Global","FUN_0041c020","0041c020","0"
"","Global","FUN_0041f480","0041f480","","Global","FUN_0041c090","0041c090","0"
"","Global","FUN_0041f990","0041f990","","Global","FUN_0041c5a0","0041c5a0","0"
"","Global","FUN_0041fa80","0041fa80","","Global","FUN_0041c690","0041c690","0"
"","Global","FUN_0041fbe0","0041fbe0","","Global","FUN_0041c7f0","0041c7f0","0"
"","Global","FUN_0041fc30","0041fc30","","Global","FUN_0041c840","0041c840","0"
"","Global","FUN_0041fcd0","0041fcd0","","Global","FUN_0041c8e0","0041c8e0","0"
"","Global","FUN_0041fd10","0041fd10","","Global","FUN_0041c920","0041c920","0"
"","Global","FUN_0041fd50","0041fd50","","Global","FUN_0041c960","0041c960","0"
"","Global","FUN_004200d0","004200d0","","Global","FUN_0041cce0","0041cce0","0"
"","Global","FUN_00420700","00420700","","Global","FUN_0041d310","0041d310","0"
"","Global","FUN_00420730","00420730","","Global","FUN_0041d340","0041d340","0"
"","Global","FUN_00420f70","00420f70","","Global","FUN_0041db80","0041db80","0"
"","Global","FUN_00421060","00421060","","Global","FUN_0041dc70","0041dc70","0"
"","Global","FUN_00421270","00421270","","Global","FUN_0041de80","0041de80","0"
"","Global","FUN_00421450","00421450","","Global","FUN_0041e060","0041e060","0"
"","Global","FUN_00421540","00421540","","Global","FUN_0041e150","0041e150","0"
"","Global","FUN_004215a0","004215a0","","Global","FUN_0041e1b0","0041e1b0","0"
"","Global","FUN_004215d0","004215d0","","Global","FUN_0041e1e0","0041e1e0","0"
"","Global","FUN_00421970","00421970","","Global","FUN_0041e580","0041e580","0"
"","Global","FUN_00421d80","00421d80","","Global","FUN_0041e990","0041e990","0"
"","Global","FUN_00421f80","00421f80","","Global","FUN_0041eb90","0041eb90","0"
"","Global","FUN_00421fe0","00421fe0","","Global","FUN_0041ebf0","0041ebf0","0"
"","Global","FUN_004220c0","004220c0","","Global","FUN_0041ecd0","0041ecd0","0"
"","Global","FUN_004222b0","004222b0","","Global","FUN_0041eec0","0041eec0","0"
"","Global","FUN_00422390","00422390","","Global","FUN_0041efa0","0041efa0","0"
"","Global","FUN_00422660","00422660","","Global","FUN_0041f270","0041f270","0"
"","Global","FUN_00422940","00422940","","Global","FUN_0041f550","0041f550","0"
"","Global","FUN_00422a80","00422a80","","Global","FUN_0041f690","0041f690","0"
"","Global","FUN_00422ab0","00422ab0","","Global","FUN_0041f6c0","0041f6c0","0"
"","Global","FUN_00422cb0","00422cb0","","Global","FUN_0041f8c0","0041f8c0","0"
"","Global","FUN_00422eb0","00422eb0","","Global","FUN_0041fac0","0041fac0","0"
"","Global","FUN_00422f40","00422f40","","Global","FUN_0041fb50","0041fb50","0"
"","Global","FUN_00423430","00423430","","Global","FUN_00420040","00420040","0"
"","Global","FUN_004236a0","004236a0","","Global","FUN_004202b0","004202b0","0"
"","Global","FUN_00423710","00423710","","Global","FUN_00420320","00420320","0"
"","Global","FUN_004237c0","004237c0","","Global","FUN_004203d0","004203d0","0"
"","Global","FUN_00423840","00423840","","Global","FUN_00420450","00420450","0"
"","Global","FUN_00423880","00423880","","Global","FUN_00420490","00420490","0"
"","Global","FUN_004238d0","004238d0","","Global","FUN_004204e0","004204e0","0"
"","Global","FUN_00424050","00424050","","Global","FUN_00420c60","00420c60","0"
"","Global","FUN_00424490","00424490","","Global","FUN_004210a0","004210a0","0"
"","Global","FUN_00424fa0","00424fa0","","Global","FUN_00421bb0","00421bb0","0"
"","Global","FUN_00425200","00425200","","Global","FUN_00421e10","00421e10","0"
"","Global","FUN_004252f0","004252f0","","Global","FUN_00421f00","00421f00","0"
"","Global","FUN_00425380","00425380","","Global","FUN_00421f90","00421f90","0"
"","Global","FUN_00425680","00425680","","Global","FUN_00422290","00422290","0"
"","Global","FUN_00425710","00425710","","Global","FUN_00422320","00422320","0"
"","Global","FUN_00425780","00425780","","Global","FUN_00422390","00422390","0"
"","Global","FUN_00425820","00425820","","Global","FUN_00422430","00422430","0"
"","Global","FUN_00425920","00425920","","Global","FUN_00422530","00422530","0"
"","Global","FUN_004259b0","004259b0","","Global","FUN_004225c0","004225c0","0"
"","Global","FUN_00425cd0","00425cd0","","Global","FUN_004228e0","004228e0","0"
"","Global","FUN_00425d20","00425d20","","Global","FUN_00422930","00422930","0"
"","Global","FUN_00425e10","00425e10","","Global","FUN_00422a20","00422a20","0"
"","Global","FUN_00426030","00426030","","Global","FUN_00422c40","00422c40","0"
"","Global","FUN_00426090","00426090","","Global","FUN_00422ca0","00422ca0","0"
"","Global","FUN_004262c0","004262c0","","Global","FUN_00422ed0","00422ed0","0"
"","Global","FUN_00426310","00426310","","Global","FUN_00422f30","00422f30","0"
"","Global","FUN_004264a0","004264a0","","Global","FUN_004230c0","004230c0","0"
"","Global","FUN_004264f0","004264f0","","Global","FUN_00423110","00423110","0"
"","Global","FUN_00426740","00426740","","Global","FUN_00423360","00423360","0"
"","Global","FUN_004268a0","004268a0","","Global","FUN_004234c0","004234c0","0"
"","Global","FUN_00426930","00426930","","Global","FUN_00423550","00423550","0"
"","Global","FUN_00426a30","00426a30","","Global","FUN_00423650","00423650","0"
"","Global","FUN_00426a80","00426a80","","Global","FUN_004236a0","004236a0","0"
"","Global","FUN_00426b00","00426b00","","Global","FUN_00423720","00423720","0"
"","Global","FUN_00426b80","00426b80","","Global","FUN_004237a0","004237a0","0"
"","Global","FUN_00426cc0","00426cc0","","Global","FUN_004238e0","004238e0","0"
"","Global","FUN_00427090","00427090","","Global","FUN_00423cb0","00423cb0","0"
"","Global","FUN_00427270","00427270","","Global","FUN_00423e90","00423e90","0"
"","Global","FUN_004275e0","004275e0","","Global","FUN_00424200","00424200","0"
"","Global","FUN_00427690","00427690","","Global","FUN_004242b0","004242b0","0"
"","Global","FUN_00427770","00427770","","Global","FUN_00424390","00424390","0"
"","Global","FUN_004277e0","004277e0","","Global","FUN_00424400","00424400","0"
"","Global","FUN_00427860","00427860","","Global","FUN_00424480","00424480","0"
"","Global","FUN_004278f0","004278f0","","Global","FUN_00424510","00424510","0"
"","Global","FUN_00427950","00427950","","Global","FUN_00424570","00424570","0"
"","Global","FUN_00427be0","00427be0","","Global","FUN_00424800","00424800","0"
"","Global","FUN_00427d40","00427d40","","Global","FUN_00424960","00424960","0"
"","Global","FUN_00427f00","00427f00","","Global","FUN_00424b20","00424b20","0"
"","Global","FUN_00427f90","00427f90","","Global","FUN_00424bb0","00424bb0","0"
"","Global","FUN_004282d0","004282d0","","Global","FUN_00424ef0","00424ef0","0"
"","Global","FUN_00428350","00428350","","Global","FUN_00424f70","00424f70","0"
"","Global","FUN_00428700","00428700","","Global","FUN_00425320","00425320","0"
"","Global","FUN_004289d0","004289d0","","Global","FUN_004255f0","004255f0","0"
"","Global","FUN_00428a00","00428a00","","Global","FUN_00425620","00425620","0"
"","Global","FUN_00428e90","00428e90","","Global","FUN_00425ab0","00425ab0","0"
"","Global","FUN_004291a0","004291a0","","Global","FUN_00425dc0","00425dc0","0"
"","Global","FUN_004291f0","004291f0","","Global","FUN_00425e10","00425e10","0"
"","Global","FUN_004294c0","004294c0","","Global","FUN_004260e0","004260e0","0"
"","Global","FUN_004294f0","004294f0","","Global","FUN_00426110","00426110","0"
"","Global","FUN_00429da0","00429da0","","Global","FUN_004269c0","004269c0","0"
"","Global","FUN_00429de0","00429de0","","Global","FUN_00426a00","00426a00","0"
"","Global","FUN_00429e10","00429e10","","Global","FUN_00426a30","00426a30","0"
"","Global","FUN_0042a550","0042a550","","Global","FUN_00427170","00427170","0"
"","Global","FUN_0042aca0","0042aca0","","Global","FUN_004278c0","004278c0","0"
"","Global","FUN_0042af10","0042af10","","Global","FUN_00427b30","00427b30","0"
"","Global","FUN_0042b500","0042b500","","Global","FUN_00428120","00428120","0"
"","Global","FUN_0042b620","0042b620","","Global","FUN_00428240","00428240","0"
"","Global","FUN_0042b760","0042b760","","Global","FUN_00428380","00428380","0"
"","Global","FUN_0042b7c0","0042b7c0","","Global","FUN_004283e0","004283e0","0"
"","Global","FUN_0042b850","0042b850","","Global","FUN_00428470","00428470","0"
"","Global","FUN_0042b8a0","0042b8a0","","Global","FUN_004284c0","004284c0","0"
"","Global","FUN_0042bfa0","0042bfa0","","Global","FUN_00428bc0","00428bc0","0"
"","Global","FUN_0042bfd0","0042bfd0","","Global","FUN_00428bf0","00428bf0","0"
"","Global","FUN_0042c130","0042c130","","Global","FUN_00428d50","00428d50","0"
"","Global","FUN_0042c300","0042c300","","Global","FUN_00428f20","00428f20","0"
"","Global","FUN_0042c740","0042c740","","Global","FUN_00429360","00429360","0"
"","Global","FUN_0042c880","0042c880","","Global","FUN_004294a0","004294a0","0"
"","Global","FUN_0042c920","0042c920","","Global","FUN_00429540","00429540","0"
"","Global","FUN_0042c9d0","0042c9d0","","Global","FUN_004295f0","004295f0","0"
"","Global","FUN_0042cb40","0042cb40","","Global","FUN_00429760","00429760","0"
"","Global","FUN_0042cd00","0042cd00","","Global","FUN_00429920","00429920","0"
"","Global","FUN_0042d050","0042d050","","Global","FUN_00429c70","00429c70","0"
"","Global","FUN_0042d080","0042d080","","Global","FUN_00429ca0","00429ca0","0"
"","Global","FUN_0042d200","0042d200","","Global","FUN_00429e20","00429e20","0"
"","Global","FUN_0042d370","0042d370","","Global","FUN_00429f90","00429f90","0"
"","Global","FUN_0042d410","0042d410","","Global","FUN_0042a030","0042a030","0"
"","Global","FUN_0042d470","0042d470","","Global","FUN_0042a090","0042a090","0"
"","Global","FUN_0042def0","0042def0","","Global","FUN_0042ab10","0042ab10","0"
"","Global","FUN_0042df70","0042df70","","Global","FUN_0042ab90","0042ab90","0"
"","Global","FUN_0042e080","0042e080","","Global","FUN_0042aca0","0042aca0","0"
"","Global","FUN_0042e0d0","0042e0d0","","Global","FUN_0042acf0","0042acf0","0"
"","Global","FUN_0042e160","0042e160","","Global","FUN_0042ad80","0042ad80","0"
"","Global","FUN_0042e200","0042e200","","Global","FUN_0042ae20","0042ae20","0"
"","Global","FUN_0042e350","0042e350","","Global","FUN_0042af70","0042af70","0"
"","Global","FUN_0042e480","0042e480","","Global","FUN_0042b0a0","0042b0a0","0"
"","Global","FUN_0042e5f0","0042e5f0","","Global","FUN_0042b210","0042b210","0"
"","Global","FUN_0042e840","0042e840","","Global","FUN_0042b460","0042b460","0"
"","Global","FUN_0042e900","0042e900","","Global","FUN_0042b520","0042b520","0"
"","Global","FUN_0042ea30","0042ea30","","Global","FUN_0042b650","0042b650","0"
"","Global","FUN_0042eb10","0042eb10","","Global","FUN_0042b730","0042b730","0"
"","Global","FUN_0042ec10","0042ec10","","Global","FUN_0042b830","0042b830","0"
"","Global","AsmEmuPrintVec","0042ee80","","Global","FUN_00b6b450","00b6b450","0"
"","Global","restoreVf00Register","0042ef00","","Global","FUN_0042ef70","0042ef70","0"
"","Global","setSSFlag","0042ef20","","Global","FUN_0042ef90","0042ef90","0"
"","Global","FUN_0042f0a0","0042f0a0","","Global","FUN_0043fa50","0043fa50","0"
"","Global","FUN_0042f1b0","0042f1b0","","Global","FUN_0042f210","0042f210","0"
"","Global","FUN_0042f1e0","0042f1e0","","Global","FUN_00441e80","00441e80","0"
"","Global","FUN_0042f230","0042f230","","Global","FUN_00441ed0","00441ed0","0"
"","Global","FUN_0042f270","0042f270","","Global","FUN_0042f240","0042f240","0"
"","Global","FUN_0042f350","0042f350","","Global","FUN_0042f2e0","0042f2e0","0"
"","Global","FUN_0042f590","0042f590","","Global","FUN_0042f450","0042f450","0"
"","Global","FUN_0042f5b0","0042f5b0","","Global","FUN_0042f470","0042f470","0"
"","Global","FUN_0042f830","0042f830","","Global","FUN_0042f640","0042f640","0"
"","Global","FUN_0042f850","0042f850","","Global","FUN_0042f660","0042f660","0"
"","Global","FUN_0042fa90","0042fa90","","Global","FUN_0042f880","0042f880","0"
"","Global","FUN_0042fae0","0042fae0","","Global","FUN_0042f8d0","0042f8d0","0"
"","Global","FUN_0042fbc0","0042fbc0","","Global","FUN_0087ec20","0087ec20","0"
"","Phyre","PhyreFree","0042fc00","","Global","FUN_0087ec60","0087ec60","0"
"","Phyre","PhyreMalloc","0042fc20","","Global","FUN_0087ec80","0087ec80","0"
"","Phyre","PhyreMalloc","0042fc60","","Global","FUN_0087ecc0","0087ecc0","0"
"","Global","FUN_0042fcb0","0042fcb0","","Global","FUN_0087ed10","0087ed10","0"
"","Global","FUN_0042fdb0","0042fdb0","","Global","FUN_0088cee0","0088cee0","0"
"","Global","FUN_0042fdf0","0042fdf0","","Global","FUN_0088cf20","0088cf20","0"
"","Global","FUN_0042fe60","0042fe60","","Global","FUN_0088cfa0","0088cfa0","0"
"","Global","FUN_0042ff00","0042ff00","","Global","FUN_0088d030","0088d030","0"
"","Global","FUN_00430070","00430070","","Global","FUN_0088d1a0","0088d1a0","0"
"","Global","FUN_004300f0","004300f0","","Global","FUN_0088d220","0088d220","0"
"","Global","FUN_00430140","00430140","","Global","FUN_0088d270","0088d270","0"
"","Global","FUN_00430170","00430170","","Global","FUN_0088d2a0","0088d2a0","0"
"","Global","FUN_004301a0","004301a0","","Global","FUN_0088d2d0","0088d2d0","0"
"","Global","FUN_004302a0","004302a0","","Global","FUN_0088d3d0","0088d3d0","0"
"","Global","FUN_00430300","00430300","","Global","FUN_0088d430","0088d430","0"
"","Global","FUN_00430370","00430370","","Global","FUN_0088d4a0","0088d4a0","0"
"","Phyre::PTypeDispenser","GetClassDescriptor<Phyre::PTimer>","00430430","","Global","FUN_008885b0","008885b0","0"
"","Global","FUN_004306c0","004306c0","","Global","FUN_00888840","00888840","0"
"","Global","FUN_00430940","00430940","","Global","FUN_00888ac0","00888ac0","0"
"","Global","FUN_00430970","00430970","","Global","FUN_00888af0","00888af0","0"
"","Phyre","PhyreExit","00430e50","","Global","FUN_00888fd0","00888fd0","0"
"","Phyre","PhyreInit","00430ed0","","Global","FUN_00889040","00889040","0"
"","Global","FUN_00431080","00431080","","Global","FUN_008891f0","008891f0","0"
"","Global","FUN_00431180","00431180","","Global","FUN_008892f0","008892f0","0"
"","Global","FUN_004313b0","004313b0","","Global","FUN_00889500","00889500","0"
"","Global","FUN_00431500","00431500","","Global","FUN_00889630","00889630","0"
"","Global","FUN_00431520","00431520","","Global","FUN_00439120","00439120","0"
"","Global","FUN_00431620","00431620","","Global","FUN_00889710","00889710","0"
"","Global","FUN_00431670","00431670","","Global","FUN_00919c40","00919c40","0"
"","Global","FUN_004316b0","004316b0","","Global","FUN_00919c80","00919c80","0"
"","Global","FUN_00431770","00431770","","Global","FUN_00919d40","00919d40","0"
"","Global","FUN_004317f0","004317f0","","Global","FUN_00919da0","00919da0","0"
"","Phyre::PCriticalSectionBase","initialize","004318f0","","Global","FUN_00919e70","00919e70","0"
"","Global","FUN_00431950","00431950","","Global","FUN_00919eb0","00919eb0","0"
"","Global","FUN_004319c0","004319c0","","Global","FUN_00919f20","00919f20","0"
"","Global","FUN_00431a50","00431a50","","Global","FUN_00919fa0","00919fa0","0"
"","Global","FUN_00431a80","00431a80","","Global","FUN_00919fc0","00919fc0","0"
"","Global","FUN_00431ad0","00431ad0","","Global","FUN_0091a010","0091a010","0"
"","Global","FUN_00431b10","00431b10","","Global","FUN_0091a050","0091a050","0"
"","Phyre::PCriticalSectionSimple","unlock","00431b80","","Global","FUN_0091a0c0","0091a0c0","0"
"","Global","FUN_00431bc0","00431bc0","","Global","FUN_00889760","00889760","0"
"","Global","FUN_00431cf0","00431cf0","","Global","FUN_00889860","00889860","0"
"","Global","FUN_00431da0","00431da0","","Global","FUN_00889910","00889910","0"
"","Global","FUN_00431e50","00431e50","","Global","FUN_008899c0","008899c0","0"
"","Global","FUN_00431fd0","00431fd0","","Global","FUN_00889b30","00889b30","0"
"","Global","FUN_004320f0","004320f0","","Global","FUN_00889c30","00889c30","0"
"","Global","FUN_00432130","00432130","","Global","FUN_00889c70","00889c70","0"
"","Global","FUN_004321e0","004321e0","","Global","FUN_00889d00","00889d00","0"
"","Global","FUN_00432250","00432250","","Global","FUN_00889d70","00889d70","0"
"","Global","FUN_004323c0","004323c0","","Global","FUN_00889ee0","00889ee0","0"
"","Global","FUN_00432530","00432530","","Global","FUN_0088a050","0088a050","0"
"","Phyre::PRendering::PUtilityRendering","initialize","00432920","","Global","FUN_0088a440","0088a440","0"
"","Global","FUN_00432bc0","00432bc0","","Global","FUN_0088a6e0","0088a6e0","0"
"","Global","FUN_00432e70","00432e70","","Global","FUN_0088a940","0088a940","0"
"","Global","FUN_00432f90","00432f90","","Global","FUN_0088aa60","0088aa60","0"
"","Global","FUN_00433120","00433120","","Global","FUN_0088ab70","0088ab70","0"
"","Global","FUN_00433350","00433350","","Global","FUN_0088ada0","0088ada0","0"
"","Global","FUN_004336b0","004336b0","","Global","FUN_0088b100","0088b100","0"
"","Global","FUN_00433800","00433800","","Global","FUN_0045bb20","0045bb20","0"
"","Global","FUN_004338d0","004338d0","","Global","FUN_004327b0","004327b0","0"
"","Global","FUN_00433970","00433970","","Global","FUN_0088b1b0","0088b1b0","0"
"","Global","FUN_00433bf0","00433bf0","","Global","FUN_0045cdb0","0045cdb0","0"
"","Global","FUN_00433ed0","00433ed0","","Global","FUN_0088b210","0088b210","0"
"","Global","FUN_00434210","00434210","","Global","FUN_00434200","00434200","0"
"","Global","FUN_00434310","00434310","","Global","FUN_00434800","00434800","0"
"","Global","FUN_00434460","00434460","","Global","FUN_0045ea60","0045ea60","0"
"","Global","FUN_00434530","00434530","","Global","FUN_00434d30","00434d30","0"
"","Global","FUN_00434640","00434640","","Global","FUN_0088b2f0","0088b2f0","0"
"","Global","FUN_00434c60","00434c60","","Global","FUN_004b6e60","004b6e60","0"
"","Global","FUN_00434ce0","00434ce0","","Global","FUN_0088b570","0088b570","0"
"","Global","FUN_00434d10","00434d10","","Global","FUN_004386d0","004386d0","0"
"","Global","FUN_00434eb0","00434eb0","","Global","FUN_00439ad0","00439ad0","0"
"","Global","FUN_00435190","00435190","","Global","FUN_0088b680","0088b680","0"
"","Global","FUN_00435260","00435260","","Global","FUN_0088cad0","0088cad0","0"
"","Global","FUN_004352f0","004352f0","","Global","FUN_0088cb60","0088cb60","0"
"","Global","FUN_00435350","00435350","","Global","FUN_0088cbc0","0088cbc0","0"
"","Global","FUN_00435370","00435370","","Global","FUN_0088cbe0","0088cbe0","0"
"","Phyre","PhyrePrintf","004353f0","","Global","FUN_0088cc60","0088cc60","0"
"","Global","FUN_00435490","00435490","","Global","FUN_0088cd00","0088cd00","0"
"","Global","FUN_00435540","00435540","","Global","FUN_0088cdb0","0088cdb0","0"
"","Global","FUN_004355f0","004355f0","","Global","FUN_0088ce60","0088ce60","0"
"","Phyre::PBase","Bind","00435710","","Global","FUN_009724d0","009724d0","0"
"","Global","FUN_00435a40","00435a40","","Global","FUN_00935e40","00935e40","0"
"","Global","FUN_00435b50","00435b50","","Global","FUN_00935ed0","00935ed0","0"
"","Global","FUN_00435da0","00435da0","","Global","FUN_00936110","00936110","0"
"","Global","FUN_004362d0","004362d0","","Global","FUN_00936570","00936570","0"
"","Global","FUN_00436340","00436340","","Global","FUN_009365e0","009365e0","0"
"","Global","FUN_004363b0","004363b0","","Global","FUN_00936650","00936650","0"
"","Global","FUN_004364b0","004364b0","","Global","FUN_00936750","00936750","0"
"","Global","FUN_00436530","00436530","","Global","FUN_009367b0","009367b0","0"
"","Global","FUN_00436850","00436850","","Global","FUN_00936ad0","00936ad0","0"
"","Global","FUN_004368b0","004368b0","","Global","FUN_00936b30","00936b30","0"
"","Global","FUN_00436900","00436900","","Global","FUN_00936b80","00936b80","0"
"","Global","FUN_00436960","00436960","","Global","FUN_00936be0","00936be0","0"
"","Global","FUN_00436ba0","00436ba0","","Global","FUN_00936e20","00936e20","0"
"","Global","FUN_00436c90","00436c90","","Global","FUN_00936f10","00936f10","0"
"","Global","FUN_00436d80","00436d80","","Global","FUN_00937000","00937000","0"
"","Global","FUN_00436f20","00436f20","","Global","FUN_009371a0","009371a0","0"
"","Global","FUN_00436fd0","00436fd0","","Global","FUN_00937250","00937250","0"
"","Global","FUN_00437020","00437020","","Global","FUN_009372a0","009372a0","0"
"","Global","FUN_00437070","00437070","","Global","FUN_009372f0","009372f0","0"
"","Global","FUN_00437090","00437090","","Global","FUN_00937310","00937310","0"
"","Global","FUN_00437380","00437380","","Global","FUN_00937600","00937600","0"
"","Global","FUN_00437570","00437570","","Global","FUN_009377b0","009377b0","0"
"","Global","FUN_004377b0","004377b0","","Global","FUN_009379b0","009379b0","0"
"","Phyre::PType","GetFixupForPTypePointer","00437840","","Global","FUN_00937a00","00937a00","0"
"","Global","FUN_00437890","00437890","","Global","FUN_00937a50","00937a50","0"
"","Global","FUN_004378d0","004378d0","","Global","FUN_008d9b70","008d9b70","0"
"","Global","FUN_00437990","00437990","","Global","FUN_00430560","00430560","0"
"","Global","FUN_00437ae0","00437ae0","","Global","FUN_00937be0","00937be0","0"
"","Global","FUN_00437c60","00437c60","","Global","FUN_0092bfd0","0092bfd0","0"
"","Global","FUN_00437c90","00437c90","","Global","FUN_00937d30","00937d30","0"
"","Global","FUN_00437cc0","00437cc0","","Global","FUN_00937d60","00937d60","0"
"","Global","FUN_00437d60","00437d60","","Global","FUN_00937e00","00937e00","0"
"","Global","FUN_00438560","00438560","","Global","FUN_009385f0","009385f0","0"
"","Global","FUN_00438580","00438580","","Global","FUN_00938610","00938610","0"
"","Global","FUN_004385a0","004385a0","","Global","FUN_00938630","00938630","0"
"","Global","FUN_004385e0","004385e0","","Global","FUN_0088da50","0088da50","0"
"","Global","FUN_00438620","00438620","","Global","FUN_00938670","00938670","0"
"","Global","FUN_00438660","00438660","","Global","FUN_009386b0","009386b0","0"
"","Global","FUN_00438690","00438690","","Global","FUN_009386e0","009386e0","0"
"","Global","FUN_00438870","00438870","","Global","FUN_009388c0","009388c0","0"
"","Global","FUN_00438d50","00438d50","","Global","FUN_00938d50","00938d50","0"
"","Global","FUN_00438db0","00438db0","","Global","FUN_0088e380","0088e380","0"
"","Global","FUN_004391a0","004391a0","","Global","FUN_009390b0","009390b0","0"
"","Global","FUN_00439200","00439200","","Global","FUN_00939110","00939110","0"
"","Global","FUN_004392b0","004392b0","","Global","FUN_009391c0","009391c0","0"
"","Global","FUN_004392f0","004392f0","","Global","FUN_00939200","00939200","0"
"","Global","FUN_00439320","00439320","","Global","FUN_00939230","00939230","0"
"","Global","FUN_004393b0","004393b0","","Global","FUN_009392c0","009392c0","0"
"","Phyre::PTypeDispenser","RegisterDefaultTypes","00439600","","Global","FUN_00939510","00939510","0"
"","Phyre::PTypeDispenser","RegisterType","004396a0","","Global","FUN_009395b0","009395b0","0"
"","Global","FUN_00439880","00439880","","Global","FUN_00939730","00939730","0"
"","Global","FUN_004398b0","004398b0","","Global","FUN_00939760","00939760","0"
"","Global","FUN_004398e0","004398e0","","Global","FUN_00939790","00939790","0"
"","Global","FUN_004399b0","004399b0","","Global","FUN_00939860","00939860","0"
"","Global","FUN_004399e0","004399e0","","Global","FUN_00430650","00430650","0"
"","Global","FUN_00439a00","00439a00","","Global","FUN_00939890","00939890","0"
"","Global","FUN_00439a60","00439a60","","Global","FUN_009398f0","009398f0","0"
"","Global","FUN_00439a90","00439a90","","Global","FUN_00939920","00939920","0"
"","Global","FUN_00439b20","00439b20","","Global","FUN_00939980","00939980","0"
"","Global","FUN_00439b50","00439b50","","Global","FUN_009399b0","009399b0","0"
"","Global","FUN_00439c40","00439c40","","Global","FUN_00430930","00430930","0"
"","Global","FUN_00439c70","00439c70","","Global","FUN_00430960","00430960","0"
"","Global","FUN_00439c90","00439c90","","Global","FUN_00430980","00430980","0"
"","Global","FUN_00439ce0","00439ce0","","Global","FUN_00939ac0","00939ac0","0"
"","Global","FUN_00439d10","00439d10","","Global","FUN_00939af0","00939af0","0"
"","Global","FUN_00439d30","00439d30","","Global","FUN_00939b10","00939b10","0"
"","Global","FUN_00439d70","00439d70","","Global","FUN_00890c60","00890c60","0"
"","Global","FUN_00439db0","00439db0","","Global","FUN_00939b50","00939b50","0"
"","Global","FUN_00439df0","00439df0","","Global","FUN_00939b90","00939b90","0"
"","Global","FUN_00439e20","00439e20","","Global","FUN_00939bc0","00939bc0","0"
"","Phyre::PClassMember","PClassMember","0043a170","","Global","FUN_00972880","00972880","0"
"","Global","FUN_0043a2a0","0043a2a0","","Global","FUN_009729b0","009729b0","0"
"","Global","FUN_0043a640","0043a640","","Global","FUN_00972d20","00972d20","0"
"","Global","FUN_0043a890","0043a890","","Global","FUN_00939d00","00939d00","0"
"","Global","FUN_0043aad0","0043aad0","","Global","FUN_00939ee0","00939ee0","0"
"","Global","FUN_0043aba0","0043aba0","","Global","FUN_00939f10","00939f10","0"
"","Global","FUN_0043aca0","0043aca0","","Global","FUN_00939fc0","00939fc0","0"
"","Global","FUN_0043aea0","0043aea0","","Global","FUN_0093a190","0093a190","0"
"","Phyre::PClassDescriptor","PClassDescriptor","0043b0a0","","Global","FUN_0093a330","0093a330","0"
"","Phyre::PClassDescriptor","PClassDescriptor","0043b190","","Global","FUN_0093a420","0093a420","0"
"","Global","FUN_0043b280","0043b280","","Global","FUN_0093a510","0093a510","0"
"","Global","FUN_0043b300","0043b300","","Global","FUN_0093a590","0093a590","0"
"","Global","FUN_0043b340","0043b340","","Global","FUN_0093a5d0","0093a5d0","0"
"","Global","FUN_0043b370","0043b370","","Global","FUN_0093a600","0093a600","0"
"","Global","FUN_0043b4b0","0043b4b0","","Global","FUN_0088e460","0088e460","0"
"","Global","FUN_0043b4d0","0043b4d0","","Global","FUN_0093a700","0093a700","0"
"","Phyre::PClassDescriptor","Bind","0043b9a0","","Global","FUN_0093ab70","0093ab70","0"
"","Global","FUN_0043bac0","0043bac0","","Global","FUN_0093ac90","0093ac90","0"
"","Global","FUN_0043bd00","0043bd00","","Global","FUN_0093adf0","0093adf0","0"
"","Global","FUN_0043bef0","0043bef0","","Global","FUN_0093af60","0093af60","0"
"","Phyre::PClassDescriptor","SortClassDescriptors","0043bf60","","Global","FUN_0093afd0","0093afd0","0"
"","Global","FUN_0043c100","0043c100","","Global","FUN_0093b170","0093b170","0"
"","Global","FUN_0043c190","0043c190","","Global","FUN_0093b200","0093b200","0"
"","Global","FUN_0043c200","0043c200","","Global","FUN_0088f6f0","0088f6f0","0"
"","Phyre::PClassDescriptor","addToNamespace","0043c230","","Global","FUN_0093b270","0093b270","0"
"","Global","FUN_0043c250","0043c250","","Global","FUN_0093b290","0093b290","0"
"","Global","FUN_0043c340","0043c340","","Global","FUN_0093b380","0093b380","0"
"","Global","FUN_0043c390","0043c390","","Global","FUN_0093b3d0","0093b3d0","0"
"","Phyre::PClassDescriptor","calculateDefaultBuffer","0043c510","","Global","FUN_0093b550","0093b550","0"
"","Phyre::PClassDescriptor","calculateValidationBuffer","0043c720","","Global","FUN_0093b760","0093b760","0"
"","Global","FUN_0043cad0","0043cad0","","Global","FUN_0093bb10","0093bb10","0"
"","Global","FUN_0043cb40","0043cb40","","Global","FUN_0093bb80","0093bb80","0"
"","Global","FUN_0043cca0","0043cca0","","Global","FUN_0093bcb0","0093bcb0","0"
"","Global","FUN_0043cd80","0043cd80","","Global","FUN_0093bd60","0093bd60","0"
"","Global","FUN_0043ce20","0043ce20","","Global","FUN_0093bde0","0093bde0","0"
"","Phyre::PClassDescriptor","initializeInstance","0043cef0","","Global","FUN_0093beb0","0093beb0","0"
"","Global","FUN_0043d0a0","0043d0a0","","Global","FUN_0093c060","0093c060","0"
"","Global","FUN_0043d0c0","0043d0c0","","Global","FUN_0093c080","0093c080","0"
"","Global","FUN_0043d230","0043d230","","Global","FUN_0093c1f0","0093c1f0","0"
"","Global","FUN_0043d320","0043d320","","Global","FUN_0093c2e0","0093c2e0","0"
"","Global","FUN_0043d460","0043d460","","Global","FUN_0093c420","0093c420","0"
"","Global","FUN_0043d510","0043d510","","Global","FUN_0093c4d0","0093c4d0","0"
"","Global","FUN_0043d5b0","0043d5b0","","Global","FUN_0093c570","0093c570","0"
"","Global","FUN_0043d610","0043d610","","Global","FUN_0093c5c0","0093c5c0","0"
"","Global","FUN_0043d6c0","0043d6c0","","Global","FUN_0093c670","0093c670","0"
"","Global","FUN_0043d740","0043d740","","Global","FUN_0093c6f0","0093c6f0","0"
"","Global","FUN_0043d790","0043d790","","Global","FUN_0093c740","0093c740","0"
"","Phyre::PClassDescriptor","updateBaseOffsets","0043d7d0","","Global","FUN_0093c780","0093c780","0"
"","Phyre::PNamespace","PNamespace","0043de70","","Global","FUN_0093cd00","0093cd00","0"
"","Global","FUN_0043ded0","0043ded0","","Global","FUN_0093cd60","0093cd60","0"
"","Phyre::PNamespace","Bind","0043e0f0","","Global","FUN_0093cf80","0093cf80","0"
"","Phyre::PNamespace","GetGlobalNamespace","0043e3e0","","Global","FUN_0093d250","0093d250","0"
"","Phyre::PNamespace","InitializeGlobalClassDescriptors","0043e530","","Global","FUN_0093d350","0093d350","0"
"","Global","FUN_0043e700","0043e700","","Global","FUN_0093d4b0","0093d4b0","0"
"","Phyre::PNamespace","add","0043e750","","Global","FUN_0093d500","0093d500","0"
"","Global","FUN_0043e850","0043e850","","Global","FUN_0093d600","0093d600","0"
"","Global","FUN_0043e880","0043e880","","Global","FUN_0093d630","0093d630","0"
"","Global","FUN_0043e930","0043e930","","Global","FUN_0093d6e0","0093d6e0","0"
"","Global","FUN_0043ed30","0043ed30","","Global","FUN_0093dae0","0093dae0","0"
"","Global","FUN_0043f330","0043f330","","Global","FUN_0088dad0","0088dad0","0"
"","Global","FUN_0043f3d0","0043f3d0","","Global","FUN_0088db70","0088db70","0"
"","Global","FUN_0043f410","0043f410","","Global","FUN_0088dbb0","0088dbb0","0"
"","Global","FUN_0043f440","0043f440","","Global","FUN_0088dbe0","0088dbe0","0"
"","Global","FUN_0043f4b0","0043f4b0","","Global","FUN_0088dd00","0088dd00","0"
"","Global","FUN_0043f8f0","0043f8f0","","Global","FUN_00432490","00432490","0"
"","Phyre::PCluster","PCluster","0043f910","","Global","FUN_0088e250","0088e250","0"
"","Phyre::PCluster","~PCluster","0043fb20","","Global","FUN_0088e480","0088e480","0"
"","Global","FUN_0043fb90","0043fb90","","Global","FUN_0088e4f0","0088e4f0","0"
"","Phyre::PCluster","Bind","004400b0","","Global","FUN_0088e940","0088e940","0"
"","Phyre::PCluster","LoadAssetFile","00440790","","Global","FUN_0088f280","0088f280","0"
"","Phyre::PCluster","LoadAssetFile","004408b0","","Global","FUN_0088f3a0","0088f3a0","0"
"","Global","FUN_00440ab0","00440ab0","","Global","FUN_0088f5d0","0088f5d0","0"
"","Global","FUN_00440bd0","00440bd0","","Global","FUN_004303f0","004303f0","0"
"","Global","FUN_00440bf0","00440bf0","","Global","FUN_0088f720","0088f720","0"
"","Phyre::PCluster","allocateInstanceList","00440c40","","Global","FUN_0088f770","0088f770","0"
"","Phyre::PCluster","allocateInstanceListForSize","00440c70","","Global","FUN_0088f7a0","0088f7a0","0"
"","Global","FUN_00440dc0","00440dc0","","Global","FUN_0088f8f0","0088f8f0","0"
"","Global","FUN_00440e10","00440e10","","Global","FUN_0088f940","0088f940","0"
"","Phyre::PClusterBase","clear","00440f80","","Global","FUN_0088fab0","0088fab0","0"
"","Phyre::PCluster","create","004410e0","","Global","FUN_0088fc10","0088fc10","0"
"","Global","FUN_00441160","00441160","","Global","FUN_0088fc90","0088fc90","0"
"","Global","FUN_004411f0","004411f0","","Global","FUN_0088fd20","0088fd20","0"
"","Global","FUN_00441250","00441250","","Global","FUN_0088fd80","0088fd80","0"
"","Phyre::PCluster","deleteObject","00441310","","Global","FUN_0088fe40","0088fe40","0"
"","Global","FUN_00441450","00441450","","Global","FUN_0088ff80","0088ff80","0"
"","Global","FUN_00441470","00441470","","Global","FUN_0088ffa0","0088ffa0","0"
"","Global","FUN_00441670","00441670","","Global","FUN_008901a0","008901a0","0"
"","Phyre::PCluster","fixupInstances","004416f0","","Global","FUN_00890220","00890220","0"
"","Global","FUN_00441e90","00441e90","","Global","FUN_00438bd0","00438bd0","0"
"","Phyre::PCluster","resolveAssetReferences","00441ff0","","Global","FUN_00890a90","00890a90","0"
"","Global","FUN_004420e0","004420e0","","Global","FUN_00890b90","00890b90","0"
"","Global","FUN_00442230","00442230","","Global","FUN_00890d20","00890d20","0"
"","Global","FUN_00442290","00442290","","Global","FUN_00890d80","00890d80","0"
"","Global","FUN_00442440","00442440","","Global","FUN_00916ac0","00916ac0","0"
"","Global","FUN_00442ab0","00442ab0","","Global","FUN_00917000","00917000","0"
"","Global","FUN_00442b50","00442b50","","Global","FUN_009170a0","009170a0","0"
"","Global","FUN_00442ff0","00442ff0","","Global","FUN_009174b0","009174b0","0"
"","Global","FUN_00443220","00443220","","Global","FUN_009176c0","009176c0","0"
"","Phyre::PWorld","addCluster","00443320","","Global","FUN_009177c0","009177c0","0"
"","Phyre::PWorld","addInstanceList","004433f0","","Global","FUN_00917890","00917890","0"
"","Global","FUN_004434d0","004434d0","","Global","FUN_00917970","00917970","0"
"","Global","FUN_00443620","00443620","","Global","FUN_00917ab0","00917ab0","0"
"","Global","FUN_00443770","00443770","","Global","FUN_00917c00","00917c00","0"
"","Global","FUN_004437a0","004437a0","","Global","FUN_00917c30","00917c30","0"
"","Global","FUN_00443b10","00443b10","","Global","FUN_00917f40","00917f40","0"
"","Phyre::PWorld","removeCluster","00443c40","","Global","FUN_00918070","00918070","0"
"","Phyre::PWorld","removeInstanceList","00443cf0","","Global","FUN_00918120","00918120","0"
"","Global","FUN_00443eb0","00443eb0","","Global","FUN_009182e0","009182e0","0"
"","Global","FUN_00443f60","00443f60","","Global","FUN_00918390","00918390","0"
"","Global","FUN_00443fc0","00443fc0","","Global","FUN_0090cbd0","0090cbd0","0"
"","Global","FUN_00444050","00444050","","Global","FUN_00918420","00918420","0"
"","Global","FUN_00444240","00444240","","Global","FUN_00972f50","00972f50","0"
"","Global","FUN_004445a0","004445a0","","Global","FUN_009732b0","009732b0","0"
"","Global","FUN_00444830","00444830","","Global","FUN_00973540","00973540","0"
"","Global","FUN_00444950","00444950","","Global","FUN_00973660","00973660","0"
"","Global","FUN_00444a20","00444a20","","Global","FUN_0094a510","0094a510","0"
"","Global","FUN_00444ab0","00444ab0","","Global","FUN_0094a5a0","0094a5a0","0"
"","Global","FUN_00444bb0","00444bb0","","Global","FUN_0094a670","0094a670","0"
"","Global","FUN_00444c00","00444c00","","Global","FUN_0094a6c0","0094a6c0","0"
"","Global","FUN_00444c60","00444c60","","Global","FUN_0094a720","0094a720","0"
"","Global","FUN_00444cc0","00444cc0","","Global","FUN_0094a780","0094a780","0"
"","Global","FUN_00444db0","00444db0","","Global","FUN_0094a850","0094a850","0"
"","Global","FUN_00444e50","00444e50","","Global","FUN_0094a8f0","0094a8f0","0"
"","Global","FUN_00445450","00445450","","Global","FUN_0045d310","0045d310","0"
"","Phyre::PString","Bind","00445570","","Global","FUN_00973bb0","00973bb0","0"
"","Global","FUN_00445a40","00445a40","","Global","FUN_008939b0","008939b0","0"
"","Global","FUN_00445c60","00445c60","","Global","FUN_009741f0","009741f0","0"
"","Global","FUN_00445d30","00445d30","","Global","FUN_004821a0","004821a0","0"
"","Global","FUN_00445d90","00445d90","","Global","FUN_00483550","00483550","0"
"","Global","FUN_00445dc0","00445dc0","","Global","FUN_00483580","00483580","0"
"","Global","FUN_004462b0","004462b0","","Global","FUN_00974700","00974700","0"
"","Global","FUN_004463c0","004463c0","","Global","FUN_00974810","00974810","0"
"","Global","FUN_004464d0","004464d0","","Global","FUN_00974910","00974910","0"
"","Phyre::PClassDataMemberDynamic","Bind","00446560","","Global","FUN_009749a0","009749a0","0"
"","Global","FUN_00446690","00446690","","Global","FUN_00974ad0","00974ad0","0"
"","Global","FUN_00446720","00446720","","Global","FUN_00974b60","00974b60","0"
"","Global","FUN_00446940","00446940","","Global","FUN_00974d60","00974d60","0"
"","Global","FUN_00447410","00447410","","Global","FUN_00891dd0","00891dd0","0"
"","Global","FUN_00447760","00447760","","Global","FUN_00975640","00975640","0"
"","Global","FUN_00447950","00447950","","Global","FUN_009757a0","009757a0","0"
"","Phyre::PClassDescriptorDynamic","Bind","00447e70","","Global","FUN_00975a00","00975a00","0"
"","Global","FUN_00448350","00448350","","Global","FUN_00975ee0","00975ee0","0"
"","Global","FUN_004483b0","004483b0","","Global","FUN_00975f40","00975f40","0"
"","Global","FUN_00448470","00448470","","Global","FUN_00976000","00976000","0"
"","Global","FUN_00448750","00448750","","Global","FUN_009760b0","009760b0","0"
"","Global","FUN_00449180","00449180","","Global","FUN_009763b0","009763b0","0"
"","Global","FUN_004491f0","004491f0","","Global","FUN_00976420","00976420","0"
"","Global","FUN_00449330","00449330","","Global","FUN_00976560","00976560","0"
"","Global","FUN_00449410","00449410","","Global","FUN_00435fd0","00435fd0","0"
"","Global","FUN_00449460","00449460","","Global","FUN_00976650","00976650","0"
"","Global","FUN_00449480","00449480","","Global","FUN_00976670","00976670","0"
"","Global","FUN_00449500","00449500","","Global","FUN_009766d0","009766d0","0"
"","Global","FUN_00449560","00449560","","Global","FUN_00976730","00976730","0"
"","Global","FUN_00449580","00449580","","Global","FUN_00976750","00976750","0"
"","Global","FUN_00449690","00449690","","Global","FUN_00976820","00976820","0"
"","Global","FUN_00449920","00449920","","Global","FUN_00976960","00976960","0"
"","Global","FUN_004499d0","004499d0","","Global","FUN_009769c0","009769c0","0"
"","Global","FUN_00449a40","00449a40","","Global","FUN_00976a30","00976a30","0"
"","Global","FUN_00449ba0","00449ba0","","Global","FUN_00976b50","00976b50","0"
"","Global","FUN_00449c30","00449c30","","Global","FUN_00976bc0","00976bc0","0"
"","Global","FUN_00449c70","00449c70","","Global","FUN_00976c00","00976c00","0"
"","Global","FUN_00449d60","00449d60","","Global","FUN_00976cf0","00976cf0","0"
"","Global","FUN_00449e30","00449e30","","Global","FUN_00976dc0","00976dc0","0"
"","Global","FUN_00449f20","00449f20","","Global","FUN_00976eb0","00976eb0","0"
"","Global","FUN_0044a000","0044a000","","Global","FUN_00976f90","00976f90","0"
"","Global","FUN_0044a210","0044a210","","Global","FUN_00977090","00977090","0"
"","Global","FUN_0044a280","0044a280","","Global","FUN_00977100","00977100","0"
"","Global","FUN_0044a530","0044a530","","Global","FUN_009771f0","009771f0","0"
"","Global","FUN_0044a550","0044a550","","Global","FUN_00505d60","00505d60","0"
"","Global","FUN_0044aef0","0044aef0","","Global","FUN_0045bbd0","0045bbd0","0"
"","Global","FUN_0044afe0","0044afe0","","Global","FUN_00977b70","00977b70","0"
"","Global","FUN_0044c070","0044c070","","Global","FUN_00978be0","00978be0","0"
"","Global","FUN_0044c105","0044c105","","Global","FUN_00978c75","00978c75","0"
"","Global","FUN_0044c190","0044c190","","Global","FUN_00978d00","00978d00","0"
"","Global","FUN_0044c2c0","0044c2c0","","Global","FUN_00978e30","00978e30","0"
"","Global","FUN_0044c300","0044c300","","Global","FUN_00978e70","00978e70","0"
"","Global","FUN_0044c750","0044c750","","Global","FUN_009792c0","009792c0","0"
"","Global","FUN_0044c870","0044c870","","Global","FUN_009793e0","009793e0","0"
"","Global","FUN_0044c960","0044c960","","Global","FUN_009794d0","009794d0","0"
"","Global","FUN_0044c9c0","0044c9c0","","Global","FUN_00979530","00979530","0"
"","Global","FUN_0044ca40","0044ca40","","Global","FUN_009795b0","009795b0","0"
"","Global","FUN_0044cc10","0044cc10","","Global","FUN_00979780","00979780","0"
"","Phyre::PThreadPool","PThreadPool","0044ccc0","","Global","FUN_00961b30","00961b30","0"
"","Global","FUN_0044cd00","0044cd00","","Global","FUN_00961b70","00961b70","0"
"","Global","FUN_0044cd60","0044cd60","","Global","FUN_00961bc0","00961bc0","0"
"","Phyre::PThreadPool","GetSingleton","0044ce10","","Global","FUN_00961c70","00961c70","0"
"","Global","FUN_0044cf10","0044cf10","","Global","FUN_00961d70","00961d70","0"
"","Global","FUN_0044cf50","0044cf50","","Global","FUN_00961d80","00961d80","0"
"","Global","FUN_0044d150","0044d150","","Global","FUN_00961f80","00961f80","0"
"","Global","FUN_0044d780","0044d780","","Global","FUN_00979d70","00979d70","0"
"","Global","FUN_0044d7a0","0044d7a0","","Global","FUN_00979d90","00979d90","0"
"","Global","FUN_0044d810","0044d810","","Global","FUN_00979e00","00979e00","0"
"","Global","FUN_0044d930","0044d930","","Global","FUN_00979f20","00979f20","0"
"","Phyre::PComponent","Bind","0044d960","","Global","FUN_00979f50","00979f50","0"
"","Global","FUN_0044dbf0","0044dbf0","","Global","FUN_0097a1e0","0097a1e0","0"
"","Global","FUN_0044e0d0","0044e0d0","","Global","FUN_0097a6c0","0097a6c0","0"
"","Global","FUN_0044e130","0044e130","","Global","FUN_0097a720","0097a720","0"
"","Global","FUN_0044e150","0044e150","","Global","FUN_0097a740","0097a740","0"
"","Global","FUN_0044e400","0044e400","","Global","FUN_0097a9f0","0097a9f0","0"
"","Global","FUN_0044e600","0044e600","","Global","FUN_0097abe0","0097abe0","0"
"","Global","FUN_0044eac0","0044eac0","","Global","FUN_0097afa0","0097afa0","0"
"","Global","FUN_0044ec70","0044ec70","","Global","FUN_0097b150","0097b150","0"
"","Global","FUN_0044ed90","0044ed90","","Global","FUN_0097b250","0097b250","0"
"","Global","FUN_0044eec0","0044eec0","","Global","FUN_0097b380","0097b380","0"
"","Global","FUN_0044ef40","0044ef40","","Global","FUN_0097b400","0097b400","0"
"","Global","FUN_0044ef70","0044ef70","","Global","FUN_0097b430","0097b430","0"
"","Global","FUN_0044efa0","0044efa0","","Global","FUN_0097b460","0097b460","0"
"","Global","FUN_0044efe0","0044efe0","","Global","FUN_0088b700","0088b700","0"
"","Phyre::PEntity","Bind","0044f200","","Global","FUN_0097b6a0","0097b6a0","0"
"","Global","FUN_0044f7b0","0044f7b0","","Global","FUN_0097bc40","0097bc40","0"
"","Global","FUN_0044f830","0044f830","","Global","FUN_0097bcc0","0097bcc0","0"
"","Global","FUN_0044f860","0044f860","","Global","FUN_0097bcf0","0097bcf0","0"
"","Global","FUN_0044fd80","0044fd80","","Global","FUN_0097c030","0097c030","0"
"","Global","FUN_0044fdf0","0044fdf0","","Global","FUN_0097c0a0","0097c0a0","0"
"","Global","FUN_0044fe50","0044fe50","","Global","FUN_0097c100","0097c100","0"
"","Global","FUN_00450040","00450040","","Global","FUN_0097c2f0","0097c2f0","0"
"","Global","FUN_004500c0","004500c0","","Global","FUN_0097c370","0097c370","0"
"","Global","FUN_00450190","00450190","","Global","FUN_0097c440","0097c440","0"
"","Global","FUN_004502b0","004502b0","","Global","FUN_0097c560","0097c560","0"
"","Global","FUN_00450300","00450300","","Global","FUN_0097c5b0","0097c5b0","0"
"","Global","FUN_00450430","00450430","","Global","FUN_0097c6e0","0097c6e0","0"
"","Global","FUN_00450530","00450530","","Global","FUN_0097c7e0","0097c7e0","0"
"","Global","FUN_004505e0","004505e0","","Global","FUN_0097c890","0097c890","0"
"","Global","FUN_004506d0","004506d0","","Global","FUN_0097c980","0097c980","0"
"","Global","FUN_00450c60","00450c60","","Global","FUN_0091a510","0091a510","0"
"","Global","FUN_00450e20","00450e20","","Global","FUN_00432150","00432150","0"
"","Global","FUN_00450ec0","00450ec0","","Global","FUN_0043f980","0043f980","0"
"","Global","FUN_00450f80","00450f80","","Global","FUN_004325f0","004325f0","0"
"","Global","FUN_00450fc0","00450fc0","","Global","FUN_0043fab0","0043fab0","0"
"","Global","FUN_00451050","00451050","","Global","FUN_00432c80","00432c80","0"
"","Global","FUN_00451080","00451080","","Global","FUN_00432cb0","00432cb0","0"
"","Global","FUN_00451160","00451160","","Global","FUN_00433580","00433580","0"
"","Global","FUN_00451270","00451270","","Global","FUN_00433630","00433630","0"
"","Global","FUN_00451410","00451410","","Global","FUN_00433f00","00433f00","0"
"","Phyre::PWorldMatrix","Bind","00451580","","Global","FUN_0092b370","0092b370","0"
"","Global","FUN_00451d10","00451d10","","Global","FUN_00443b00","00443b00","0"
"","Global","FUN_00451fe0","00451fe0","","Global","FUN_0092ba10","0092ba10","0"
"","Global","FUN_004520c0","004520c0","","Global","FUN_0092baf0","0092baf0","0"
"","Global","FUN_004525c0","004525c0","","Global","FUN_00447150","00447150","0"
"","Global","FUN_00452600","00452600","","Global","FUN_0092bdd0","0092bdd0","0"
"","Global","FUN_00452680","00452680","","Global","FUN_00447260","00447260","0"
"","Global","FUN_00452820","00452820","","Global","FUN_00482960","00482960","0"
"","Global","FUN_004529c0","004529c0","","Global","FUN_0043acb0","0043acb0","0"
"","Global","FUN_004529e0","004529e0","","Global","FUN_0043acd0","0043acd0","0"
"","Global","FUN_00452a00","00452a00","","Global","FUN_0043acf0","0043acf0","0"
"","Global","FUN_00452d60","00452d60","","Global","FUN_0092c280","0092c280","0"
"","Global","FUN_00453180","00453180","","Global","FUN_004321f0","004321f0","0"
"","Global","FUN_00453420","00453420","","Global","FUN_00433510","00433510","0"
"","Global","FUN_00453490","00453490","","Global","FUN_0045cff0","0045cff0","0"
"","Phyre::PCamera","Bind","004538a0","","Global","FUN_0092c8a0","0092c8a0","0"
"","Phyre::PCameraProjection","Bind","00454140","","Global","FUN_0092d140","0092d140","0"
"","Phyre::PCamera","ConvertProjectionMatrixDepthRangeToZeroOne","00454330","","Global","FUN_0092d330","0092d330","0"
"","Global","FUN_00454be0","00454be0","","Global","FUN_0092db70","0092db70","0"
"","Global","FUN_00455420","00455420","","Global","FUN_0045b9c0","0045b9c0","0"
"","Global","FUN_00455450","00455450","","Global","FUN_00432470","00432470","0"
"","Global","FUN_00455530","00455530","","Global","FUN_0045d270","0045d270","0"
"","Phyre::PCameraOrthographic","Bind","004556b0","","Global","FUN_0095b790","0095b790","0"
"","Global","FUN_00455c00","00455c00","","Global","FUN_0095bc70","0095bc70","0"
"","Global","FUN_00455d30","00455d30","","Global","FUN_0095bda0","0095bda0","0"
"","Global","FUN_00455e90","00455e90","","Global","FUN_00479450","00479450","0"
"","Global","FUN_00455ff0","00455ff0","","Global","FUN_004832a0","004832a0","0"
"","Global","FUN_00456010","00456010","","Global","FUN_0095bf70","0095bf70","0"
"","Global","FUN_004560b0","004560b0","","Global","FUN_00485e90","00485e90","0"
"","Global","FUN_00456440","00456440","","Global","FUN_00432400","00432400","0"
"","Global","FUN_00456a90","00456a90","","Global","FUN_0092e740","0092e740","0"
"","Global","FUN_00456c50","00456c50","","Global","FUN_004394c0","004394c0","0"
"","Global","FUN_00456de0","00456de0","","Global","FUN_0043aa80","0043aa80","0"
"","Global","FUN_004577f0","004577f0","","Global","FUN_0097d490","0097d490","0"
"","Global","FUN_00457c50","00457c50","","Global","FUN_0097d8f0","0097d8f0","0"
"","Global","FUN_00458030","00458030","","Global","FUN_0097dcd0","0097dcd0","0"
"","Global","FUN_004580c0","004580c0","","Global","FUN_0097dd60","0097dd60","0"
"","Phyre::PInstancesComponent","Bind","00458190","","Global","FUN_0097de30","0097de30","0"
"","Global","FUN_004591c0","004591c0","","Global","FUN_0097ee60","0097ee60","0"
"","Global","FUN_004594d0","004594d0","","Global","FUN_0097f170","0097f170","0"
"","Global","FUN_00459560","00459560","","Global","FUN_0097f200","0097f200","0"
"","Global","FUN_004596d0","004596d0","","Global","FUN_0097f370","0097f370","0"
"","Global","FUN_00459780","00459780","","Global","FUN_0097f420","0097f420","0"
"","Global","FUN_00459a90","00459a90","","Global","FUN_0097f730","0097f730","0"
"","Global","FUN_00459df0","00459df0","","Global","FUN_0097fa90","0097fa90","0"
"","Global","FUN_00459f60","00459f60","","Global","FUN_0097fc00","0097fc00","0"
"","Global","FUN_00459fe0","00459fe0","","Global","FUN_0097fc80","0097fc80","0"
"","Global","FUN_0045a060","0045a060","","Global","FUN_0097fd00","0097fd00","0"
"","Global","FUN_0045a840","0045a840","","Global","FUN_009804e0","009804e0","0"
"","Global","FUN_0045a900","0045a900","","Global","FUN_009805a0","009805a0","0"
"","Global","FUN_0045aaa0","0045aaa0","","Global","FUN_00980740","00980740","0"
"","Phyre::PNameComponent","Bind","0045ab30","","Global","FUN_009807d0","009807d0","0"
"","Global","FUN_0045ac80","0045ac80","","Global","FUN_00980920","00980920","0"
"","Global","FUN_0045ad00","0045ad00","","Global","FUN_009809a0","009809a0","0"
"","Global","FUN_0045add0","0045add0","","Global","FUN_00980a70","00980a70","0"
"","Global","FUN_0045b0a0","0045b0a0","","Global","FUN_00980d40","00980d40","0"
"","Global","FUN_0045b110","0045b110","","Global","FUN_00980db0","00980db0","0"
"","Global","FUN_0045b190","0045b190","","Global","FUN_00980e30","00980e30","0"
"","Global","FUN_0045b230","0045b230","","Global","FUN_00980ed0","00980ed0","0"
"","Global","FUN_0045b7b0","0045b7b0","","Global","FUN_008df280","008df280","0"
"","Global","FUN_0045b9b0","0045b9b0","","Global","FUN_00981600","00981600","0"
"","Global","FUN_0045ba90","0045ba90","","Global","FUN_009816e0","009816e0","0"
"","Global","FUN_0045bb70","0045bb70","","Global","FUN_009817c0","009817c0","0"
"","Global","FUN_0045bed0","0045bed0","","Global","FUN_00981a60","00981a60","0"
"","Global","FUN_0045bf90","0045bf90","","Global","FUN_00981b20","00981b20","0"
"","Global","FUN_0045c050","0045c050","","Global","FUN_00981be0","00981be0","0"
"","Global","FUN_0045c1b0","0045c1b0","","Global","FUN_00981cd0","00981cd0","0"
"","Phyre::PAssetReference","Bind","0045c5c0","","Global","FUN_00982030","00982030","0"
"","Phyre::PAssetReferenceImport","Bind","0045c950","","Global","FUN_009823c0","009823c0","0"
"","Global","FUN_0045ca60","0045ca60","","Global","FUN_009824c0","009824c0","0"
"","Global","FUN_0045caa0","0045caa0","","Global","FUN_00982500","00982500","0"
"","Global","FUN_0045cb50","0045cb50","","Global","FUN_009825b0","009825b0","0"
"","Global","FUN_0045cc10","0045cc10","","Global","FUN_00982670","00982670","0"
"","Global","FUN_0045cdc0","0045cdc0","","Global","FUN_00982820","00982820","0"
"","Global","FUN_0045ce20","0045ce20","","Global","FUN_00982880","00982880","0"
"","Global","FUN_0045d270","0045d270","","Global","FUN_00982cd0","00982cd0","0"
"","Global","FUN_0045d340","0045d340","","Global","FUN_00982da0","00982da0","0"
"","Phyre::PAssetReferenceImport","GetFixup","0045d3c0","","Global","FUN_00982e20","00982e20","0"
"","Global","FUN_0045d430","0045d430","","Global","FUN_00982e90","00982e90","0"
"","Global","FUN_0045d5e0","0045d5e0","","Global","FUN_00983030","00983030","0"
"","Phyre::PAssetReference","InitializeAssetTree","0045d6c0","","Global","FUN_00983110","00983110","0"
"","Global","FUN_0045d700","0045d700","","Global","FUN_00890fc0","00890fc0","0"
"","Global","FUN_0045d7d0","0045d7d0","","Global","FUN_00983150","00983150","0"
"","Phyre::PAssetReferenceImport","ResolveFixup","0045da70","","Global","FUN_009833f0","009833f0","0"
"","Global","FUN_0045dac0","0045dac0","","Global","FUN_00983440","00983440","0"
"","Global","FUN_0045dae0","0045dae0","","Global","FUN_00983460","00983460","0"
"","Global","FUN_0045dc20","0045dc20","","Global","FUN_009835a0","009835a0","0"
"","Global","FUN_0045dcc0","0045dcc0","","Global","FUN_00983640","00983640","0"
"","Global","FUN_0045dd30","0045dd30","","Global","FUN_009836b0","009836b0","0"
"","Global","FUN_0045ddf0","0045ddf0","","Global","FUN_00983770","00983770","0"
"","Global","FUN_0045df60","0045df60","","Global","FUN_009838c0","009838c0","0"
"","Global","FUN_0045e260","0045e260","","Global","FUN_00983b10","00983b10","0"
"","Global","FUN_0045e340","0045e340","","Global","FUN_00983bf0","00983bf0","0"
"","Global","FUN_0045e5e0","0045e5e0","","Global","FUN_00983e70","00983e70","0"
"","Global","FUN_0045e7a0","0045e7a0","","Global","FUN_00984030","00984030","0"
"","Global","FUN_0045e8f0","0045e8f0","","Global","FUN_00984180","00984180","0"
"","Global","FUN_0045eb10","0045eb10","","Global","FUN_009843a0","009843a0","0"
"","Global","FUN_0045ece0","0045ece0","","Global","FUN_004423e0","004423e0","0"
"","Global","FUN_0045ed20","0045ed20","","Global","FUN_00984570","00984570","0"
"","Global","FUN_0045ee60","0045ee60","","Global","FUN_009846b0","009846b0","0"
"","Global","FUN_0045efe0","0045efe0","","Global","FUN_00984830","00984830","0"
"","Phyre::PTypeDispenser","GetClassDescriptor<sce::Vectormath::Scalar::Aos::Vector2>","0045fc00","","Global","FUN_00985440","00985440","0"
"","Global","FUN_00461250","00461250","","Global","FUN_00986a10","00986a10","0"
"","Global","FUN_00461300","00461300","","Global","FUN_0051f390","0051f390","0"
"","Global","FUN_00462260","00462260","","Global","FUN_00987950","00987950","0"
"","Global","FUN_00462350","00462350","","Global","FUN_00987a40","00987a40","0"
"","Phyre::PTypeDispenser","GetClassDescriptor<Phyre::PMatrix4x3>","00462b60","","Global","FUN_0091a190","0091a190","0"
"","Global","FUN_00462dd0","00462dd0","","Global","FUN_0091a460","0091a460","0"
"","Global","FUN_004630f0","004630f0","","Global","FUN_0091a950","0091a950","0"
"","Global","FUN_00463140","00463140","","Global","FUN_0091a9a0","0091a9a0","0"
"","Global","FUN_004631a0","004631a0","","Global","FUN_0091aa00","0091aa00","0"
"","Global","FUN_00463220","00463220","","Global","FUN_0091aa80","0091aa80","0"
"","Global","FUN_00463330","00463330","","Global","FUN_0091ab90","0091ab90","0"
"","Global","FUN_00463380","00463380","","Global","FUN_0091abe0","0091abe0","0"
"","Global","FUN_00463e10","00463e10","","Global","FUN_0049c6c0","0049c6c0","0"
"","Global","FUN_00463f50","00463f50","","Global","FUN_0049ca70","0049ca70","0"
"","Global","FUN_004644c0","004644c0","","Global","FUN_00988d30","00988d30","0"
"","Global","FUN_00464800","00464800","","Global","FUN_008b60e0","008b60e0","0"
"","Global","FUN_00464b10","00464b10","","Global","FUN_008c0360","008c0360","0"
"","Global","FUN_00464b50","00464b50","","Global","FUN_008c03a0","008c03a0","0"
"","Global","FUN_00464ba0","00464ba0","","Global","FUN_008c03f0","008c03f0","0"
"","Global","FUN_00465b70","00465b70","","Global","FUN_00989da0","00989da0","0"
"","Global","FUN_00466e60","00466e60","","Global","FUN_0098b090","0098b090","0"
"","Global","FUN_00467860","00467860","","Global","FUN_0095c040","0095c040","0"
"","Global","FUN_00467900","00467900","","Global","FUN_0095c0e0","0095c0e0","0"
"","Global","FUN_00467940","00467940","","Global","FUN_0095c120","0095c120","0"
"","Global","FUN_00467a20","00467a20","","Global","FUN_0095c200","0095c200","0"
"","Global","FUN_00467a90","00467a90","","Global","FUN_0095c270","0095c270","0"
"","Global","FUN_00467b40","00467b40","","Global","FUN_0095c320","0095c320","0"
"","Global","FUN_00467bf0","00467bf0","","Global","FUN_0095c3d0","0095c3d0","0"
"","Global","FUN_00467f70","00467f70","","Global","FUN_0095c750","0095c750","0"
"","Global","FUN_00468030","00468030","","Global","FUN_0095c810","0095c810","0"
"","Global","FUN_00468150","00468150","","Global","FUN_00941010","00941010","0"
"","Global","FUN_00468200","00468200","","Global","FUN_009410c0","009410c0","0"
"","Global","FUN_00468730","00468730","","Global","FUN_0098be50","0098be50","0"
"","Phyre::PSerialization::PBinary::PClusterHeaderBase","Bind","00468950","","Global","FUN_0098c070","0098c070","0"
"","Phyre::PSerialization::PBinary::PInternal::PInstanceListHeader","Bind","0046a400","","Global","FUN_0098dae0","0098dae0","0"
"","Global","FUN_0046ab60","0046ab60","","Global","FUN_0098e230","0098e230","0"
"","Global","FUN_00471cb0","00471cb0","","Global","FUN_00995380","00995380","0"
"","Global","FUN_00471d70","00471d70","","Global","FUN_00995440","00995440","0"
"","Global","FUN_00471e30","00471e30","","Global","FUN_00995500","00995500","0"
"","Global","FUN_00472710","00472710","","Global","FUN_00995de0","00995de0","0"
"","Global","FUN_004727d0","004727d0","","Global","FUN_00995ea0","00995ea0","0"
"","Global","FUN_00472890","00472890","","Global","FUN_00995f60","00995f60","0"
"","Global","FUN_00472c40","00472c40","","Global","FUN_00996310","00996310","0"
"","Global","FUN_00472d00","00472d00","","Global","FUN_009963d0","009963d0","0"
"","Global","FUN_00472dc0","00472dc0","","Global","FUN_00996490","00996490","0"
"","Global","FUN_00473150","00473150","","Global","FUN_00996820","00996820","0"
"","Global","FUN_004731f0","004731f0","","Global","FUN_009968c0","009968c0","0"
"","Global","FUN_00473290","00473290","","Global","FUN_00996960","00996960","0"
"","Global","FUN_00473620","00473620","","Global","FUN_00996cf0","00996cf0","0"
"","Global","FUN_004736f0","004736f0","","Global","FUN_00996dc0","00996dc0","0"
"","Global","FUN_004737c0","004737c0","","Global","FUN_00996e90","00996e90","0"
"","Global","FUN_00473950","00473950","","Global","FUN_00997020","00997020","0"
"","Global","FUN_004739b0","004739b0","","Global","FUN_00997080","00997080","0"
"","Global","FUN_00473a20","00473a20","","Global","FUN_009970f0","009970f0","0"
"","Global","FUN_00473a80","00473a80","","Global","FUN_00997150","00997150","0"
"","Global","FUN_00473af0","00473af0","","Global","FUN_009971c0","009971c0","0"
"","Global","FUN_00473b50","00473b50","","Global","FUN_00997220","00997220","0"
"","Global","FUN_00473bc0","00473bc0","","Global","FUN_00997290","00997290","0"
"","Global","FUN_00473c60","00473c60","","Global","FUN_00997330","00997330","0"
"","Global","FUN_00473d00","00473d00","","Global","FUN_009973d0","009973d0","0"
"","Global","FUN_00473dc0","00473dc0","","Global","FUN_00997490","00997490","0"
"","Global","FUN_00473e20","00473e20","","Global","FUN_009974f0","009974f0","0"
"","Global","FUN_00473ed0","00473ed0","","Global","FUN_009975a0","009975a0","0"
"","Global","FUN_00473fc0","00473fc0","","Global","FUN_00997690","00997690","0"
"","Global","FUN_00474020","00474020","","Global","FUN_009976f0","009976f0","0"
"","Global","FUN_00474090","00474090","","Global","FUN_00997760","00997760","0"
"","Global","FUN_004740f0","004740f0","","Global","FUN_009977c0","009977c0","0"
"","Global","FUN_00474160","00474160","","Global","FUN_00997830","00997830","0"
"","Global","FUN_004741c0","004741c0","","Global","FUN_00997890","00997890","0"
"","Global","FUN_00474230","00474230","","Global","FUN_00997900","00997900","0"
"","Global","FUN_004742d0","004742d0","","Global","FUN_009979a0","009979a0","0"
"","Global","FUN_00474370","00474370","","Global","FUN_00997a40","00997a40","0"
"","Global","FUN_00474420","00474420","","Global","FUN_00997af0","00997af0","0"
"","Global","FUN_00474480","00474480","","Global","FUN_00997b50","00997b50","0"
"","Global","FUN_00474520","00474520","","Global","FUN_00997bf0","00997bf0","0"
"","Global","FUN_00474950","00474950","","Global","FUN_00998020","00998020","0"
"","Global","FUN_00474a90","00474a90","","Global","FUN_00998160","00998160","0"
"","Global","FUN_004751c0","004751c0","","Global","FUN_00998890","00998890","0"
"","Global","FUN_00475350","00475350","","Global","FUN_00998a20","00998a20","0"
"","Global","FUN_00475c40","00475c40","","Global","FUN_00999310","00999310","0"
"","Global","FUN_00475c60","00475c60","","Global","FUN_00999330","00999330","0"
"","Global","FUN_00475c80","00475c80","","Global","FUN_00999350","00999350","0"
"","Global","FUN_00475ee0","00475ee0","","Global","FUN_009995b0","009995b0","0"
"","Global","FUN_00475f00","00475f00","","Global","FUN_009995d0","009995d0","0"
"","Global","FUN_00475f20","00475f20","","Global","FUN_009995f0","009995f0","0"
"","Global","FUN_00476030","00476030","","Global","FUN_00999700","00999700","0"
"","Global","FUN_00476050","00476050","","Global","FUN_00999720","00999720","0"
"","Global","FUN_00476070","00476070","","Global","FUN_00999740","00999740","0"
"","Global","FUN_00476190","00476190","","Global","FUN_00999860","00999860","0"
"","Global","FUN_004761a0","004761a0","","Global","FUN_00999870","00999870","0"
"","Global","FUN_004762b0","004762b0","","Global","FUN_00999980","00999980","0"
"","Global","FUN_004762d0","004762d0","","Global","FUN_009999a0","009999a0","0"
"","Global","FUN_004762f0","004762f0","","Global","FUN_009999c0","009999c0","0"
"","Global","FUN_00476360","00476360","","Global","FUN_00999a30","00999a30","0"
"","Global","FUN_00476390","00476390","","Global","FUN_00999a60","00999a60","0"
"","Global","FUN_004763b0","004763b0","","Global","FUN_00999a80","00999a80","0"
"","Global","FUN_004763e0","004763e0","","Global","FUN_00999ab0","00999ab0","0"
"","Global","FUN_00476400","00476400","","Global","FUN_00999ad0","00999ad0","0"
"","Global","FUN_00476450","00476450","","Global","FUN_00999b20","00999b20","0"
"","Global","FUN_00476490","00476490","","Global","FUN_00999b60","00999b60","0"
"","Global","FUN_004764a0","004764a0","","Global","FUN_00999b70","00999b70","0"
"","Global","FUN_00476510","00476510","","Global","FUN_00999be0","00999be0","0"
"","Global","FUN_00476530","00476530","","Global","FUN_00999c00","00999c00","0"
"","Global","FUN_00476590","00476590","","Global","FUN_00999c60","00999c60","0"
"","Global","FUN_004765c0","004765c0","","Global","FUN_00999c90","00999c90","0"
"","Global","FUN_004765e0","004765e0","","Global","FUN_00999cb0","00999cb0","0"
"","Global","FUN_00476610","00476610","","Global","FUN_00999ce0","00999ce0","0"
"","Global","FUN_00476630","00476630","","Global","FUN_00999d00","00999d00","0"
"","Global","FUN_00476660","00476660","","Global","FUN_00999d30","00999d30","0"
"","Global","FUN_00476680","00476680","","Global","FUN_00999d50","00999d50","0"
"","Global","FUN_004766b0","004766b0","","Global","FUN_00999d80","00999d80","0"
"","Global","FUN_004766c0","004766c0","","Global","FUN_00999d90","00999d90","0"
"","Global","FUN_004766d0","004766d0","","Global","FUN_00999da0","00999da0","0"
"","Global","FUN_00476730","00476730","","Global","FUN_00999e00","00999e00","0"
"","Global","FUN_00476750","00476750","","Global","FUN_00999e20","00999e20","0"
"","Global","FUN_00476860","00476860","","Global","FUN_00999f30","00999f30","0"
"","Global","FUN_00476aa0","00476aa0","","Global","FUN_0099a170","0099a170","0"
"","Global","FUN_00476ae0","00476ae0","","Global","FUN_0099a1b0","0099a1b0","0"
"","Global","FUN_00476ce0","00476ce0","","Global","FUN_0099a3b0","0099a3b0","0"
"","Global","FUN_00476ed0","00476ed0","","Global","FUN_0099a590","0099a590","0"
"","Global","FUN_00477210","00477210","","Global","FUN_0099a8d0","0099a8d0","0"
"","Global","FUN_004773f0","004773f0","","Global","FUN_0099aab0","0099aab0","0"
"","Global","FUN_004777d0","004777d0","","Global","FUN_0099ae90","0099ae90","0"
"","Global","FUN_00477f60","00477f60","","Global","FUN_0099b580","0099b580","0"
"","Global","FUN_00478050","00478050","","Global","FUN_0099b670","0099b670","0"
"","Global","FUN_00478100","00478100","","Global","FUN_0099b720","0099b720","0"
"","Global","FUN_004782d0","004782d0","","Global","FUN_0099b870","0099b870","0"
"","Global","FUN_00478510","00478510","","Global","FUN_0099bab0","0099bab0","0"
"","Global","FUN_00478640","00478640","","Global","FUN_0099bbe0","0099bbe0","0"
"","Global","FUN_00478760","00478760","","Global","FUN_0099bd00","0099bd00","0"
"","Global","FUN_00478880","00478880","","Global","FUN_0099be20","0099be20","0"
"","Global","FUN_004788a0","004788a0","","Global","FUN_0099be40","0099be40","0"
"","Global","FUN_004788c0","004788c0","","Global","FUN_0099be60","0099be60","0"
"","Global","FUN_00478930","00478930","","Global","FUN_0099bed0","0099bed0","0"
"","Global","FUN_00478970","00478970","","Global","FUN_0099bf20","0099bf20","0"
"","Global","FUN_00478a90","00478a90","","Global","FUN_0099c040","0099c040","0"
"","Global","FUN_00478af0","00478af0","","Global","FUN_0099c0a0","0099c0a0","0"
"","Global","FUN_00478b20","00478b20","","Global","FUN_0099c0d0","0099c0d0","0"
"","Global","FUN_00478b80","00478b80","","Global","FUN_0099c130","0099c130","0"
"","Global","FUN_00478bf0","00478bf0","","Global","FUN_0099c1a0","0099c1a0","0"
"","Global","FUN_00478d60","00478d60","","Global","FUN_0099c2b0","0099c2b0","0"
"","Global","FUN_00479800","00479800","","Global","FUN_0099cd50","0099cd50","0"
"","Global","FUN_004799f0","004799f0","","Global","FUN_0099cf40","0099cf40","0"
"","Global","FUN_00479dc0","00479dc0","","Global","FUN_0099d280","0099d280","0"
"","Global","FUN_00479ed0","00479ed0","","Global","FUN_0099d390","0099d390","0"
"","Global","FUN_0047a090","0047a090","","Global","FUN_0099d550","0099d550","0"
"","Global","FUN_0047a2a0","0047a2a0","","Global","FUN_0099d6e0","0099d6e0","0"
"","Global","FUN_0047a2d0","0047a2d0","","Global","FUN_0099d710","0099d710","0"
"","Global","FUN_0047a2f0","0047a2f0","","Global","FUN_0099d730","0099d730","0"
"","Global","FUN_0047a330","0047a330","","Global","FUN_0099d770","0099d770","0"
"","Global","FUN_0047a530","0047a530","","Global","FUN_0099d970","0099d970","0"
"","Global","FUN_0047a580","0047a580","","Global","FUN_0099d9c0","0099d9c0","0"
"","Global","FUN_0047a5d0","0047a5d0","","Global","FUN_0099da10","0099da10","0"
"","Global","FUN_0047a740","0047a740","","Global","FUN_0099db80","0099db80","0"
"","Global","FUN_0047b6f0","0047b6f0","","Global","FUN_0099eb30","0099eb30","0"
"","Global","FUN_0047ba10","0047ba10","","Global","FUN_0099ee50","0099ee50","0"
"","Global","FUN_0047bcc0","0047bcc0","","Global","FUN_0099f0a0","0099f0a0","0"
"","Global","FUN_0047bd20","0047bd20","","Global","FUN_0099f100","0099f100","0"
"","Global","FUN_0047bee0","0047bee0","","Global","FUN_0099f2c0","0099f2c0","0"
"","Global","FUN_0047c010","0047c010","","Global","FUN_0099f3f0","0099f3f0","0"
"","Global","FUN_0047c110","0047c110","","Global","FUN_0099f4f0","0099f4f0","0"
"","Global","FUN_0047c140","0047c140","","Global","FUN_0099f520","0099f520","0"
"","Global","FUN_0047c250","0047c250","","Global","FUN_0099f630","0099f630","0"
"","Global","FUN_0047c6d0","0047c6d0","","Global","FUN_0099fab0","0099fab0","0"
"","Global","FUN_0047c970","0047c970","","Global","FUN_0099fd50","0099fd50","0"
"","Global","FUN_0047cd40","0047cd40","","Global","FUN_009a0120","009a0120","0"
"","Global","FUN_0047d200","0047d200","","Global","FUN_009a05e0","009a05e0","0"
"","Global","FUN_0047d3b0","0047d3b0","","Global","FUN_00947390","00947390","0"
"","Global","FUN_0047d3f0","0047d3f0","","Global","FUN_009a0790","009a0790","0"
"","Global","FUN_0047d4a0","0047d4a0","","Global","FUN_009a0840","009a0840","0"
"","Global","FUN_0047d6b0","0047d6b0","","Global","FUN_009a0a50","009a0a50","0"
"","Global","FUN_0047d700","0047d700","","Global","FUN_009a0aa0","009a0aa0","0"
"","Global","FUN_0047d740","0047d740","","Global","FUN_009a0ae0","009a0ae0","0"
"","Global","FUN_0047d790","0047d790","","Global","FUN_009a0b30","009a0b30","0"
"","Global","FUN_0047dce0","0047dce0","","Global","FUN_009a1080","009a1080","0"
"","Global","FUN_0047df00","0047df00","","Global","FUN_009a1240","009a1240","0"
"","Global","FUN_0047dfb0","0047dfb0","","Global","FUN_009a12c0","009a12c0","0"
"","Global","FUN_0047e030","0047e030","","Global","FUN_009a1340","009a1340","0"
"","Global","FUN_0047e190","0047e190","","Global","FUN_009a14a0","009a14a0","0"
"","Global","FUN_0047e240","0047e240","","Global","FUN_009a1550","009a1550","0"
"","Global","FUN_0047e430","0047e430","","Global","FUN_009a1730","009a1730","0"
"","Global","FUN_0047e470","0047e470","","Global","FUN_009a1770","009a1770","0"
"","Global","FUN_0047e4f0","0047e4f0","","Global","FUN_009a17f0","009a17f0","0"
"","Global","FUN_0047e5a0","0047e5a0","","Global","FUN_009a18a0","009a18a0","0"
"","Global","FUN_0047e610","0047e610","","Global","FUN_009a1910","009a1910","0"
"","Global","FUN_0047e740","0047e740","","Global","FUN_009a19f0","009a19f0","0"
"","Global","FUN_0047e7f0","0047e7f0","","Global","FUN_009a1a70","009a1a70","0"
"","Global","FUN_0047e850","0047e850","","Global","FUN_009a1ad0","009a1ad0","0"
"","Global","FUN_0047e970","0047e970","","Global","FUN_009a1bf0","009a1bf0","0"
"","Global","FUN_0047edc0","0047edc0","","Global","FUN_009a2040","009a2040","0"
"","Global","FUN_0047ee40","0047ee40","","Global","FUN_009a20c0","009a20c0","0"
"","Global","FUN_0047f560","0047f560","","Global","FUN_009a25a0","009a25a0","0"
"","Global","FUN_0047f620","0047f620","","Global","FUN_009a2640","009a2640","0"
"","Global","FUN_0047f680","0047f680","","Global","FUN_009a26a0","009a26a0","0"
"","Global","FUN_0047f810","0047f810","","Global","FUN_009a2830","009a2830","0"
"","Global","FUN_0047f940","0047f940","","Global","FUN_009a2960","009a2960","0"
"","Global","FUN_0047fa90","0047fa90","","Global","FUN_009a2ab0","009a2ab0","0"
"","Global","FUN_0047fad0","0047fad0","","Global","FUN_009a2af0","009a2af0","0"
"","Global","FUN_0047fb80","0047fb80","","Global","FUN_009a2ba0","009a2ba0","0"
"","Global","FUN_00480ac0","00480ac0","","Global","FUN_009a3340","009a3340","0"
"","Global","FUN_00480b60","00480b60","","Global","FUN_009a33e0","009a33e0","0"
"","Global","FUN_00480c70","00480c70","","Global","FUN_00489080","00489080","0"
"","Global","FUN_00481bc0","00481bc0","","Global","FUN_00892470","00892470","0"
"","Global","FUN_00482e30","00482e30","","Global","FUN_0048a0f0","0048a0f0","0"
"","Global","FUN_00483230","00483230","","Global","FUN_00893ab0","00893ab0","0"
"","Global","FUN_00483640","00483640","","Global","FUN_00893ee0","00893ee0","0"
"","Global","FUN_00483690","00483690","","Global","FUN_00893f30","00893f30","0"
"","Global","FUN_004838d0","004838d0","","Global","FUN_00894170","00894170","0"
"","Global","FUN_004842c0","004842c0","","Global","FUN_009a3b30","009a3b30","0"
"","Global","FUN_004843c0","004843c0","","Global","FUN_009a3c30","009a3c30","0"
"","Global","FUN_004849b0","004849b0","","Global","FUN_009a4220","009a4220","0"
"","Global","FUN_00484a50","00484a50","","Global","FUN_009a42c0","009a42c0","0"
"","Global","FUN_00485d90","00485d90","","Global","FUN_009198c0","009198c0","0"
"","Global","FUN_00485fa0","00485fa0","","Global","FUN_00919ab0","00919ab0","0"
"","Global","FUN_004861f0","004861f0","","Global","FUN_008944a0","008944a0","0"
"","Global","FUN_00487180","00487180","","Global","FUN_008965f0","008965f0","0"
"","Global","FUN_00487210","00487210","","Global","FUN_008966b0","008966b0","0"
"","Global","FUN_004874a0","004874a0","","Global","FUN_00896ea0","00896ea0","0"
"","Global","FUN_00487530","00487530","","Global","FUN_00896f30","00896f30","0"
"","Global","FUN_00487a60","00487a60","","Global","FUN_00963230","00963230","0"
"","Global","FUN_00489010","00489010","","Global","FUN_009647a0","009647a0","0"
"","Global","FUN_00489680","00489680","","Global","FUN_00964d60","00964d60","0"
"","Global","FUN_0048aad0","0048aad0","","Global","FUN_00911750","00911750","0"
"","Global","FUN_0048bea0","0048bea0","","Global","FUN_00912990","00912990","0"
"","Global","FUN_0048c610","0048c610","","Global","FUN_0043a150","0043a150","0"
"","Global","FUN_0048f140","0048f140","","Global","FUN_008a07d0","008a07d0","0"
"","Global","FUN_0048f1b0","0048f1b0","","Global","FUN_008a0840","008a0840","0"
"","Global","FUN_0048f750","0048f750","","Global","FUN_008a0e60","008a0e60","0"
"","Global","FUN_004902d0","004902d0","","Global","FUN_008a1900","008a1900","0"
"","Global","FUN_00490330","00490330","","Global","FUN_008a1960","008a1960","0"
"","Global","FUN_004908a0","004908a0","","Global","FUN_008a1ee0","008a1ee0","0"
"","Global","FUN_00493370","00493370","","Global","FUN_008a49f0","008a49f0","0"
"","Global","FUN_00493e70","00493e70","","Global","FUN_008a5580","008a5580","0"
"","Global","FUN_00494020","00494020","","Global","FUN_008a5730","008a5730","0"
"","Global","FUN_004952f0","004952f0","","Global","FUN_008a6980","008a6980","0"
"","Global","FUN_00495ae0","00495ae0","","Global","FUN_008a7170","008a7170","0"
"","Global","FUN_00496ac0","00496ac0","","Global","FUN_0093ea50","0093ea50","0"
"","Global","FUN_00496fa0","00496fa0","","Global","FUN_0093ee00","0093ee00","0"
"","Global","FUN_00497550","00497550","","Global","FUN_0093f390","0093f390","0"
"","Global","FUN_00498270","00498270","","Global","FUN_00940040","00940040","0"
"","Global","FUN_004982a0","004982a0","","Global","FUN_00940070","00940070","0"
"","Global","FUN_004985c0","004985c0","","Global","FUN_00940390","00940390","0"
"","Global","FUN_00498670","00498670","","Global","FUN_00940440","00940440","0"
"","Phyre::PGeometry::PDynamicMesh","getDataBlockCount","00498830","","Global","FUN_009405e0","009405e0","0"
"","Global","FUN_004989b0","004989b0","","Global","FUN_00502420","00502420","0"
"","Global","FUN_00498ab0","00498ab0","","Global","FUN_008db840","008db840","0"
"","Global","FUN_00498af0","00498af0","","Global","FUN_00940780","00940780","0"
"","Global","FUN_00498c90","00498c90","","Global","FUN_00940920","00940920","0"
"","Global","FUN_00498de0","00498de0","","Global","FUN_00940a70","00940a70","0"
"","Global","FUN_00499fb0","00499fb0","","Global","FUN_009a4e00","009a4e00","0"
"","Global","FUN_0049a240","0049a240","","Global","FUN_009a5090","009a5090","0"
"","Global","FUN_0049a530","0049a530","","Global","FUN_009a5380","009a5380","0"
"","Global","FUN_0049a5e0","0049a5e0","","Global","FUN_009a5430","009a5430","0"
"","Global","FUN_0049bbf0","0049bbf0","","Global","FUN_009a6a00","009a6a00","0"
"","Global","FUN_0049bcb0","0049bcb0","","Global","FUN_009a6ac0","009a6ac0","0"
"","Global","FUN_0049bdd0","0049bdd0","","Global","FUN_009a6be0","009a6be0","0"
"","Global","FUN_0049bde0","0049bde0","","Global","FUN_009a6bf0","009a6bf0","0"
"","Global","FUN_0049bf30","0049bf30","","Global","FUN_009a6d40","009a6d40","0"
"","Global","FUN_0049bf90","0049bf90","","Global","FUN_009a6da0","009a6da0","0"
"","Global","FUN_0049c110","0049c110","","Global","FUN_009a6f20","009a6f20","0"
"","Global","FUN_0049c250","0049c250","","Global","FUN_009a7060","009a7060","0"
"","Global","FUN_0049c390","0049c390","","Global","FUN_009a71a0","009a71a0","0"
"","Global","FUN_0049c500","0049c500","","Global","FUN_0088c290","0088c290","0"
"","Phyre::PFreeList","PFreeList","0049c550","","Global","FUN_0088c2e0","0088c2e0","0"
"","Global","FUN_0049c590","0049c590","","Global","FUN_0088c320","0088c320","0"
"","Global","FUN_0049c6b0","0049c6b0","","Global","FUN_0088c440","0088c440","0"
"","Global","FUN_0049c780","0049c780","","Global","FUN_0088c510","0088c510","0"
"","Global","FUN_0049c800","0049c800","","Global","FUN_0088c590","0088c590","0"
"","Phyre::PFreeList","addItemToFreeList","0049c870","","Global","FUN_0088c600","0088c600","0"
"","Global","FUN_0049c890","0049c890","","Global","FUN_0088c620","0088c620","0"
"","Global","FUN_0049c8e0","0049c8e0","","Global","FUN_0088c670","0088c670","0"
"","Global","FUN_0049c920","0049c920","","Global","FUN_0088c6b0","0088c6b0","0"
"","Phyre::PFreeList","allocateNewBlock","0049c9a0","","Global","FUN_0088c730","0088c730","0"
"","Global","FUN_0049ca10","0049ca10","","Global","FUN_0088c7a0","0088c7a0","0"
"","Global","FUN_0049ca30","0049ca30","","Global","FUN_0088c7c0","0088c7c0","0"
"","Global","FUN_0049ca60","0049ca60","","Global","FUN_0088c7f0","0088c7f0","0"
"","Global","FUN_0049ca90","0049ca90","","Global","FUN_0088c820","0088c820","0"
"","Global","FUN_0049cad0","0049cad0","","Global","FUN_0088c860","0088c860","0"
"","Global","FUN_0049cc70","0049cc70","","Global","FUN_0088ca00","0088ca00","0"
"","Global","FUN_0049d710","0049d710","","Global","FUN_0092f3d0","0092f3d0","0"
"","Global","FUN_0049d990","0049d990","","Global","FUN_0092f650","0092f650","0"
"","Global","FUN_0049ead0","0049ead0","","Global","FUN_00930780","00930780","0"
"","Global","FUN_0049eb20","0049eb20","","Global","FUN_009307d0","009307d0","0"
"","Global","FUN_0049ec90","0049ec90","","Global","FUN_00930940","00930940","0"
"","Global","FUN_0049f130","0049f130","","Global","FUN_00930dd0","00930dd0","0"
"","Global","FUN_0049f260","0049f260","","Global","FUN_00930f00","00930f00","0"
"","Global","FUN_0049f2b0","0049f2b0","","Global","FUN_00930f50","00930f50","0"
"","Global","FUN_0049f3f0","0049f3f0","","Global","FUN_00931050","00931050","0"
"","Global","FUN_0049f420","0049f420","","Global","FUN_00931080","00931080","0"
"","Global","FUN_0049fa60","0049fa60","","Global","FUN_009a7770","009a7770","0"
"","Global","FUN_0049fb60","0049fb60","","Global","FUN_008af790","008af790","0"
"","Global","FUN_0049fc80","0049fc80","","Global","FUN_008afb20","008afb20","0"
"","Global","FUN_004a0540","004a0540","","Global","FUN_008b7be0","008b7be0","0"
"","Global","FUN_004a0600","004a0600","","Global","FUN_009a8080","009a8080","0"
"","Global","FUN_004a0820","004a0820","","Global","FUN_009a8260","009a8260","0"
"","Global","FUN_004a1730","004a1730","","Global","FUN_0091ca10","0091ca10","0"
"","Global","FUN_004a18c0","004a18c0","","Global","FUN_009a91b0","009a91b0","0"
"","Global","FUN_004a1f30","004a1f30","","Global","FUN_009a97e0","009a97e0","0"
"","Global","FUN_004a2f20","004a2f20","","Global","FUN_009aa7b0","009aa7b0","0"
"","Global","FUN_004a2f40","004a2f40","","Global","FUN_009aa7d0","009aa7d0","0"
"","Global","FUN_004a2f60","004a2f60","","Global","FUN_009aa7f0","009aa7f0","0"
"","Global","FUN_004a2f80","004a2f80","","Global","FUN_009aa810","009aa810","0"
"","Global","FUN_004a2fa0","004a2fa0","","Global","FUN_009aa830","009aa830","0"
"","Global","FUN_004a3280","004a3280","","Global","FUN_009aab10","009aab10","0"
"","Global","FUN_004a32b0","004a32b0","","Global","FUN_009aab40","009aab40","0"
"","Global","FUN_004a32e0","004a32e0","","Global","FUN_009aab70","009aab70","0"
"","Global","FUN_004a3610","004a3610","","Global","FUN_00505920","00505920","0"
"","Global","FUN_004a3700","004a3700","","Global","FUN_00505c70","00505c70","0"
"","Global","FUN_004a81f0","004a81f0","","Global","FUN_005068b0","005068b0","0"
"","Global","FUN_004a82b0","004a82b0","","Global","FUN_009af2b0","009af2b0","0"
"","Global","FUN_004a82e0","004a82e0","","Global","FUN_00506d10","00506d10","0"
"","Global","FUN_004a8950","004a8950","","Global","FUN_009af7f0","009af7f0","0"
"","Global","FUN_004a8a00","004a8a00","","Global","FUN_009af8a0","009af8a0","0"
"","Global","FUN_004a8bf0","004a8bf0","","Global","FUN_009af9e0","009af9e0","0"
"","Global","FUN_004a8c20","004a8c20","","Global","FUN_009afa10","009afa10","0"
"","Global","FUN_004aa720","004aa720","","Global","FUN_009b12c0","009b12c0","0"
"","Global","FUN_004aa9b0","004aa9b0","","Global","FUN_009b1550","009b1550","0"
"","Global","FUN_004aab60","004aab60","","Global","FUN_009b1700","009b1700","0"
"","Global","FUN_004aad40","004aad40","","Global","FUN_009b18e0","009b18e0","0"
"","Global","FUN_004ab0f0","004ab0f0","","Global","FUN_009b1c90","009b1c90","0"
"","Global","FUN_004aec50","004aec50","","Global","FUN_0091fb30","0091fb30","0"
"","Global","FUN_004aecc0","004aecc0","","Global","FUN_009b4fc0","009b4fc0","0"
"","Global","FUN_004b03b0","004b03b0","","Global","FUN_009b64f0","009b64f0","0"
"","Global","FUN_004b0560","004b0560","","Global","FUN_009b66a0","009b66a0","0"
"","Global","FUN_004b1760","004b1760","","Global","FUN_009b76a0","009b76a0","0"
"","Global","FUN_004b1790","004b1790","","Global","FUN_009b76d0","009b76d0","0"
"","Global","FUN_004b1850","004b1850","","Global","FUN_009b7790","009b7790","0"
"","Global","FUN_004b23c0","004b23c0","","Global","FUN_009b8200","009b8200","0"
"","Global","FUN_004b2460","004b2460","","Global","FUN_009b8260","009b8260","0"
"","Global","FUN_004b2520","004b2520","","Global","FUN_009b82e0","009b82e0","0"
"","Global","FUN_004b2550","004b2550","","Global","FUN_009b8310","009b8310","0"
"","Global","FUN_004b2620","004b2620","","Global","FUN_009b83c0","009b83c0","0"
"","Global","FUN_004b2670","004b2670","","Global","FUN_009b8410","009b8410","0"
"","Global","FUN_004b2df0","004b2df0","","Global","FUN_005058b0","005058b0","0"
"","Global","FUN_004b2e20","004b2e20","","Global","FUN_009b8a00","009b8a00","0"
"","Global","FUN_004b2e60","004b2e60","","Global","FUN_005058e0","005058e0","0"
"","Global","FUN_004b5140","004b5140","","Global","FUN_009bac60","009bac60","0"
"","Global","FUN_004b5570","004b5570","","Global","FUN_008af5b0","008af5b0","0"
"","Global","FUN_004b5730","004b5730","","Global","FUN_008afca0","008afca0","0"
"","Global","FUN_004b6250","004b6250","","Global","FUN_00507820","00507820","0"
"","Global","FUN_004b6310","004b6310","","Global","FUN_009bb870","009bb870","0"
"","Global","FUN_004b6370","004b6370","","Global","FUN_009bb8d0","009bb8d0","0"
"","Global","FUN_004b6440","004b6440","","Global","FUN_009bb9a0","009bb9a0","0"
"","Global","FUN_004b6770","004b6770","","Global","FUN_009bbcd0","009bbcd0","0"
"","Global","FUN_004b8da0","004b8da0","","Global","FUN_009be210","009be210","0"
"","Global","FUN_004b8dd0","004b8dd0","","Global","FUN_009be240","009be240","0"
"","Global","FUN_004b8e00","004b8e00","","Global","FUN_009be270","009be270","0"
"","Global","FUN_004b9880","004b9880","","Global","FUN_009becf0","009becf0","0"
"","Global","FUN_004ba310","004ba310","","Global","FUN_009bf740","009bf740","0"
"","Global","FUN_004ba650","004ba650","","Global","FUN_009bfa80","009bfa80","0"
"","Global","FUN_004bafe0","004bafe0","","Global","FUN_00505a10","00505a10","0"
"","Global","FUN_004bb9c0","004bb9c0","","Global","FUN_00505ff0","00505ff0","0"
"","Global","FUN_004bbd40","004bbd40","","Global","FUN_00506960","00506960","0"
"","Global","FUN_004bbdc0","004bbdc0","","Global","FUN_005069e0","005069e0","0"
"","Global","FUN_004bbed0","004bbed0","","Global","FUN_00506c90","00506c90","0"
"","Global","FUN_004bc060","004bc060","","Global","FUN_00507310","00507310","0"
"","Global","FUN_004bc120","004bc120","","Global","FUN_009c1000","009c1000","0"
"","Global","FUN_004bc1a0","004bc1a0","","Global","FUN_009c1080","009c1080","0"
"","Global","FUN_004bc470","004bc470","","Global","FUN_009c12d0","009c12d0","0"
"","Global","FUN_004bc9a0","004bc9a0","","Global","FUN_009c17c0","009c17c0","0"
"","Global","FUN_004bca80","004bca80","","Global","FUN_009c18a0","009c18a0","0"
"","Global","FUN_004bd2f0","004bd2f0","","Global","FUN_009c20d0","009c20d0","0"
"","Global","FUN_004bd620","004bd620","","Global","FUN_009c23d0","009c23d0","0"
"","Global","FUN_004bdb00","004bdb00","","Global","FUN_009c2850","009c2850","0"
"","Global","FUN_004bdb60","004bdb60","","Global","FUN_009c28b0","009c28b0","0"
"","Global","FUN_004bdc10","004bdc10","","Global","FUN_009c2960","009c2960","0"
"","Global","FUN_004bdd50","004bdd50","","Global","FUN_009c2aa0","009c2aa0","0"
"","Global","FUN_004be540","004be540","","Global","FUN_009c3270","009c3270","0"
"","Global","FUN_004be980","004be980","","Global","FUN_009c36a0","009c36a0","0"
"","Global","FUN_004beb30","004beb30","","Global","FUN_008afba0","008afba0","0"
"","Phyre::PRendering::PSamplerStateBase","Bind","004bee80","","Global","FUN_009c3a20","009c3a20","0"
"","Global","FUN_004c00d0","004c00d0","","Global","FUN_009c4c10","009c4c10","0"
"","Global","FUN_004c0200","004c0200","","Global","FUN_009c4d40","009c4d40","0"
"","Global","FUN_004c02b0","004c02b0","","Global","FUN_009c4df0","009c4df0","0"
"","Global","FUN_004c0670","004c0670","","Global","FUN_009c51b0","009c51b0","0"
"","Global","FUN_004c0800","004c0800","","Global","FUN_0090c810","0090c810","0"
"","Global","FUN_004c0870","004c0870","","Global","FUN_0043a110","0043a110","0"
"","Global","FUN_004c0910","004c0910","","Global","FUN_0043a1e0","0043a1e0","0"
"","Global","FUN_004c0ab0","004c0ab0","","Global","FUN_009c5450","009c5450","0"
"","Global","FUN_004c0bd0","004c0bd0","","Global","FUN_009c5570","009c5570","0"
"","Global","FUN_004c0d20","004c0d20","","Global","FUN_00913390","00913390","0"
"","Global","FUN_004c1110","004c1110","","Global","FUN_00913780","00913780","0"
"","Global","FUN_004c1160","004c1160","","Global","FUN_009137d0","009137d0","0"
"","Global","FUN_004c1570","004c1570","","Global","FUN_00913be0","00913be0","0"
"","Global","FUN_004c1590","004c1590","","Global","FUN_00913c00","00913c00","0"
"","Phyre::PRendering::PTextureCommonBase","PTextureCommonBase","004c1e80","","Global","FUN_009c59d0","009c59d0","0"
"","Global","FUN_004c1f00","004c1f00","","Global","FUN_009c5a50","009c5a50","0"
"","Global","FUN_004c1f60","004c1f60","","Global","FUN_008b01c0","008b01c0","0"
"","Global","FUN_004c2080","004c2080","","Global","FUN_009c5b50","009c5b50","0"
"","Phyre::PRendering::PTextureCommonBase","Bind","004c20c0","","Global","FUN_009c5b90","009c5b90","0"
"","Phyre::PRendering::PTextureCommonBase","GetMipCountForTextureSize","004c2540","","Global","FUN_009c5fe0","009c5fe0","0"
"","Global","FUN_004c2710","004c2710","","Global","FUN_009c61b0","009c61b0","0"
"","Global","FUN_004c27b0","004c27b0","","Global","FUN_009c6250","009c6250","0"
"","Global","FUN_004c27f0","004c27f0","","Global","FUN_009c6290","009c6290","0"
"","Global","FUN_004c28c0","004c28c0","","Global","FUN_00445940","00445940","0"
"","Global","FUN_004c2930","004c2930","","Global","FUN_009c6380","009c6380","0"
"","Global","FUN_004c2ac0","004c2ac0","","Global","FUN_00932170","00932170","0"
"","Phyre::PRendering::PTexture2DBase","PTexture2DBase","004c30a0","","Global","FUN_008cac90","008cac90","0"
"","Global","FUN_004c3250","004c3250","","Global","FUN_008b0020","008b0020","0"
"","Global","FUN_004c32a0","004c32a0","","Global","FUN_008b0070","008b0070","0"
"","Global","FUN_004c3b70","004c3b70","","Global","FUN_008b7c60","008b7c60","0"
"","Global","FUN_004c3c60","004c3c60","","Global","FUN_008cb5b0","008cb5b0","0"
"","Global","FUN_004c3d70","004c3d70","","Global","FUN_008cb6c0","008cb6c0","0"
"","Global","FUN_004c3fa0","004c3fa0","","Global","FUN_008cb8a0","008cb8a0","0"
"","Global","FUN_004c40a0","004c40a0","","Global","FUN_008cb9a0","008cb9a0","0"
"","Phyre::PRendering::PTexture2DBase","setDimensions","004c41c0","","Global","FUN_008cbac0","008cbac0","0"
"","Phyre::PRendering::PTexture2DBase","updateMaxLevel","004c4350","","Global","FUN_008cbba0","008cbba0","0"
"","Global","FUN_004c4a80","004c4a80","","Global","FUN_008b00f0","008b00f0","0"
"","Global","FUN_004c4ad0","004c4ad0","","Global","FUN_008b0140","008b0140","0"
"","Global","FUN_004c55d0","004c55d0","","Global","FUN_009c7470","009c7470","0"
"","Global","FUN_004c5820","004c5820","","Global","FUN_009c7680","009c7680","0"
"","Global","FUN_004c5960","004c5960","","Global","FUN_009c77c0","009c77c0","0"
"","Global","FUN_004c5a80","004c5a80","","Global","FUN_009c78e0","009c78e0","0"
"","Global","FUN_004c5c20","004c5c20","","Global","FUN_009c79d0","009c79d0","0"
"","Global","FUN_004c6360","004c6360","","Global","FUN_008b0200","008b0200","0"
"","Global","FUN_004c63b0","004c63b0","","Global","FUN_008b0250","008b0250","0"
"","Global","FUN_004c6e10","004c6e10","","Global","FUN_0095acc0","0095acc0","0"
"","Global","FUN_004c6fa0","004c6fa0","","Global","FUN_0095ae50","0095ae50","0"
"","Global","FUN_004c7190","004c7190","","Global","FUN_0095b000","0095b000","0"
"","Global","FUN_004c7270","004c7270","","Global","FUN_0095b0e0","0095b0e0","0"
"","Global","FUN_004c7380","004c7380","","Global","FUN_0095b1f0","0095b1f0","0"
"","Global","FUN_004c7500","004c7500","","Global","FUN_0095b2c0","0095b2c0","0"
"","Phyre::PRendering::PRenderTargetBase","getViewportSize","004c83d0","","Global","FUN_00931f30","00931f30","0"
"","Global","FUN_004c9480","004c9480","","Global","FUN_00432080","00432080","0"
"","Global","FUN_004c9550","004c9550","","Global","FUN_00432500","00432500","0"
"","Global","FUN_004c9620","004c9620","","Global","FUN_009c87d0","009c87d0","0"
"","Global","FUN_004c9850","004c9850","","Global","FUN_00432be0","00432be0","0"
"","Global","FUN_004c99f0","004c99f0","","Global","FUN_009c8a90","009c8a90","0"
"","Global","FUN_004c9b20","004c9b20","","Global","FUN_009c8bc0","009c8bc0","0"
"","Global","FUN_004c9bf0","004c9bf0","","Global","FUN_009c8c90","009c8c90","0"
"","Global","FUN_004c9ce0","004c9ce0","","Global","FUN_00441480","00441480","0"
"","Global","FUN_004c9d40","004c9d40","","Global","FUN_004414e0","004414e0","0"
"","Global","FUN_004c9dd0","004c9dd0","","Global","FUN_00433a50","00433a50","0"
"","Global","FUN_004c9e50","004c9e50","","Global","FUN_00433ad0","00433ad0","0"
"","Global","FUN_004c9ec0","004c9ec0","","Global","FUN_0045d8e0","0045d8e0","0"
"","Global","FUN_004c9fd0","004c9fd0","","Global","FUN_0045d9f0","0045d9f0","0"
"","Global","FUN_004ca260","004ca260","","Global","FUN_0045dc80","0045dc80","0"
"","Global","FUN_004ca480","004ca480","","Global","FUN_00433b50","00433b50","0"
"","Global","FUN_004ca740","004ca740","","Global","FUN_00441a10","00441a10","0"
"","Global","FUN_004ca840","004ca840","","Global","FUN_004df1c0","004df1c0","0"
"","Global","FUN_004cab10","004cab10","","Global","FUN_009c8fe0","009c8fe0","0"
"","Global","FUN_004cacc0","004cacc0","","Global","FUN_009c9190","009c9190","0"
"","Global","FUN_004caf40","004caf40","","Global","FUN_009c9410","009c9410","0"
"","Global","FUN_004cbdd0","004cbdd0","","Global","FUN_009ca170","009ca170","0"
"","Global","FUN_004cc1e0","004cc1e0","","Global","FUN_00435da0","00435da0","0"
"","Global","FUN_004cc360","004cc360","","Global","FUN_009ca620","009ca620","0"
"","Global","FUN_004cc400","004cc400","","Global","FUN_009ca6c0","009ca6c0","0"
"","Global","FUN_004cc490","004cc490","","Global","FUN_00436ae0","00436ae0","0"
"","Global","FUN_004cc670","004cc670","","Global","FUN_009ca900","009ca900","0"
"","Global","FUN_004cc9b0","004cc9b0","","Global","FUN_00438c20","00438c20","0"
"","Global","FUN_004ccd50","004ccd50","","Global","FUN_00438fc0","00438fc0","0"
"","Global","FUN_004ccfb0","004ccfb0","","Global","FUN_009cac30","009cac30","0"
"","Global","FUN_004cd310","004cd310","","Global","FUN_004476b0","004476b0","0"
"","Global","FUN_004cd390","004cd390","","Global","FUN_00481fb0","00481fb0","0"
"","Global","FUN_004cd4a0","004cd4a0","","Global","FUN_009cafd0","009cafd0","0"
"","Global","FUN_004cd5c0","004cd5c0","","Global","FUN_009cb0f0","009cb0f0","0"
"","Global","FUN_004cd5f0","004cd5f0","","Global","FUN_009cb120","009cb120","0"
"","Global","FUN_004cd8b0","004cd8b0","","Global","FUN_009cb3c0","009cb3c0","0"
"","Global","FUN_004cf9e0","004cf9e0","","Global","FUN_009cd360","009cd360","0"
"","Global","FUN_004d0610","004d0610","","Global","FUN_009cdf00","009cdf00","0"
"","Global","FUN_004d0ce0","004d0ce0","","Global","FUN_009ce4e0","009ce4e0","0"
"","Global","FUN_004d10e0","004d10e0","","Global","FUN_009ce8d0","009ce8d0","0"
"","Global","FUN_004d1170","004d1170","","Global","FUN_009ce960","009ce960","0"
"","Global","FUN_004d1210","004d1210","","Global","FUN_009cea00","009cea00","0"
"","Global","FUN_004d1300","004d1300","","Global","FUN_009ceaf0","009ceaf0","0"
"","Global","FUN_004d1380","004d1380","","Global","FUN_009ceb70","009ceb70","0"
"","Global","FUN_004d1430","004d1430","","Global","FUN_009cec20","009cec20","0"
"","Global","FUN_004d1570","004d1570","","Global","FUN_009ced60","009ced60","0"
"","Global","FUN_004d1620","004d1620","","Global","FUN_009cee10","009cee10","0"
"","Global","FUN_004d16d0","004d16d0","","Global","FUN_009ceec0","009ceec0","0"
"","Global","FUN_004d17a0","004d17a0","","Global","FUN_009cef90","009cef90","0"
"","Global","FUN_004d17e0","004d17e0","","Global","FUN_009cefd0","009cefd0","0"
"2","std","_Med3_unchecked<struct_MemBlock*\,bool_(__cdecl*)(struct_MemBlock_const&\,struct_MemBlock_const&)>","004d1840","2","std","_Med3_unchecked<struct_MemBlock*\,bool_(__cdecl*)(struct_MemBlock_const&\,struct_MemBlock_const&)>","009cf030","0"
"","Global","FUN_004d18c0","004d18c0","","Global","FUN_009cf0b0","009cf0b0","0"
"","Global","FUN_004d19f0","004d19f0","","Global","FUN_009cf1e0","009cf1e0","0"
"","Global","FUN_004d1bd0","004d1bd0","","Global","FUN_009cf3c0","009cf3c0","0"
"","Global","FUN_004d1df0","004d1df0","","Global","FUN_009cf5e0","009cf5e0","0"
"","Global","FUN_004d1e20","004d1e20","","Global","FUN_009cf610","009cf610","0"
"","Global","FUN_004d1e90","004d1e90","","Global","FUN_009cf680","009cf680","0"
"","Global","FUN_004d2000","004d2000","","Global","FUN_009cf7f0","009cf7f0","0"
"","Global","FUN_004d2050","004d2050","","Global","FUN_009cf840","009cf840","0"
"","Global","FUN_004d20c0","004d20c0","","Global","FUN_009cf8b0","009cf8b0","0"
"","Global","FUN_004d2130","004d2130","","Global","FUN_009cf920","009cf920","0"
"","Global","FUN_004d23f0","004d23f0","","Global","FUN_009cfbe0","009cfbe0","0"
"","Global","FUN_004d2440","004d2440","","Global","FUN_009cfc30","009cfc30","0"
"","Global","FUN_004d24a0","004d24a0","","Global","FUN_009cfc90","009cfc90","0"
"","Global","FUN_004d2540","004d2540","","Global","FUN_009cfd30","009cfd30","0"
"","Global","FUN_004d26a0","004d26a0","","Global","FUN_009cfe90","009cfe90","0"
"","Global","FUN_004d2880","004d2880","","Global","FUN_009d0070","009d0070","0"
"","Global","FUN_004d2bb0","004d2bb0","","Global","FUN_009d03a0","009d03a0","0"
"","Global","FUN_004d2c50","004d2c50","","Global","FUN_009d0440","009d0440","0"
"","Global","FUN_004d2f20","004d2f20","","Global","FUN_009d0710","009d0710","0"
"","Global","FUN_004d2f90","004d2f90","","Global","FUN_009d0780","009d0780","0"
"","Global","FUN_004d30e0","004d30e0","","Global","FUN_009d08d0","009d08d0","0"
"","Global","FUN_004d3860","004d3860","","Global","FUN_009d0f90","009d0f90","0"
"","Global","FUN_004d3920","004d3920","","Global","FUN_009d1060","009d1060","0"
"","Global","FUN_004d3bf0","004d3bf0","","Global","FUN_009d1330","009d1330","0"
"","Global","FUN_004d3d30","004d3d30","","Global","FUN_009d1450","009d1450","0"
"","Global","FUN_004d3d50","004d3d50","","Global","FUN_009d1470","009d1470","0"
"","Global","FUN_004d3e70","004d3e70","","Global","FUN_009d1590","009d1590","0"
"","Global","FUN_004d3ff0","004d3ff0","","Global","FUN_009d1710","009d1710","0"
"","Global","FUN_004d4030","004d4030","","Global","FUN_009d1750","009d1750","0"
"","Global","FUN_004d41b0","004d41b0","","Global","FUN_009d18c0","009d18c0","0"
"","Global","FUN_004d41d0","004d41d0","","Global","FUN_009d18e0","009d18e0","0"
"","Global","FUN_004d4200","004d4200","","Global","FUN_009d1910","009d1910","0"
"","Global","FUN_004d4280","004d4280","","Global","FUN_009d1990","009d1990","0"
"","Global","FUN_004d4530","004d4530","","Global","FUN_009d1c40","009d1c40","0"
"","Global","FUN_004d4570","004d4570","","Global","FUN_009d1c80","009d1c80","0"
"","Global","FUN_004d45c0","004d45c0","","Global","FUN_009d1cd0","009d1cd0","0"
"","Global","FUN_004d4950","004d4950","","Global","FUN_009d1fd0","009d1fd0","0"
"","Global","FUN_004d4e90","004d4e90","","Global","FUN_009d2510","009d2510","0"
"","Global","FUN_004d4fd0","004d4fd0","","Global","FUN_009d2650","009d2650","0"
"","Global","FUN_004d5540","004d5540","","Global","FUN_009d2bc0","009d2bc0","0"
"","Global","FUN_004d5710","004d5710","","Global","FUN_009d2d80","009d2d80","0"
"","Global","FUN_004d5970","004d5970","","Global","FUN_009d2f20","009d2f20","0"
"","Global","FUN_004d59f0","004d59f0","","Global","FUN_009d2fa0","009d2fa0","0"
"","Global","FUN_004d5a80","004d5a80","","Global","FUN_00515c80","00515c80","0"
"","Global","FUN_004d6070","004d6070","","Global","FUN_009d3560","009d3560","0"
"","Global","FUN_004d62a0","004d62a0","","Global","FUN_009d3780","009d3780","0"
"","Global","FUN_004d62c0","004d62c0","","Global","FUN_0091c930","0091c930","0"
"","Global","FUN_004d6800","004d6800","","Global","FUN_009d3c00","009d3c00","0"
"","Global","FUN_004d6d40","004d6d40","","Global","FUN_009d40e0","009d40e0","0"
"","Global","FUN_004d72d0","004d72d0","","Global","FUN_009d4670","009d4670","0"
"","Global","FUN_004d7600","004d7600","","Global","FUN_00921b80","00921b80","0"
"","Global","FUN_004d7650","004d7650","","Global","FUN_009d4940","009d4940","0"
"","Phyre::PRendering::PMaterial","PMaterial","004d7c50","","Global","FUN_009146b0","009146b0","0"
"","Global","FUN_004d7dc0","004d7dc0","","Global","FUN_00914790","00914790","0"
"","Global","FUN_004d7fe0","004d7fe0","","Global","FUN_009148f0","009148f0","0"
"","Global","FUN_004d82d0","004d82d0","","Global","FUN_00914be0","00914be0","0"
"","Global","FUN_004d8780","004d8780","","Global","FUN_009150e0","009150e0","0"
"","Global","FUN_004d8830","004d8830","","Global","FUN_00915190","00915190","0"
"","Global","FUN_004d8970","004d8970","","Global","FUN_009152d0","009152d0","0"
"","Global","FUN_004d8b80","004d8b80","","Global","FUN_00505710","00505710","0"
"","Global","FUN_004d8d20","004d8d20","","Global","FUN_00505a90","00505a90","0"
"","Global","FUN_004da5e0","004da5e0","","Global","FUN_008cd340","008cd340","0"
"","Global","FUN_004da7c0","004da7c0","","Global","FUN_00506110","00506110","0"
"","Global","FUN_004db030","004db030","","Global","FUN_008cdc70","008cdc70","0"
"","Global","FUN_004db2e0","004db2e0","","Global","FUN_008cdf30","008cdf30","0"
"","Global","FUN_004db330","004db330","","Global","FUN_008cdf80","008cdf80","0"
"","Global","FUN_004db380","004db380","","Global","FUN_008cdfd0","008cdfd0","0"
"","Global","FUN_004db3d0","004db3d0","","Global","FUN_008ce020","008ce020","0"
"","Global","FUN_004db420","004db420","","Global","FUN_008ce070","008ce070","0"
"","Global","FUN_004db490","004db490","","Global","FUN_00506720","00506720","0"
"","Global","FUN_004db5f0","004db5f0","","Global","FUN_00506af0","00506af0","0"
"","Global","FUN_004dbb20","004dbb20","","Global","FUN_00507230","00507230","0"
"","Global","FUN_004dbc40","004dbc40","","Global","FUN_00507420","00507420","0"
"","Global","FUN_004dbe50","004dbe50","","Global","FUN_008ce530","008ce530","0"
"","Global","FUN_004dbef0","004dbef0","","Global","FUN_008ce5d0","008ce5d0","0"
"","Global","FUN_004dcb90","004dcb90","","Global","FUN_008cf190","008cf190","0"
"","Global","FUN_004dcf30","004dcf30","","Global","FUN_008cf520","008cf520","0"
"","Global","FUN_004dd8d0","004dd8d0","","Global","FUN_00507be0","00507be0","0"
"","Global","FUN_004df430","004df430","","Global","FUN_008d19b0","008d19b0","0"
"","Global","FUN_004dfb40","004dfb40","","Global","FUN_008d20c0","008d20c0","0"
"","Global","FUN_004dfc60","004dfc60","","Global","FUN_008d21e0","008d21e0","0"
"","Global","FUN_004dfe30","004dfe30","","Global","FUN_008d23b0","008d23b0","0"
"","Global","FUN_004e00b0","004e00b0","","Global","FUN_008d2630","008d2630","0"
"","Global","FUN_004e0860","004e0860","","Global","FUN_008d2db0","008d2db0","0"
"","Global","FUN_004e0bd0","004e0bd0","","Global","FUN_008d3120","008d3120","0"
"","Global","FUN_004e0c40","004e0c40","","Global","FUN_008d3190","008d3190","0"
"","Global","FUN_004e0da0","004e0da0","","Global","FUN_008d32f0","008d32f0","0"
"","Global","FUN_004e1960","004e1960","","Global","FUN_008d3f70","008d3f70","0"
"","Global","FUN_004e1b20","004e1b20","","Global","FUN_00505400","00505400","0"
"","Global","FUN_004e1c40","004e1c40","","Global","FUN_00505520","00505520","0"
"","Global","FUN_004e3640","004e3640","","Global","FUN_0091c8e0","0091c8e0","0"
"","Global","FUN_004e3690","004e3690","","Global","FUN_00506490","00506490","0"
"","Global","FUN_004e3770","004e3770","","Global","FUN_00506570","00506570","0"
"","Global","FUN_004e3b10","004e3b10","","Global","FUN_005070b0","005070b0","0"
"","Global","FUN_004e43d0","004e43d0","","Global","FUN_0091d490","0091d490","0"
"","Global","FUN_004e48a0","004e48a0","","Global","FUN_0091d960","0091d960","0"
"","Global","FUN_004e4f50","004e4f50","","Global","FUN_00507a10","00507a10","0"
"","Global","FUN_004e5020","004e5020","","Global","FUN_0091e220","0091e220","0"
"","Global","FUN_004e6330","004e6330","","Global","FUN_0091fa40","0091fa40","0"
"","Global","FUN_004e63b0","004e63b0","","Global","FUN_0091fac0","0091fac0","0"
"","Global","FUN_004e69c0","004e69c0","","Global","FUN_00920300","00920300","0"
"","Global","FUN_004e6a30","004e6a30","","Global","FUN_00920370","00920370","0"
"","Global","FUN_004e6a90","004e6a90","","Global","FUN_009203e0","009203e0","0"
"","Phyre::PRendering::PEffectVariant","createMaterial","004e6ba0","","Global","FUN_00920510","00920510","0"
"","Global","FUN_004e6ca0","004e6ca0","","Global","FUN_00920610","00920610","0"
"","Global","FUN_004e6d40","004e6d40","","Global","FUN_009206b0","009206b0","0"
"","Global","FUN_004e7690","004e7690","","Global","FUN_009211e0","009211e0","0"
"","Global","FUN_004ea040","004ea040","","Global","FUN_00967450","00967450","0"
"","Global","FUN_004ea0d0","004ea0d0","","Global","FUN_009674f0","009674f0","0"
"","Global","FUN_004ea430","004ea430","","Global","FUN_009678a0","009678a0","0"
"","Global","FUN_004ea740","004ea740","","Global","FUN_00967bf0","00967bf0","0"
"","Global","FUN_004ea8b0","004ea8b0","","Global","FUN_00967d60","00967d60","0"
"","Global","FUN_004ea900","004ea900","","Global","FUN_0045d420","0045d420","0"
"","Global","FUN_004eb430","004eb430","","Global","FUN_009688b0","009688b0","0"
"","Global","FUN_004ec470","004ec470","","Global","FUN_009698f0","009698f0","0"
"","Global","FUN_004eeb70","004eeb70","","Global","FUN_0096c0b0","0096c0b0","0"
"","Global","FUN_004ef550","004ef550","","Global","FUN_0096cad0","0096cad0","0"
"","Global","FUN_004ef5a0","004ef5a0","","Global","FUN_0096cb20","0096cb20","0"
"","Global","FUN_004ef8a0","004ef8a0","","Global","FUN_0096ce20","0096ce20","0"
"","Global","FUN_004f0ab0","004f0ab0","","Global","FUN_008d41e0","008d41e0","0"
"","Global","FUN_004f1980","004f1980","","Global","FUN_008d5200","008d5200","0"
"","Global","FUN_004f2940","004f2940","","Global","FUN_00432630","00432630","0"
"","Phyre::PRendering::PMeshInstance","~PMeshInstance","004f2db0","","Global","FUN_008d64b0","008d64b0","0"
"","Global","FUN_004f3130","004f3130","","Global","FUN_008d67e0","008d67e0","0"
"","Global","FUN_004f3a10","004f3a10","","Global","FUN_008d6fe0","008d6fe0","0"
"","Global","FUN_004f4970","004f4970","","Global","FUN_008d7f50","008d7f50","0"
"","Global","FUN_004f4b40","004f4b40","","Global","FUN_008d8120","008d8120","0"
"","Global","FUN_004f5130","004f5130","","Global","FUN_004347a0","004347a0","0"
"","Global","FUN_004f64f0","004f64f0","","Global","FUN_008d9c10","008d9c10","0"
"","Global","FUN_004f6f00","004f6f00","","Global","FUN_008da6c0","008da6c0","0"
"","Global","FUN_004f7060","004f7060","","Global","FUN_004d98f0","004d98f0","0"
"","Global","FUN_004f70e0","004f70e0","","Global","FUN_008da820","008da820","0"
"","Global","FUN_004f7130","004f7130","","Global","FUN_004d9970","004d9970","0"
"","Global","FUN_004f7350","004f7350","","Global","FUN_008da870","008da870","0"
"","Global","FUN_004f7590","004f7590","","Global","FUN_008daab0","008daab0","0"
"","Global","FUN_004f76b0","004f76b0","","Global","FUN_008dabd0","008dabd0","0"
"","Global","FUN_004f77a0","004f77a0","","Global","FUN_008dacc0","008dacc0","0"
"","Global","FUN_004f77e0","004f77e0","","Global","FUN_008dad00","008dad00","0"
"","Global","FUN_004f83b0","004f83b0","","Global","FUN_008db790","008db790","0"
"","Global","FUN_004f8400","004f8400","","Global","FUN_008db7e0","008db7e0","0"
"","Global","FUN_004f8460","004f8460","","Global","FUN_008db880","008db880","0"
"","Global","FUN_004f85d0","004f85d0","","Global","FUN_008dba00","008dba00","0"
"","Global","FUN_004f8920","004f8920","","Global","FUN_008dbc30","008dbc30","0"
"","Global","FUN_004f8c50","004f8c50","","Global","FUN_008dbf50","008dbf50","0"
"","Global","FUN_004f8d00","004f8d00","","Global","FUN_008dc000","008dc000","0"
"","Global","FUN_004f8ff0","004f8ff0","","Global","FUN_008dc2e0","008dc2e0","0"
"","Global","FUN_004f9050","004f9050","","Global","FUN_008dc340","008dc340","0"
"","Global","FUN_004f93d0","004f93d0","","Global","FUN_008dc6c0","008dc6c0","0"
"","Global","FUN_004f9510","004f9510","","Global","FUN_008dc800","008dc800","0"
"","Global","FUN_004f9560","004f9560","","Global","FUN_00448120","00448120","0"
"","Phyre::PRendering::PMeshInstance","updateBoundsFromSkeleton","004f9810","","Global","FUN_008dc890","008dc890","0"
"","Global","FUN_004f9a20","004f9a20","","Global","FUN_008dcaa0","008dcaa0","0"
"","Global","FUN_004f9d60","004f9d60","","Global","FUN_008dcde0","008dcde0","0"
"","Global","FUN_004fa1e0","004fa1e0","","Global","FUN_008dd260","008dd260","0"
"","Global","FUN_004fa590","004fa590","","Global","FUN_009413e0","009413e0","0"
"","Global","FUN_004fa750","004fa750","","Global","FUN_009415a0","009415a0","0"
"","Global","FUN_004faa30","004faa30","","Global","FUN_00941850","00941850","0"
"","Global","FUN_004fbb30","004fbb30","","Global","FUN_00922ae0","00922ae0","0"
"","Global","FUN_004fc780","004fc780","","Global","FUN_00923750","00923750","0"
"","Global","FUN_004fca30","004fca30","","Global","FUN_00923a00","00923a00","0"
"","Global","FUN_004fcb20","004fcb20","","Global","FUN_00923af0","00923af0","0"
"","Global","FUN_004fcf90","004fcf90","","Global","FUN_00970570","00970570","0"
"","Global","FUN_004fd1f0","004fd1f0","","Global","FUN_009707d0","009707d0","0"
"","Global","FUN_004fd350","004fd350","","Global","FUN_00970900","00970900","0"
"","Global","FUN_004fd3f0","004fd3f0","","Global","FUN_00970990","00970990","0"
"","Global","FUN_004fd5d0","004fd5d0","","Global","FUN_00970b70","00970b70","0"
"","Global","FUN_004fd610","004fd610","","Global","FUN_00970bb0","00970bb0","0"
"","Global","FUN_004fd6f0","004fd6f0","","Global","FUN_00970c90","00970c90","0"
"","Global","FUN_004fdab0","004fdab0","","Global","FUN_00971000","00971000","0"
"","Global","FUN_004fdb30","004fdb30","","Global","FUN_00971080","00971080","0"
"","Global","FUN_004fddf0","004fddf0","","Global","FUN_00971340","00971340","0"
"","Global","FUN_004fdf20","004fdf20","","Global","FUN_00971470","00971470","0"
"","Global","FUN_004fdff0","004fdff0","","Global","FUN_00971520","00971520","0"
"","Phyre::PRendering::PSceneWideParameters","getBuffer","004fe010","","Global","FUN_00971540","00971540","0"
"","Global","FUN_004fe9a0","004fe9a0","","Global","FUN_00971e70","00971e70","0"
"","Global","FUN_004fea50","004fea50","","Global","FUN_0046ee00","0046ee00","0"
"","Phyre::PRendering::PSceneWideParameters::PSceneWideParametersKey","initialize","004fea90","","Global","FUN_00971f20","00971f20","0"
"","Global","FUN_004fed30","004fed30","","Global","FUN_009721c0","009721c0","0"
"","Global","FUN_004fee30","004fee30","","Global","FUN_009722b0","009722b0","0"
"","Global","FUN_004fee50","004fee50","","Global","FUN_009722e0","009722e0","0"
"","Global","FUN_004fefe0","004fefe0","","Global","FUN_0094a310","0094a310","0"
"","Global","FUN_004ff090","004ff090","","Global","FUN_0087fd80","0087fd80","0"
"","Global","FUN_004ff110","004ff110","","Global","FUN_00880230","00880230","0"
"","Global","FUN_004ff450","004ff450","","Global","FUN_00924070","00924070","0"
"","Global","FUN_004ff590","004ff590","","Global","FUN_009241b0","009241b0","0"
"","Global","FUN_004ff960","004ff960","","Global","FUN_009244d0","009244d0","0"
"","Global","FUN_004ffb90","004ffb90","","Global","FUN_009246b0","009246b0","0"
"","Global","FUN_004ffe40","004ffe40","","Global","FUN_00924960","00924960","0"
"","Global","FUN_005002f0","005002f0","","Global","FUN_00924e10","00924e10","0"
"","Global","FUN_00500640","00500640","","Global","FUN_00925160","00925160","0"
"","Global","FUN_00500680","00500680","","Global","FUN_009251a0","009251a0","0"
"","Global","FUN_00500710","00500710","","Global","FUN_00925230","00925230","0"
"","Global","FUN_00500780","00500780","","Global","FUN_009252a0","009252a0","0"
"","Global","FUN_005007c0","005007c0","","Global","FUN_009252e0","009252e0","0"
"","Global","FUN_00500810","00500810","","Global","FUN_00925320","00925320","0"
"","Global","FUN_00500880","00500880","","Global","FUN_00925390","00925390","0"
"","Global","FUN_00500960","00500960","","Global","FUN_00925470","00925470","0"
"","Global","FUN_00500a20","00500a20","","Global","FUN_009254f0","009254f0","0"
"","Global","FUN_00500d80","00500d80","","Global","FUN_009256f0","009256f0","0"
"","Global","FUN_005013a0","005013a0","","Global","FUN_009d4f00","009d4f00","0"
"","Global","FUN_00501660","00501660","","Global","FUN_009d51d0","009d51d0","0"
"","Global","FUN_005017d0","005017d0","","Global","FUN_009d5340","009d5340","0"
"","Global","FUN_00501820","00501820","","Global","FUN_009d5390","009d5390","0"
"","Global","FUN_00501da0","00501da0","","Global","FUN_009d5890","009d5890","0"
"","Global","FUN_00501fe0","00501fe0","","Global","FUN_008aff80","008aff80","0"
"","Global","FUN_005029f0","005029f0","","Global","FUN_009d6250","009d6250","0"
"","Global","FUN_00502c10","00502c10","","Global","FUN_009d6430","009d6430","0"
"","Global","FUN_005033b0","005033b0","","Global","FUN_009d6ad0","009d6ad0","0"
"","Global","FUN_00503550","00503550","","Global","FUN_009d6c70","009d6c70","0"
"","Global","FUN_00503c50","00503c50","","Global","FUN_009d7330","009d7330","0"
"","Global","FUN_00504040","00504040","","Global","FUN_009d7720","009d7720","0"
"","Global","FUN_005041a0","005041a0","","Global","FUN_009d7880","009d7880","0"
"","Global","FUN_005043c0","005043c0","","Global","FUN_009d7aa0","009d7aa0","0"
"","Global","FUN_00504b60","00504b60","","Global","FUN_009570f0","009570f0","0"
"","Global","FUN_00505020","00505020","","Global","FUN_009575d0","009575d0","0"
"","Global","FUN_00505170","00505170","","Global","FUN_00957720","00957720","0"
"","Global","FUN_005051e0","005051e0","","Global","FUN_00957790","00957790","0"
"","Global","FUN_005055b0","005055b0","","Global","FUN_00957b30","00957b30","0"
"","Global","FUN_005060f0","005060f0","","Global","FUN_00958680","00958680","0"
"","Global","FUN_00506780","00506780","","Global","FUN_00958d50","00958d50","0"
"","Global","FUN_005067c0","005067c0","","Global","FUN_004d9b90","004d9b90","0"
"","Global","FUN_00506ab0","00506ab0","","Global","FUN_00958ea0","00958ea0","0"
"","Global","FUN_00506c50","00506c50","","Global","FUN_00959040","00959040","0"
"","Global","FUN_00506ce0","00506ce0","","Global","FUN_009590d0","009590d0","0"
"","Global","FUN_00507170","00507170","","Global","FUN_00959500","00959500","0"
"","Global","FUN_005074c0","005074c0","","Global","FUN_00959850","00959850","0"
"","Global","FUN_00507570","00507570","","Global","FUN_00959900","00959900","0"
"","Global","FUN_00507720","00507720","","Global","FUN_00959ab0","00959ab0","0"
"","Global","FUN_005079c0","005079c0","","Global","FUN_00959d50","00959d50","0"
"","Global","FUN_00507b10","00507b10","","Global","FUN_009d7be0","009d7be0","0"
"","Global","FUN_00508450","00508450","","Global","FUN_009d8520","009d8520","0"
"","Global","FUN_00508d00","00508d00","","Global","FUN_009d8dd0","009d8dd0","0"
"","Global","FUN_00509060","00509060","","Global","FUN_008dd310","008dd310","0"
"","Global","FUN_00509db0","00509db0","","Global","FUN_009d9e00","009d9e00","0"
"","Global","FUN_0050ab80","0050ab80","","Global","FUN_009dabd0","009dabd0","0"
"","Global","FUN_0050ac30","0050ac30","","Global","FUN_009dac80","009dac80","0"
"","Global","FUN_0050ae50","0050ae50","","Global","FUN_009daea0","009daea0","0"
"","Global","FUN_0050afd0","0050afd0","","Global","FUN_009db020","009db020","0"
"","Global","FUN_0050b0a0","0050b0a0","","Global","FUN_009db0f0","009db0f0","0"
"","Global","FUN_0050b7c0","0050b7c0","","Global","FUN_009db7f0","009db7f0","0"
"","Global","FUN_0050b890","0050b890","","Global","FUN_009db8c0","009db8c0","0"
"","Global","FUN_0050b910","0050b910","","Global","FUN_009db940","009db940","0"
"","Global","FUN_0050bb00","0050bb00","","Global","FUN_009dbb30","009dbb30","0"
"","Global","FUN_0050bff0","0050bff0","","Global","FUN_009dc020","009dc020","0"
"","Global","FUN_0050c600","0050c600","","Global","FUN_009dc600","009dc600","0"
"","Global","FUN_0050c670","0050c670","","Global","FUN_009dc670","009dc670","0"
"","Global","FUN_0050c880","0050c880","","Global","FUN_009dc880","009dc880","0"
"","Global","FUN_0050c940","0050c940","","Global","FUN_0095cb80","0095cb80","0"
"","Global","FUN_0050c9b0","0050c9b0","","Global","FUN_009dc940","009dc940","0"
"","Global","FUN_0050ca80","0050ca80","","Global","FUN_009dca10","009dca10","0"
"","Global","FUN_0050cce0","0050cce0","","Global","FUN_009dcc70","009dcc70","0"
"","Global","FUN_0050cd90","0050cd90","","Global","FUN_009dcd20","009dcd20","0"
"","Global","FUN_0050ce40","0050ce40","","Global","FUN_009dcdd0","009dcdd0","0"
"","Global","FUN_0050d2a0","0050d2a0","","Global","FUN_009dd230","009dd230","0"
"","Global","FUN_0050d320","0050d320","","Global","FUN_009dd2b0","009dd2b0","0"
"","Global","FUN_0050d400","0050d400","","Global","FUN_009dd390","009dd390","0"
"","Global","FUN_0050d800","0050d800","","Global","FUN_009dd790","009dd790","0"
"","Global","FUN_0050d890","0050d890","","Global","FUN_009dd820","009dd820","0"
"","Global","FUN_0050df00","0050df00","","Global","FUN_009dde70","009dde70","0"
"","Global","FUN_0050df90","0050df90","","Global","FUN_009ddf00","009ddf00","0"
"","Global","FUN_0050e1d0","0050e1d0","","Global","FUN_009de0e0","009de0e0","0"
"","Global","FUN_0050e270","0050e270","","Global","FUN_009de180","009de180","0"
"","Global","FUN_0050e730","0050e730","","Global","FUN_009de640","009de640","0"
"","Global","FUN_0050e7a0","0050e7a0","","Global","FUN_009de6b0","009de6b0","0"
"","Global","FUN_0050e880","0050e880","","Global","FUN_009de790","009de790","0"
"","Global","FUN_0050e8c0","0050e8c0","","Global","FUN_009de7d0","009de7d0","0"
"","Global","FUN_0050e900","0050e900","","Global","FUN_009de810","009de810","0"
"","Global","FUN_0050e950","0050e950","","Global","FUN_009de860","009de860","0"
"","Global","FUN_0050e9e0","0050e9e0","","Global","FUN_009de8f0","009de8f0","0"
"","Global","FUN_0050ea90","0050ea90","","Global","FUN_009de960","009de960","0"
"","Global","FUN_0050ee30","0050ee30","","Global","FUN_009dec80","009dec80","0"
"","Global","FUN_0050eec0","0050eec0","","Global","FUN_009ded10","009ded10","0"
"","Global","FUN_0050f310","0050f310","","Global","FUN_009df150","009df150","0"
"","Global","FUN_0050f370","0050f370","","Global","FUN_009df1b0","009df1b0","0"
"","Global","FUN_0050f480","0050f480","","Global","FUN_009df2c0","009df2c0","0"
"","Global","FUN_0050f800","0050f800","","Global","FUN_009df640","009df640","0"
"","Global","FUN_0050f8f0","0050f8f0","","Global","FUN_009df730","009df730","0"
"","Global","FUN_005105a0","005105a0","","Global","FUN_009e03e0","009e03e0","0"
"","Global","FUN_005110d0","005110d0","","Global","FUN_009e0f10","009e0f10","0"
"","Global","FUN_00511210","00511210","","Global","FUN_009e1050","009e1050","0"
"","Global","FUN_005113c0","005113c0","","Global","FUN_009e1200","009e1200","0"
"","Global","FUN_005115d0","005115d0","","Global","FUN_009e1410","009e1410","0"
"","Global","FUN_005115f0","005115f0","","Global","FUN_009e1430","009e1430","0"
"","Global","FUN_00511ac0","00511ac0","","Global","FUN_009e1900","009e1900","0"
"","Global","FUN_00511c80","00511c80","","Global","FUN_009e1ac0","009e1ac0","0"
"","Global","FUN_00512820","00512820","","Global","FUN_004de240","004de240","0"
"","Global","FUN_00513230","00513230","","Global","FUN_009e3040","009e3040","0"
"","Global","FUN_00513310","00513310","","Global","FUN_009e3120","009e3120","0"
"","Global","FUN_00513530","00513530","","Global","FUN_009e3340","009e3340","0"
"","Global","FUN_00513620","00513620","","Global","FUN_009e3430","009e3430","0"
"","Global","FUN_00513680","00513680","","Global","FUN_009e3490","009e3490","0"
"","Global","FUN_00513be0","00513be0","","Global","FUN_009e39f0","009e39f0","0"
"","Global","FUN_00513d90","00513d90","","Global","FUN_009e3b90","009e3b90","0"
"","Global","FUN_00514b80","00514b80","","Global","FUN_009e4980","009e4980","0"
"","Global","FUN_005159d0","005159d0","","Global","FUN_009e57f0","009e57f0","0"
"","Global","FUN_00516290","00516290","","Global","FUN_009e60b0","009e60b0","0"
"","Global","FUN_005162e0","005162e0","","Global","FUN_009e6100","009e6100","0"
"","Global","FUN_00516390","00516390","","Global","FUN_009e61b0","009e61b0","0"
"","Global","FUN_005164c0","005164c0","","Global","FUN_009e62e0","009e62e0","0"
"","Global","FUN_00516500","00516500","","Global","FUN_009e6320","009e6320","0"
"","Global","FUN_00516a00","00516a00","","Global","FUN_009e6820","009e6820","0"
"","Global","FUN_00516b50","00516b50","","Global","FUN_009e6970","009e6970","0"
"","Global","FUN_00516b70","00516b70","","Global","FUN_009e6990","009e6990","0"
"","Global","FUN_00516da0","00516da0","","Global","FUN_009e6bc0","009e6bc0","0"
"","Global","FUN_00516e40","00516e40","","Global","FUN_009e6c60","009e6c60","0"
"","Global","FUN_00516f50","00516f50","","Global","FUN_009e6d70","009e6d70","0"
"","Global","FUN_00516fb0","00516fb0","","Global","FUN_009e6dd0","009e6dd0","0"
"","Global","FUN_00517070","00517070","","Global","FUN_009e6e90","009e6e90","0"
"","Global","FUN_00517130","00517130","","Global","FUN_009e6f50","009e6f50","0"
"","Global","FUN_00517210","00517210","","Global","FUN_009e7030","009e7030","0"
"","Global","FUN_005172e0","005172e0","","Global","FUN_009e7100","009e7100","0"
"","Global","FUN_00517950","00517950","","Global","FUN_009e7770","009e7770","0"
"","Global","FUN_00518ba0","00518ba0","","Global","FUN_009e89c0","009e89c0","0"
"","Global","FUN_00518bf0","00518bf0","","Global","FUN_009e8a10","009e8a10","0"
"","Global","FUN_005194c0","005194c0","","Global","FUN_009e92e0","009e92e0","0"
"","Global","FUN_005195a0","005195a0","","Global","FUN_009e93c0","009e93c0","0"
"","Global","FUN_00519720","00519720","","Global","FUN_009e9540","009e9540","0"
"","Global","FUN_00519750","00519750","","Global","FUN_009e9570","009e9570","0"
"","Global","FUN_00519f30","00519f30","","Global","FUN_009e9d40","009e9d40","0"
"","Global","FUN_0051bcd0","0051bcd0","","Global","FUN_009ebae0","009ebae0","0"
"","Global","FUN_0051c440","0051c440","","Global","FUN_009ec240","009ec240","0"
"","Global","FUN_0051c5f0","0051c5f0","","Global","FUN_009ec3f0","009ec3f0","0"
"","Global","FUN_0051cb80","0051cb80","","Global","FUN_009ec980","009ec980","0"
"","Global","FUN_0051cba0","0051cba0","","Global","FUN_009ec9a0","009ec9a0","0"
"","Global","FUN_0051cca0","0051cca0","","Global","FUN_009ecaa0","009ecaa0","0"
"","Global","FUN_0051cd10","0051cd10","","Global","FUN_009ecb10","009ecb10","0"
"","Global","FUN_0051d480","0051d480","","Global","FUN_009ed280","009ed280","0"
"","Global","FUN_0051d610","0051d610","","Global","FUN_009ed410","009ed410","0"
"","Global","FUN_0051d6e0","0051d6e0","","Global","FUN_009ed4e0","009ed4e0","0"
"","Global","FUN_0051d910","0051d910","","Global","FUN_009ed710","009ed710","0"
"","Global","FUN_0051dff0","0051dff0","","Global","FUN_009eddf0","009eddf0","0"
"","Global","FUN_0051f070","0051f070","","Global","FUN_009eee70","009eee70","0"
"","Global","FUN_0051f570","0051f570","","Global","FUN_009ef370","009ef370","0"
"","Global","FUN_00520350","00520350","","Global","FUN_009f0150","009f0150","0"
"","Global","FUN_00520650","00520650","","Global","FUN_009f0450","009f0450","0"
"","Global","FUN_00520690","00520690","","Global","FUN_009f0490","009f0490","0"
"","Global","FUN_00520820","00520820","","Global","FUN_009f0620","009f0620","0"
"","Global","FUN_00520920","00520920","","Global","FUN_009f0720","009f0720","0"
"","Global","FUN_00520b40","00520b40","","Global","FUN_009f0940","009f0940","0"
"","Global","FUN_00520e70","00520e70","","Global","FUN_009f0c70","009f0c70","0"
"","Global","FUN_00522050","00522050","","Global","FUN_009f1e50","009f1e50","0"
"","Global","FUN_005222a0","005222a0","","Global","FUN_009f20a0","009f20a0","0"
"","Global","FUN_005223a0","005223a0","","Global","FUN_009f21a0","009f21a0","0"
"","Global","FUN_00522700","00522700","","Global","FUN_009f2500","009f2500","0"
"","Global","FUN_00522770","00522770","","Global","FUN_009f2570","009f2570","0"
"","Global","FUN_00522d50","00522d50","","Global","FUN_009f2b50","009f2b50","0"
"","Global","FUN_00522e30","00522e30","","Global","FUN_009f2c30","009f2c30","0"
"","Global","FUN_00522ee0","00522ee0","","Global","FUN_009f2ce0","009f2ce0","0"
"","Global","FUN_00523340","00523340","","Global","FUN_009f3120","009f3120","0"
"","Global","FUN_005233b0","005233b0","","Global","FUN_009f3190","009f3190","0"
"","Global","FUN_00523900","00523900","","Global","FUN_009f36e0","009f36e0","0"
"","Global","FUN_005239f0","005239f0","","Global","FUN_009f37d0","009f37d0","0"
"","Global","FUN_00523a50","00523a50","","Global","FUN_009f3830","009f3830","0"
"","Global","FUN_00523b10","00523b10","","Global","FUN_009f38f0","009f38f0","0"
"","Global","FUN_00524330","00524330","","Global","FUN_009f4110","009f4110","0"
"","Global","FUN_005247c0","005247c0","","Global","FUN_009f45a0","009f45a0","0"
"","Global","FUN_005249b0","005249b0","","Global","FUN_009f4790","009f4790","0"
"","Global","FUN_00524ee0","00524ee0","","Global","FUN_009f4cc0","009f4cc0","0"
"","Global","FUN_00525520","00525520","","Global","FUN_009f5300","009f5300","0"
"","Global","FUN_005259e0","005259e0","","Global","FUN_009f57c0","009f57c0","0"
"","Global","FUN_00525a00","00525a00","","Global","FUN_009f57e0","009f57e0","0"
"","Global","FUN_00525a30","00525a30","","Global","FUN_009f5810","009f5810","0"
"","Global","FUN_005263b0","005263b0","","Global","FUN_009f6190","009f6190","0"
"","Global","FUN_005263f0","005263f0","","Global","FUN_009f61d0","009f61d0","0"
"","Global","FUN_00526420","00526420","","Global","FUN_009f6200","009f6200","0"
"","Global","FUN_00526590","00526590","","Global","FUN_009f6370","009f6370","0"
"","Global","FUN_005265e0","005265e0","","Global","FUN_009f63c0","009f63c0","0"
"","Global","FUN_005266f0","005266f0","","Global","FUN_009f64d0","009f64d0","0"
"","Global","FUN_00527d00","00527d00","","Global","FUN_009f7630","009f7630","0"
"","Global","FUN_00527ea0","00527ea0","","Global","FUN_009f7780","009f7780","0"
"","Global","FUN_00527ee0","00527ee0","","Global","FUN_009f77c0","009f77c0","0"
"","Global","FUN_00527f60","00527f60","","Global","FUN_009f7840","009f7840","0"
"","Global","FUN_00528490","00528490","","Global","FUN_009f7be0","009f7be0","0"
"","Global","FUN_00529f90","00529f90","","Global","FUN_009f8e20","009f8e20","0"
"","Global","FUN_00529fa0","00529fa0","","Global","FUN_009f8e30","009f8e30","0"
"","Global","FUN_0052a090","0052a090","","Global","FUN_009f8f10","009f8f10","0"
"","Global","FUN_0052a1a0","0052a1a0","","Global","FUN_009f9000","009f9000","0"
"","Global","FUN_0052a790","0052a790","","Global","FUN_009f9400","009f9400","0"
"","Global","FUN_0052a7f0","0052a7f0","","Global","FUN_009f9450","009f9450","0"
"","Global","FUN_0052ae40","0052ae40","","Global","FUN_009f9880","009f9880","0"
"","Global","FUN_0052afd0","0052afd0","","Global","FUN_009f99e0","009f99e0","0"
"","Global","FUN_0052ca30","0052ca30","","Global","FUN_009fb430","009fb430","0"
"","Global","FUN_0052cd90","0052cd90","","Global","FUN_009fb790","009fb790","0"
"","Global","FUN_0052d000","0052d000","","Global","FUN_009fba00","009fba00","0"
"","Global","FUN_0052d050","0052d050","","Global","FUN_009fba50","009fba50","0"
"","Global","FUN_0052d2c0","0052d2c0","","Global","FUN_009fbcc0","009fbcc0","0"
"","Global","FUN_0052d870","0052d870","","Global","FUN_009fc270","009fc270","0"
"","Global","FUN_0052d9a0","0052d9a0","","Global","FUN_008e9d90","008e9d90","0"
"","Global","FUN_0052dc20","0052dc20","","Global","FUN_009fc570","009fc570","0"
"","Global","FUN_0052e440","0052e440","","Global","FUN_009fcd80","009fcd80","0"
"","Global","FUN_0052ee00","0052ee00","","Global","FUN_009fd740","009fd740","0"
"","Global","FUN_0052f0d0","0052f0d0","","Global","FUN_009fda00","009fda00","0"
"","Global","FUN_0052f7a0","0052f7a0","","Global","FUN_009fe0d0","009fe0d0","0"
"","Global","FUN_0052fa00","0052fa00","","Global","FUN_009fe330","009fe330","0"
"","Global","FUN_005306e0","005306e0","","Global","FUN_009ff010","009ff010","0"
"","Global","FUN_005308b0","005308b0","","Global","FUN_009ff1e0","009ff1e0","0"
"","Global","FUN_00530c80","00530c80","","Global","FUN_009ff5b0","009ff5b0","0"
"","Global","FUN_00530d90","00530d90","","Global","FUN_009ff6c0","009ff6c0","0"
"","Global","FUN_00530ee0","00530ee0","","Global","FUN_0045b910","0045b910","0"
"","Global","FUN_00531470","00531470","","Global","FUN_009ffd50","009ffd50","0"
"","Global","FUN_005317c0","005317c0","","Global","FUN_00a00020","00a00020","0"
"","Global","FUN_00531b30","00531b30","","Global","FUN_00481f70","00481f70","0"
"","Global","FUN_00531ba0","00531ba0","","Global","FUN_004837c0","004837c0","0"
"","Global","FUN_00532000","00532000","","Global","FUN_00a00790","00a00790","0"
"","Global","FUN_00533930","00533930","","Global","FUN_00a01d70","00a01d70","0"
"","Global","FUN_005342e0","005342e0","","Global","FUN_00a025b0","00a025b0","0"
"","Global","FUN_005344c0","005344c0","","Global","FUN_00a02790","00a02790","0"
"","Global","FUN_005345b0","005345b0","","Global","FUN_00a02880","00a02880","0"
"","Global","FUN_00534c70","00534c70","","Global","FUN_00a02ea0","00a02ea0","0"
"","Global","FUN_00534da0","00534da0","","Global","FUN_00a02fd0","00a02fd0","0"
"","Global","FUN_00534fa0","00534fa0","","Global","FUN_00a03160","00a03160","0"
"","Global","FUN_00535d50","00535d50","","Global","FUN_00a03cb0","00a03cb0","0"
"","Global","FUN_00535f70","00535f70","","Global","FUN_00a03ee0","00a03ee0","0"
"","Global","FUN_00536390","00536390","","Global","FUN_00a04300","00a04300","0"
"","Global","FUN_005395e0","005395e0","","Global","FUN_00a06de0","00a06de0","0"
"","Global","FUN_005396b0","005396b0","","Global","FUN_00a06eb0","00a06eb0","0"
"","Global","FUN_00539760","00539760","","Global","FUN_00880f30","00880f30","0"
"","Global","FUN_005397a0","005397a0","","Global","FUN_00a06f60","00a06f60","0"
"","Global","FUN_0053a0d0","0053a0d0","","Global","FUN_00a07700","00a07700","0"
"","Global","FUN_0053a180","0053a180","","Global","FUN_00a077b0","00a077b0","0"
"","Global","FUN_0053a1b0","0053a1b0","","Global","FUN_00a077e0","00a077e0","0"
"","Global","FUN_0053a1d0","0053a1d0","","Global","FUN_00a07800","00a07800","0"
"","Global","FUN_0053a240","0053a240","","Global","FUN_00a07870","00a07870","0"
"","Global","FUN_0053a440","0053a440","","Global","FUN_00a07a60","00a07a60","0"
"","Global","FUN_0053a8e0","0053a8e0","","Global","FUN_00a07ee0","00a07ee0","0"
"","Global","FUN_0053b130","0053b130","","Global","FUN_004d9ec0","004d9ec0","0"
"","Global","FUN_0053b830","0053b830","","Global","FUN_00a08bf0","00a08bf0","0"
"","Global","FUN_0053b890","0053b890","","Global","FUN_00a08c50","00a08c50","0"
"","Global","FUN_0053bb00","0053bb00","","Global","FUN_00a08ec0","00a08ec0","0"
"","Global","FUN_0053c3c0","0053c3c0","","Global","FUN_00a09610","00a09610","0"
"","Global","FUN_0053ccf0","0053ccf0","","Global","FUN_00a09d90","00a09d90","0"
"","Global","FUN_0053d260","0053d260","","Global","FUN_00a0a2d0","00a0a2d0","0"
"","Global","FUN_0053d370","0053d370","","Global","FUN_00a0a3e0","00a0a3e0","0"
"","Global","FUN_0053e880","0053e880","","Global","FUN_00a0b8f0","00a0b8f0","0"
"","Global","FUN_0053e910","0053e910","","Global","FUN_00a0b980","00a0b980","0"
"","Global","FUN_0053e950","0053e950","","Global","FUN_00a0b9c0","00a0b9c0","0"
"","Global","FUN_0053e9a0","0053e9a0","","Global","FUN_00a0ba10","00a0ba10","0"
"","Global","FUN_0053ea40","0053ea40","","Global","FUN_00a0bab0","00a0bab0","0"
"","Global","FUN_0053eab0","0053eab0","","Global","FUN_00a0bb20","00a0bb20","0"
"","Global","FUN_0053ead0","0053ead0","","Global","FUN_00a0bb40","00a0bb40","0"
"","Global","FUN_0053eb10","0053eb10","","Global","FUN_00a0bb80","00a0bb80","0"
"","Global","FUN_0053ed30","0053ed30","","Global","FUN_00a0bda0","00a0bda0","0"
"","Global","FUN_0053ede0","0053ede0","","Global","FUN_00a0be50","00a0be50","0"
"","Global","FUN_0053eed0","0053eed0","","Global","FUN_00a0bf40","00a0bf40","0"
"","Global","FUN_0053ef40","0053ef40","","Global","FUN_00a0bfb0","00a0bfb0","0"
"","Global","FUN_0053f560","0053f560","","Global","FUN_00a0c5d0","00a0c5d0","0"
"","Global","FUN_0053f670","0053f670","","Global","FUN_00a0c6f0","00a0c6f0","0"
"","Global","FUN_005408b0","005408b0","","Global","FUN_00a0d930","00a0d930","0"
"","Global","FUN_00540ce0","00540ce0","","Global","FUN_00a0dd60","00a0dd60","0"
"","Global","FUN_00540d70","00540d70","","Global","FUN_00a0ddf0","00a0ddf0","0"
"","Global","FUN_005418d0","005418d0","","Global","FUN_00a0e950","00a0e950","0"
"","Global","FUN_00541d50","00541d50","","Global","FUN_00a0edd0","00a0edd0","0"
"","Global","FUN_00541ef0","00541ef0","","Global","FUN_00a0ef70","00a0ef70","0"
"","Global","FUN_00542040","00542040","","Global","FUN_00a0f0c0","00a0f0c0","0"
"","Global","FUN_005420c0","005420c0","","Global","FUN_00a0f140","00a0f140","0"
"","Global","FUN_00542130","00542130","","Global","FUN_00a0f1b0","00a0f1b0","0"
"","Global","FUN_005423a0","005423a0","","Global","FUN_00a0f420","00a0f420","0"
"","Global","FUN_00542480","00542480","","Global","FUN_00a0f500","00a0f500","0"
"","Global","FUN_00542570","00542570","","Global","FUN_00a0f5f0","00a0f5f0","0"
"","Global","FUN_005425e0","005425e0","","Global","FUN_00a0f660","00a0f660","0"
"","Global","FUN_00542650","00542650","","Global","FUN_00a0f6d0","00a0f6d0","0"
"","Global","FUN_005426b0","005426b0","","Global","FUN_00a0f730","00a0f730","0"
"","Global","FUN_00542710","00542710","","Global","FUN_00a0f790","00a0f790","0"
"","Global","FUN_00542dc0","00542dc0","","Global","FUN_00a0fe40","00a0fe40","0"
"","Global","FUN_00543140","00543140","","Global","FUN_00a101c0","00a101c0","0"
"","Global","FUN_005431a0","005431a0","","Global","FUN_00a10220","00a10220","0"
"","Global","FUN_005431f0","005431f0","","Global","FUN_00a10270","00a10270","0"
"","Global","FUN_005432a0","005432a0","","Global","FUN_00a10320","00a10320","0"
"","Global","FUN_00543480","00543480","","Global","FUN_00a10500","00a10500","0"
"","Global","FUN_00543650","00543650","","Global","FUN_00a106d0","00a106d0","0"
"","Global","FUN_005436c0","005436c0","","Global","FUN_00a10740","00a10740","0"
"","Global","FUN_00543a60","00543a60","","Global","FUN_00a10ae0","00a10ae0","0"
"","Global","FUN_00543c20","00543c20","","Global","FUN_00a10ca0","00a10ca0","0"
"","Global","FUN_00543cb0","00543cb0","","Global","FUN_00a10d30","00a10d30","0"
"","Global","FUN_00543db0","00543db0","","Global","FUN_00a10e30","00a10e30","0"
"","Global","FUN_00543f00","00543f00","","Global","FUN_00a10f80","00a10f80","0"
"","Global","FUN_00543fa0","00543fa0","","Global","FUN_00a11020","00a11020","0"
"","Global","FUN_00544190","00544190","","Global","FUN_00a11210","00a11210","0"
"","Global","FUN_00544210","00544210","","Global","FUN_00a11290","00a11290","0"
"","Global","FUN_00544260","00544260","","Global","FUN_00a112e0","00a112e0","0"
"","Global","FUN_00544430","00544430","","Global","FUN_00a114b0","00a114b0","0"
"","Global","FUN_00544780","00544780","","Global","FUN_00a11800","00a11800","0"
"","Global","FUN_005455d0","005455d0","","Global","FUN_00a12660","00a12660","0"
"","Global","FUN_00547410","00547410","","Global","FUN_00a14460","00a14460","0"
"","Global","FUN_00547530","00547530","","Global","FUN_00a14580","00a14580","0"
"","Global","FUN_005476d0","005476d0","","Global","FUN_00a14720","00a14720","0"
"","Global","FUN_005477a0","005477a0","","Global","FUN_00a147f0","00a147f0","0"
"","Global","FUN_00547890","00547890","","Global","FUN_00a148e0","00a148e0","0"
"","Global","FUN_005478e0","005478e0","","Global","FUN_00a14930","00a14930","0"
"","Global","FUN_005479c0","005479c0","","Global","FUN_00a149e0","00a149e0","0"
"","Global","FUN_00547b50","00547b50","","Global","FUN_00a14b70","00a14b70","0"
"","Global","FUN_00548030","00548030","","Global","FUN_00a15050","00a15050","0"
"","Global","FUN_00548910","00548910","","Global","FUN_00a15930","00a15930","0"
"","Global","FUN_00548ac0","00548ac0","","Global","FUN_00a15ae0","00a15ae0","0"
"","Global","FUN_00549660","00549660","","Global","FUN_00a16650","00a16650","0"
"","Global","FUN_00549a00","00549a00","","Global","FUN_00a169c0","00a169c0","0"
"","Global","FUN_00549a60","00549a60","","Global","FUN_00a16a20","00a16a20","0"
"","Global","FUN_00549ae0","00549ae0","","Global","FUN_00a16aa0","00a16aa0","0"
"","Global","FUN_00549ba0","00549ba0","","Global","FUN_00a16b60","00a16b60","0"
"","Global","FUN_00549df0","00549df0","","Global","FUN_00a16db0","00a16db0","0"
"","Global","FUN_00549f90","00549f90","","Global","FUN_00a16f50","00a16f50","0"
"","Global","FUN_0054a2b0","0054a2b0","","Global","FUN_00a17270","00a17270","0"
"","Global","FUN_0054aa10","0054aa10","","Global","FUN_00a179d0","00a179d0","0"
"","Global","FUN_0054ab40","0054ab40","","Global","FUN_00a17b00","00a17b00","0"
"","Global","FUN_0054ade0","0054ade0","","Global","FUN_00a17da0","00a17da0","0"
"","Global","FUN_0054b1c0","0054b1c0","","Global","FUN_00a18180","00a18180","0"
"","Global","FUN_0054b440","0054b440","","Global","FUN_00a18400","00a18400","0"
"","Global","FUN_0054b460","0054b460","","Global","FUN_00a18420","00a18420","0"
"","Global","FUN_0054b660","0054b660","","Global","FUN_00a18620","00a18620","0"
"","Global","FUN_0054b690","0054b690","","Global","FUN_00a18650","00a18650","0"
"","Global","FUN_0054b7d0","0054b7d0","","Global","FUN_00a18790","00a18790","0"
"","Global","FUN_0054b9a0","0054b9a0","","Global","FUN_00a18960","00a18960","0"
"","Global","FUN_0054bb80","0054bb80","","Global","FUN_00a18b40","00a18b40","0"
"","Global","FUN_0054bc10","0054bc10","","Global","FUN_004d9f50","004d9f50","0"
"","Global","FUN_0054bcf0","0054bcf0","","Global","FUN_00a18c30","00a18c30","0"
"","Global","FUN_0054bd50","0054bd50","","Global","FUN_0046f420","0046f420","0"
"","Global","FUN_0054bea0","0054bea0","","Global","FUN_00904010","00904010","0"
"","Global","FUN_0054bef0","0054bef0","","Global","FUN_00a18d20","00a18d20","0"
"","Global","FUN_0054c090","0054c090","","Global","FUN_00a18ec0","00a18ec0","0"
"","Global","FUN_0054c610","0054c610","","Global","FUN_00a19440","00a19440","0"
"","Global","FUN_0054c810","0054c810","","Global","FUN_00a19640","00a19640","0"
"","Global","FUN_0054c9c0","0054c9c0","","Global","FUN_00a197f0","00a197f0","0"
"","Global","FUN_0054ca10","0054ca10","","Global","FUN_00a19840","00a19840","0"
"","Global","FUN_0054ca60","0054ca60","","Global","FUN_00a19890","00a19890","0"
"","Global","FUN_0054cee0","0054cee0","","Global","FUN_00a19d10","00a19d10","0"
"","Global","FUN_0054cf70","0054cf70","","Global","FUN_00486290","00486290","0"
"","Global","FUN_0054cf90","0054cf90","","Global","FUN_00448400","00448400","0"
"","Global","FUN_0054cfb0","0054cfb0","","Global","FUN_004862b0","004862b0","0"
"","Global","FUN_0054d140","0054d140","","Global","FUN_00a19f00","00a19f00","0"
"","Global","FUN_0054d190","0054d190","","Global","FUN_00a19f50","00a19f50","0"
"","Global","FUN_0054de20","0054de20","","Global","FUN_00a1abe0","00a1abe0","0"
"","Global","FUN_0054e1d0","0054e1d0","","Global","FUN_00a1af90","00a1af90","0"
"","Global","FUN_0054e240","0054e240","","Global","FUN_00a1b000","00a1b000","0"
"","Global","FUN_0054e2b0","0054e2b0","","Global","FUN_00a1b070","00a1b070","0"
"","Global","FUN_0054e3c0","0054e3c0","","Global","FUN_00a1b180","00a1b180","0"
"","Global","FUN_0054e5d0","0054e5d0","","Global","FUN_00a1b390","00a1b390","0"
"","Global","FUN_0054e940","0054e940","","Global","FUN_00a1b700","00a1b700","0"
"","Global","FUN_0054fd40","0054fd40","","Global","FUN_00a1caf0","00a1caf0","0"
"","Global","FUN_005503a0","005503a0","","Global","FUN_00a1d140","00a1d140","0"
"","Global","FUN_005504e0","005504e0","","Global","FUN_00a1d280","00a1d280","0"
"","Global","FUN_005505a0","005505a0","","Global","FUN_00a1d340","00a1d340","0"
"","Global","FUN_00550ed0","00550ed0","","Global","FUN_00a1dc60","00a1dc60","0"
"","Global","FUN_00551050","00551050","","Global","FUN_00a1dde0","00a1dde0","0"
"","Global","FUN_00551750","00551750","","Global","FUN_00a1e4e0","00a1e4e0","0"
"","Global","FUN_00551810","00551810","","Global","FUN_00a1e5a0","00a1e5a0","0"
"","Global","FUN_00551890","00551890","","Global","FUN_00a1e620","00a1e620","0"
"","Global","FUN_005518d0","005518d0","","Global","FUN_00a1e660","00a1e660","0"
"","Global","FUN_00551a10","00551a10","","Global","FUN_00a1e7a0","00a1e7a0","0"
"","Global","FUN_00551f20","00551f20","","Global","FUN_00a1ecb0","00a1ecb0","0"
"","Global","FUN_00551fa0","00551fa0","","Global","FUN_00a1ed30","00a1ed30","0"
"","Global","FUN_00552380","00552380","","Global","FUN_00a1f110","00a1f110","0"
"","Global","FUN_00552440","00552440","","Global","FUN_00a1f1d0","00a1f1d0","0"
"","Global","FUN_00552c20","00552c20","","Global","FUN_00a1f9b0","00a1f9b0","0"
"","Global","FUN_00552d80","00552d80","","Global","FUN_00a1fb10","00a1fb10","0"
"","Global","FUN_00552de0","00552de0","","Global","FUN_00a1fb70","00a1fb70","0"
"","Global","FUN_00552eb0","00552eb0","","Global","FUN_00a1fc40","00a1fc40","0"
"","Global","FUN_00553340","00553340","","Global","FUN_00a200d0","00a200d0","0"
"","Global","FUN_00553370","00553370","","Global","FUN_00a20100","00a20100","0"
"","Global","FUN_00553410","00553410","","Global","FUN_00a201a0","00a201a0","0"
"","Global","FUN_005535b0","005535b0","","Global","FUN_00a20340","00a20340","0"
"","Global","FUN_00553700","00553700","","Global","FUN_00a20490","00a20490","0"
"","Global","FUN_00553af0","00553af0","","Global","FUN_00a20880","00a20880","0"
"","Global","FUN_00553be0","00553be0","","Global","FUN_00a20970","00a20970","0"
"","Global","FUN_00553c90","00553c90","","Global","FUN_00a20a20","00a20a20","0"
"","Global","FUN_00553cf0","00553cf0","","Global","FUN_00a20a80","00a20a80","0"
"","Global","FUN_00553ec0","00553ec0","","Global","FUN_00a20c50","00a20c50","0"
"","Global","FUN_00554770","00554770","","Global","FUN_00a21500","00a21500","0"
"","Global","FUN_005549a0","005549a0","","Global","FUN_00a21730","00a21730","0"
"","Global","FUN_005549d0","005549d0","","Global","FUN_00a21760","00a21760","0"
"","Global","FUN_00554be0","00554be0","","Global","FUN_00a21970","00a21970","0"
"","Global","FUN_00554cd0","00554cd0","","Global","FUN_00a21a60","00a21a60","0"
"","Global","FUN_00555120","00555120","","Global","FUN_00a21eb0","00a21eb0","0"
"","Global","FUN_00555360","00555360","","Global","FUN_00a220f0","00a220f0","0"
"","Global","FUN_005553e0","005553e0","","Global","FUN_00a22170","00a22170","0"
"","Global","FUN_00555550","00555550","","Global","FUN_00a222e0","00a222e0","0"
"","Global","FUN_005555e0","005555e0","","Global","FUN_00a22370","00a22370","0"
"","Global","FUN_00555d30","00555d30","","Global","FUN_00a22ac0","00a22ac0","0"
"","Global","FUN_00555f00","00555f00","","Global","FUN_00a22c90","00a22c90","0"
"","Global","FUN_00555f90","00555f90","","Global","FUN_00a22d20","00a22d20","0"
"","Global","FUN_00556060","00556060","","Global","FUN_00a22df0","00a22df0","0"
"","Global","FUN_00556090","00556090","","Global","FUN_00a22e20","00a22e20","0"
"","Global","FUN_00556390","00556390","","Global","FUN_00a23120","00a23120","0"
"","Global","FUN_00556510","00556510","","Global","FUN_00a232a0","00a232a0","0"
"","Global","FUN_005565e0","005565e0","","Global","FUN_00a23370","00a23370","0"
"","Global","FUN_00556a80","00556a80","","Global","FUN_00a23810","00a23810","0"
"","Global","FUN_00556af0","00556af0","","Global","FUN_00a23880","00a23880","0"
"","Global","FUN_00556bb0","00556bb0","","Global","FUN_00a23940","00a23940","0"
"","Global","FUN_00556c80","00556c80","","Global","FUN_00a23a10","00a23a10","0"
"","Global","FUN_00557250","00557250","","Global","FUN_00a23fe0","00a23fe0","0"
"","Global","FUN_00557450","00557450","","Global","FUN_00a241e0","00a241e0","0"
"","Global","FUN_00557580","00557580","","Global","FUN_00a24310","00a24310","0"
"","Global","FUN_00557810","00557810","","Global","FUN_00a245a0","00a245a0","0"
"","Global","FUN_00558570","00558570","","Global","FUN_00a25300","00a25300","0"
"","Global","FUN_005589d0","005589d0","","Global","FUN_00a25760","00a25760","0"
"","Global","FUN_00558a60","00558a60","","Global","FUN_00a257f0","00a257f0","0"
"","Global","FUN_00558b40","00558b40","","Global","FUN_00a258d0","00a258d0","0"
"","Global","FUN_00558c40","00558c40","","Global","FUN_00a259c0","00a259c0","0"
"","Global","FUN_00558c80","00558c80","","Global","FUN_00a25a00","00a25a00","0"
"","Global","FUN_00558d20","00558d20","","Global","FUN_00a25aa0","00a25aa0","0"
"","Global","FUN_00558e20","00558e20","","Global","FUN_00a25ba0","00a25ba0","0"
"","Global","FUN_005595d0","005595d0","","Global","FUN_00a26350","00a26350","0"
"","Global","FUN_005596a0","005596a0","","Global","FUN_00a26420","00a26420","0"
"","Global","FUN_00559830","00559830","","Global","FUN_00a265b0","00a265b0","0"
"","Global","FUN_005598a0","005598a0","","Global","FUN_00a26620","00a26620","0"
"","Global","FUN_00559bc0","00559bc0","","Global","FUN_00a26940","00a26940","0"
"","Global","FUN_00559c40","00559c40","","Global","FUN_00a269c0","00a269c0","0"
"","Global","FUN_0055a9f0","0055a9f0","","Global","FUN_00a27770","00a27770","0"
"","Global","FUN_0055aaf0","0055aaf0","","Global","FUN_00a27870","00a27870","0"
"","Global","FUN_0055ac60","0055ac60","","Global","FUN_00a279e0","00a279e0","0"
"","Global","FUN_0055aca0","0055aca0","","Global","FUN_00a27a20","00a27a20","0"
"","Global","FUN_0055b0c0","0055b0c0","","Global","FUN_00a27e40","00a27e40","0"
"","Global","FUN_0055b130","0055b130","","Global","FUN_00a27eb0","00a27eb0","0"
"","Global","FUN_0055b4f0","0055b4f0","","Global","FUN_00a28280","00a28280","0"
"","Global","FUN_0055b600","0055b600","","Global","FUN_00a28390","00a28390","0"
"","Global","FUN_0055b7e0","0055b7e0","","Global","FUN_00a28570","00a28570","0"
"","Global","FUN_0055b8f0","0055b8f0","","Global","FUN_00a28680","00a28680","0"
"","Global","FUN_0055bba0","0055bba0","","Global","FUN_0094aaa0","0094aaa0","0"
"","Global","FUN_0055bcb0","0055bcb0","","Global","FUN_0094abb0","0094abb0","0"
"","Global","FUN_0055bdb0","0055bdb0","","Global","FUN_0094acb0","0094acb0","0"
"","Global","FUN_0055ddc0","0055ddc0","","Global","FUN_00896730","00896730","0"
"","Global","FUN_0055deb0","0055deb0","","Global","FUN_00896850","00896850","0"
"","Global","FUN_0055e120","0055e120","","Global","FUN_00896b00","00896b00","0"
"","Global","FUN_0055e1e0","0055e1e0","","Global","FUN_00896bc0","00896bc0","0"
"","Global","FUN_0055ee20","0055ee20","","Global","FUN_00897c30","00897c30","0"
"","Global","FUN_00562f60","00562f60","","Global","FUN_0089be50","0089be50","0"
"","Global","FUN_00563220","00563220","","Global","FUN_0089c110","0089c110","0"
"","Global","FUN_005633f0","005633f0","","Global","FUN_0089c2e0","0089c2e0","0"
"","Global","FUN_005635f0","005635f0","","Global","FUN_0089c4e0","0089c4e0","0"
"","Global","FUN_005638a0","005638a0","","Global","FUN_0089c790","0089c790","0"
"","Global","FUN_00563a60","00563a60","","Global","FUN_0089c950","0089c950","0"
"","Global","FUN_00564d80","00564d80","","Global","FUN_0089dcb0","0089dcb0","0"
"","Global","FUN_00564e10","00564e10","","Global","FUN_0089dd40","0089dd40","0"
"","Global","FUN_00565120","00565120","","Global","FUN_0089e050","0089e050","0"
"","Global","FUN_00565160","00565160","","Global","FUN_0089e090","0089e090","0"
"","Global","FUN_00565270","00565270","","Global","FUN_0094ae10","0094ae10","0"
"","Global","FUN_00567260","00567260","","Global","FUN_0094d130","0094d130","0"
"","Global","FUN_00567360","00567360","","Global","FUN_0094d230","0094d230","0"
"","Global","FUN_005676e0","005676e0","","Global","FUN_0094d600","0094d600","0"
"","Global","FUN_00567770","00567770","","Global","FUN_0094d690","0094d690","0"
"","Global","FUN_00567810","00567810","","Global","FUN_0094d730","0094d730","0"
"","Global","FUN_00567b20","00567b20","","Global","FUN_0094da60","0094da60","0"
"","Global","FUN_00567ba0","00567ba0","","Global","FUN_0094dae0","0094dae0","0"
"","Global","FUN_00567bf0","00567bf0","","Global","FUN_0094db30","0094db30","0"
"","Global","FUN_00567de0","00567de0","","Global","FUN_0094dd20","0094dd20","0"
"","Global","FUN_00568590","00568590","","Global","FUN_0094e600","0094e600","0"
"","Global","FUN_00568840","00568840","","Global","FUN_0094e900","0094e900","0"
"","Global","FUN_00568c00","00568c00","","Global","FUN_0094ecc0","0094ecc0","0"
"","Global","FUN_00568f10","00568f10","","Global","FUN_0094efe0","0094efe0","0"
"","Global","FUN_00569300","00569300","","Global","FUN_0094f3e0","0094f3e0","0"
"","Global","FUN_0056bba0","0056bba0","","Global","FUN_00952380","00952380","0"
"","Global","FUN_0056bc10","0056bc10","","Global","FUN_009523f0","009523f0","0"
"","Global","FUN_0056bc50","0056bc50","","Global","FUN_00434e00","00434e00","0"
"","Global","FUN_0056c270","0056c270","","Global","FUN_00952ba0","00952ba0","0"
"","Global","FUN_0056c2b0","0056c2b0","","Global","FUN_00952be0","00952be0","0"
"","Global","FUN_0056c390","0056c390","","Global","FUN_00952cc0","00952cc0","0"
"","Global","FUN_0056c3d0","0056c3d0","","Global","FUN_00952d00","00952d00","0"
"","Global","FUN_0056c800","0056c800","","Global","FUN_00953140","00953140","0"
"","Global","FUN_0056c8a0","0056c8a0","","Global","FUN_009531e0","009531e0","0"
"","Global","FUN_0056c920","0056c920","","Global","FUN_00953260","00953260","0"
"","Global","FUN_0056ca40","0056ca40","","Global","FUN_009533a0","009533a0","0"
"","Global","FUN_0056ca80","0056ca80","","Global","FUN_009533e0","009533e0","0"
"","Global","FUN_0056cad0","0056cad0","","Global","FUN_00953430","00953430","0"
"","Global","FUN_0056cb70","0056cb70","","Global","FUN_009534d0","009534d0","0"
"","Global","FUN_0056cc10","0056cc10","","Global","FUN_009535b0","009535b0","0"
"","Global","FUN_0056cd50","0056cd50","","Global","FUN_00437120","00437120","0"
"","Global","FUN_0056d800","0056d800","","Global","FUN_009541f0","009541f0","0"
"","Global","FUN_0056d980","0056d980","","Global","FUN_009543f0","009543f0","0"
"","Global","FUN_0056da30","0056da30","","Global","FUN_009544a0","009544a0","0"
"","Global","FUN_0056dab0","0056dab0","","Global","FUN_00954520","00954520","0"
"","Global","FUN_0056dc60","0056dc60","","Global","FUN_009546d0","009546d0","0"
"","Global","FUN_0056dca0","0056dca0","","Global","FUN_00954710","00954710","0"
"","Global","FUN_0056dde0","0056dde0","","Global","FUN_00954850","00954850","0"
"","Global","FUN_0056de10","0056de10","","Global","FUN_00954890","00954890","0"
"","Global","FUN_0056e0b0","0056e0b0","","Global","FUN_00954b70","00954b70","0"
"","Global","FUN_0056e100","0056e100","","Global","FUN_00954bc0","00954bc0","0"
"","Global","FUN_0056e1e0","0056e1e0","","Global","FUN_00954ca0","00954ca0","0"
"","Global","FUN_0056e580","0056e580","","Global","FUN_009550b0","009550b0","0"
"","Global","FUN_0056e630","0056e630","","Global","FUN_00955190","00955190","0"
"","Global","FUN_0056e6b0","0056e6b0","","Global","FUN_0043a1b0","0043a1b0","0"
"","Global","FUN_0056e770","0056e770","","Global","FUN_004ae500","004ae500","0"
"","Global","FUN_0056e7e0","0056e7e0","","Global","FUN_004832c0","004832c0","0"
"","Global","FUN_0056e850","0056e850","","Global","FUN_009552b0","009552b0","0"
"","Global","FUN_0056e8a0","0056e8a0","","Global","FUN_00955300","00955300","0"
"","Global","FUN_0056e920","0056e920","","Global","FUN_00955380","00955380","0"
"","Global","FUN_0056ebf0","0056ebf0","","Global","FUN_00955660","00955660","0"
"","Global","FUN_0056ee50","0056ee50","","Global","FUN_009559f0","009559f0","0"
"","Global","FUN_0056efc0","0056efc0","","Global","FUN_00955b90","00955b90","0"
"","Global","FUN_0056f580","0056f580","","Global","FUN_00956140","00956140","0"
"","Global","FUN_0056f5f0","0056f5f0","","Global","FUN_009561b0","009561b0","0"
"","Global","FUN_0056fb00","0056fb00","","Global","FUN_00a28d40","00a28d40","0"
"","Global","FUN_0056fff0","0056fff0","","Global","FUN_00a29230","00a29230","0"
"","Global","FUN_005702c0","005702c0","","Global","FUN_00a29500","00a29500","0"
"","Global","FUN_00570360","00570360","","Global","FUN_00a295a0","00a295a0","0"
"","Global","FUN_00570670","00570670","","Global","FUN_00a29870","00a29870","0"
"","Global","FUN_005707e0","005707e0","","Global","FUN_00a905d0","00a905d0","0"
"","Global","FUN_00570b60","00570b60","","Global","FUN_00a57010","00a57010","0"
"","Global","FUN_00570bf0","00570bf0","","Global","FUN_00a2b350","00a2b350","0"
"","Global","FUN_00570cc0","00570cc0","","Global","FUN_0045b960","0045b960","0"
"","Global","FUN_00570d00","00570d00","","Global","FUN_004def30","004def30","0"
"","Global","FUN_00570d20","00570d20","","Global","FUN_00a2b420","00a2b420","0"
"","Global","FUN_00570d70","00570d70","","Global","FUN_00a2b450","00a2b450","0"
"","Global","FUN_00570e90","00570e90","","Global","FUN_00a2b540","00a2b540","0"
"","Global","FUN_00570fa0","00570fa0","","Global","FUN_00a2b650","00a2b650","0"
"","Global","FUN_005710f0","005710f0","","Global","FUN_00a2b7a0","00a2b7a0","0"
"","Global","FUN_00571220","00571220","","Global","FUN_00a2b8d0","00a2b8d0","0"
"","Global","FUN_00571370","00571370","","Global","FUN_00a2ba20","00a2ba20","0"
"","Global","FUN_00571550","00571550","","Global","FUN_00a2bc00","00a2bc00","0"
"","Global","FUN_005715f0","005715f0","","Global","FUN_00a2bca0","00a2bca0","0"
"","Global","FUN_005716b0","005716b0","","Global","FUN_00a2bd60","00a2bd60","0"
"","Global","FUN_00571770","00571770","","Global","FUN_00a2be20","00a2be20","0"
"","Global","FUN_005718e0","005718e0","","Global","FUN_00a2bf90","00a2bf90","0"
"","Global","FUN_00571bd0","00571bd0","","Global","FUN_00a2c280","00a2c280","0"
"","Global","FUN_00571ed0","00571ed0","","Global","FUN_00a2c580","00a2c580","0"
"","Global","FUN_00572050","00572050","","Global","FUN_00a2c700","00a2c700","0"
"","Global","FUN_005720c0","005720c0","","Global","FUN_00a2c770","00a2c770","0"
"","Global","FUN_00572110","00572110","","Global","FUN_00a2c7c0","00a2c7c0","0"
"","Global","FUN_00572180","00572180","","Global","FUN_00a2c830","00a2c830","0"
"","Global","FUN_005721f0","005721f0","","Global","FUN_00a2c8a0","00a2c8a0","0"
"","Global","FUN_00572250","00572250","","Global","FUN_00a2c900","00a2c900","0"
"","Global","FUN_005722c0","005722c0","","Global","FUN_00a2c970","00a2c970","0"
"","Global","FUN_00572320","00572320","","Global","FUN_00a2c9d0","00a2c9d0","0"
"","Global","FUN_00572590","00572590","","Global","FUN_00a2cc40","00a2cc40","0"
"","Global","FUN_005725c0","005725c0","","Global","FUN_00a2cc70","00a2cc70","0"
"","Global","FUN_00572800","00572800","","Global","FUN_00a2ceb0","00a2ceb0","0"
"","Global","FUN_00572980","00572980","","Global","FUN_00a2d030","00a2d030","0"
"","Global","FUN_00572bb0","00572bb0","","Global","FUN_00a2d260","00a2d260","0"
"","Global","FUN_00572ce0","00572ce0","","Global","FUN_00a2d390","00a2d390","0"
"","Global","FUN_00572df0","00572df0","","Global","FUN_00a2d4a0","00a2d4a0","0"
"","Global","FUN_00572fe0","00572fe0","","Global","FUN_00a2d690","00a2d690","0"
"","Global","FUN_005732d0","005732d0","","Global","FUN_00a2d980","00a2d980","0"
"","Global","FUN_005733a0","005733a0","","Global","FUN_00a2da50","00a2da50","0"
"","Global","FUN_00573470","00573470","","Global","FUN_00a2db20","00a2db20","0"
"","Global","FUN_00573530","00573530","","Global","FUN_00a2dbe0","00a2dbe0","0"
"","Global","FUN_005735f0","005735f0","","Global","FUN_00a2dca0","00a2dca0","0"
"","Global","FUN_00573830","00573830","","Global","FUN_00a2dee0","00a2dee0","0"
"","Global","FUN_005738d0","005738d0","","Global","FUN_00a2df80","00a2df80","0"
"","Global","FUN_005739d0","005739d0","","Global","FUN_00a2e080","00a2e080","0"
"","Global","FUN_00573aa0","00573aa0","","Global","FUN_00a2e150","00a2e150","0"
"","Global","FUN_00573ce0","00573ce0","","Global","FUN_00a2e390","00a2e390","0"
"","Global","FUN_00573dc0","00573dc0","","Global","FUN_00a2e470","00a2e470","0"
"","Global","FUN_00573e70","00573e70","","Global","FUN_00446940","00446940","0"
"","Global","FUN_00574690","00574690","","Global","FUN_00481e10","00481e10","0"
"","Global","FUN_005747f0","005747f0","","Global","FUN_00447850","00447850","0"
"","Global","FUN_00574820","00574820","","Global","FUN_00484b40","00484b40","0"
"","Global","FUN_005748b0","005748b0","","Global","FUN_0088b720","0088b720","0"
"","Phyre::PRedBlackTree","clear","005748d0","","Global","FUN_0088b740","0088b740","0"
"","Phyre::PRedBlackTree","countNodes","005749d0","","Global","FUN_0088b840","0088b840","0"
"","Global","FUN_00574a80","00574a80","","Global","FUN_0088b8f0","0088b8f0","0"
"","Phyre::PRedBlackTree","orphanAllContents","00574ae0","","Global","FUN_0088b950","0088b950","0"
"","Global","FUN_00574af0","00574af0","","Global","FUN_0088b960","0088b960","0"
"","Phyre::PRedBlackTree","postRemoveFixup","00574d50","","Global","FUN_0088bbc0","0088bbc0","0"
"","Phyre::PRedBlackTree","remove","00575170","","Global","FUN_0088bfe0","0088bfe0","0"
"","Global","FUN_00575250","00575250","","Global","FUN_0088c0c0","0088c0c0","0"
"","Global","FUN_005752b0","005752b0","","Global","FUN_0088c120","0088c120","0"
"","Global","FUN_005753e0","005753e0","","Global","FUN_00a2aae0","00a2aae0","0"
"","Phyre::PClassDataMember","PClassDataMember","00575410","","Global","FUN_00a2ab10","00a2ab10","0"
"","Global","FUN_005754e0","005754e0","","Global","FUN_00a2abe0","00a2abe0","0"
"","Global","FUN_005755b0","005755b0","","Global","FUN_00a2acb0","00a2acb0","0"
"","Global","FUN_005755d0","005755d0","","Global","FUN_00a2acd0","00a2acd0","0"
"","Global","FUN_005755e0","005755e0","","Global","FUN_00a2ace0","00a2ace0","0"
"","Global","FUN_00575660","00575660","","Global","FUN_00a2ad60","00a2ad60","0"
"","Global","FUN_005757a0","005757a0","","Global","FUN_00a2aea0","00a2aea0","0"
"","Global","FUN_005757d0","005757d0","","Global","FUN_00a2aed0","00a2aed0","0"
"","Global","FUN_00575800","00575800","","Global","FUN_00a2af00","00a2af00","0"
"","Phyre::PAnnotation","PAnnotation","005759b0","","Global","FUN_00a2a420","00a2a420","0"
"","Global","FUN_00575a90","00575a90","","Global","FUN_00a2a500","00a2a500","0"
"","Global","FUN_00575b60","00575b60","","Global","FUN_00a2a5d0","00a2a5d0","0"
"","Global","FUN_00575cc0","00575cc0","","Global","FUN_00a2a730","00a2a730","0"
"","Phyre::PAnnotatable","addAnnotation","00575d80","","Global","FUN_00a2a7f0","00a2a7f0","0"
"","Global","FUN_00575eb0","00575eb0","","Global","FUN_00a2a920","00a2a920","0"
"","Phyre::PClassDataMemberArray","PClassDataMemberArray","00576060","","Global","FUN_00a2afc0","00a2afc0","0"
"","Phyre::PClassDataMemberArrayFixedSize","PClassDataMemberArrayFixedSize","005760a0","","Global","FUN_00a2b000","00a2b000","0"
"","Global","FUN_005761d0","005761d0","","Global","FUN_00a2b130","00a2b130","0"
"","Global","FUN_00576220","00576220","","Global","FUN_00a2b180","00a2b180","0"
"","Global","FUN_00576300","00576300","","Global","FUN_00a299a0","00a299a0","0"
"","Global","FUN_00576370","00576370","","Global","FUN_00a29a10","00a29a10","0"
"","Phyre::PInstanceList","PInstanceList","005763e0","","Global","FUN_00a29a80","00a29a80","0"
"","Global","FUN_00576470","00576470","","Global","FUN_00a29b10","00a29b10","0"
"","Global","FUN_005764d0","005764d0","","Global","FUN_00a29b70","00a29b70","0"
"","Global","FUN_00576520","00576520","","Global","FUN_00a29bc0","00a29bc0","0"
"","Global","FUN_005765d0","005765d0","","Global","FUN_00a29c70","00a29c70","0"
"","Phyre::PInstanceList","freeBuffer","00576610","","Global","FUN_00a29cb0","00a29cb0","0"
"","Phyre::PInstanceList","freeObject","005766a0","","Global","FUN_00a29d40","00a29d40","0"
"","Global","FUN_00576750","00576750","","Global","FUN_00a29df0","00a29df0","0"
"","Global","FUN_005767b0","005767b0","","Global","FUN_0088d4f0","0088d4f0","0"
"","Phyre::PSerialization::PStreamReaderFile","PStreamReaderFile","00576840","","Global","FUN_00918500","00918500","0"
"","Global","FUN_005768c0","005768c0","","Global","FUN_00918580","00918580","0"
"","Global","FUN_00576a00","00576a00","","Global","FUN_009186c0","009186c0","0"
"","Global","FUN_00576b00","00576b00","","Global","FUN_009187a0","009187a0","0"
"","Global","FUN_00576c60","00576c60","","Global","FUN_00943c60","00943c60","0"
"","Global","FUN_00576de0","00576de0","","Global","FUN_00943dd0","00943dd0","0"
"","Global","FUN_00576e90","00576e90","","Global","FUN_00943e80","00943e80","0"
"","Global","FUN_00576f40","00576f40","","Global","FUN_00943f30","00943f30","0"
"","Global","FUN_00576f90","00576f90","","Global","FUN_00943f80","00943f80","0"
"","Global","FUN_00576fe0","00576fe0","","Global","FUN_00943fd0","00943fd0","0"
"","Global","FUN_005772a0","005772a0","","Global","FUN_00944270","00944270","0"
"","Global","FUN_005773f0","005773f0","","Global","FUN_009443e0","009443e0","0"
"","Global","FUN_005778d0","005778d0","","Global","FUN_00944890","00944890","0"
"","Global","FUN_00577920","00577920","","Global","FUN_009448e0","009448e0","0"
"","Global","FUN_00577a70","00577a70","","Global","FUN_00944a30","00944a30","0"
"","Global","FUN_005780d0","005780d0","","Global","FUN_009450a0","009450a0","0"
"","Global","FUN_005781a0","005781a0","","Global","FUN_00945170","00945170","0"
"","Global","FUN_00578340","00578340","","Global","FUN_00532eb0","00532eb0","0"
"","Global","FUN_00578390","00578390","","Global","FUN_00945350","00945350","0"
"","Global","FUN_00578470","00578470","","Global","FUN_00945430","00945430","0"
"","Global","FUN_005784e0","005784e0","","Global","FUN_009454a0","009454a0","0"
"","Global","FUN_005786d0","005786d0","","Global","FUN_009456f0","009456f0","0"
"","Global","FUN_00578770","00578770","","Global","FUN_00532f90","00532f90","0"
"","Global","FUN_005787e0","005787e0","","Global","FUN_00945790","00945790","0"
"","Global","FUN_005789a0","005789a0","","Global","FUN_00945950","00945950","0"
"","Global","FUN_00578a60","00578a60","","Global","FUN_00945a10","00945a10","0"
"","Global","FUN_00578bb0","00578bb0","","Global","FUN_00945bb0","00945bb0","0"
"","Global","FUN_00578db0","00578db0","","Global","FUN_00945db0","00945db0","0"
"","Global","FUN_00578e80","00578e80","","Global","FUN_00945ea0","00945ea0","0"
"","Global","FUN_00578fe0","00578fe0","","Global","FUN_00946000","00946000","0"
"","Global","FUN_00579020","00579020","","Global","FUN_00946040","00946040","0"
"","Global","FUN_00579180","00579180","","Global","FUN_009461a0","009461a0","0"
"","Global","FUN_00579200","00579200","","Global","FUN_00946220","00946220","0"
"","Global","FUN_00579290","00579290","","Global","FUN_009462b0","009462b0","0"
"","Global","FUN_00579480","00579480","","Global","FUN_009464a0","009464a0","0"
"","Global","FUN_0057a370","0057a370","","Global","FUN_009473d0","009473d0","0"
"","Global","FUN_0057a3f0","0057a3f0","","Global","FUN_00947450","00947450","0"
"","Global","FUN_0057a490","0057a490","","Global","FUN_009474f0","009474f0","0"
"","Global","FUN_0057a820","0057a820","","Global","FUN_00947880","00947880","0"
"","Global","FUN_0057ae40","0057ae40","","Global","FUN_00947ea0","00947ea0","0"
"","Global","FUN_0057b2d0","0057b2d0","","Global","FUN_00948390","00948390","0"
"","Global","FUN_0057b350","0057b350","","Global","FUN_00948430","00948430","0"
"","Global","FUN_0057b3e0","0057b3e0","","Global","FUN_009484f0","009484f0","0"
"","Global","FUN_0057b510","0057b510","","Global","FUN_00948620","00948620","0"
"","Global","FUN_0057b780","0057b780","","Global","FUN_00948890","00948890","0"
"","Global","FUN_0057b830","0057b830","","Global","FUN_00948940","00948940","0"
"","Phyre::PSerialization::PBinary","loadCluster","0057be50","","Global","FUN_00948f60","00948f60","0"
"","Global","FUN_0057c2a0","0057c2a0","","Global","FUN_009493b0","009493b0","0"
"","Global","FUN_0057c610","0057c610","","Global","FUN_00949720","00949720","0"
"","Global","FUN_0057c740","0057c740","","Global","FUN_00949850","00949850","0"
"","Global","FUN_0057cab0","0057cab0","","Global","FUN_00949bc0","00949bc0","0"
"","Phyre::PThreadPoolImmediate","GetSingleton","0057d0c0","","Global","FUN_00a8ef70","00a8ef70","0"
"","Global","FUN_0057d150","0057d150","","Global","FUN_00a8f000","00a8f000","0"
"","Global","FUN_0057d170","0057d170","","Global","FUN_00a8f020","00a8f020","0"
"","Global","FUN_0057d1c0","0057d1c0","","Global","FUN_00a8f070","00a8f070","0"
"","Global","FUN_0057d1e0","0057d1e0","","Global","FUN_00a8f090","00a8f090","0"
"","Phyre::PThreadPoolWorkStealing","PThreadPoolWorkStealing","0057d270","","Global","FUN_00a8f0e0","00a8f0e0","0"
"","Global","FUN_0057d360","0057d360","","Global","FUN_00a8f1b0","00a8f1b0","0"
"","Global","FUN_0057d480","0057d480","","Global","FUN_00a8f2a0","00a8f2a0","0"
"","Global","FUN_0057d550","0057d550","","Global","FUN_00a8f360","00a8f360","0"
"","Global","FUN_0057d5d0","0057d5d0","","Global","FUN_00a8f3e0","00a8f3e0","0"
"","Global","FUN_0057d640","0057d640","","Global","FUN_00884de0","00884de0","0"
"","Global","FUN_0057d660","0057d660","","Global","FUN_00a8f450","00a8f450","0"
"","Global","FUN_0057d8b0","0057d8b0","","Global","FUN_00a8f680","00a8f680","0"
"","Global","FUN_0057d950","0057d950","","Global","FUN_00a8f710","00a8f710","0"
"","Global","FUN_0057da40","0057da40","","Global","FUN_00a8f800","00a8f800","0"
"","Global","FUN_0057dae0","0057dae0","","Global","FUN_00a8f890","00a8f890","0"
"","Global","FUN_0057db40","0057db40","","Global","FUN_00a8f8f0","00a8f8f0","0"
"","Global","FUN_0057db90","0057db90","","Global","FUN_00a8f940","00a8f940","0"
"","Global","FUN_0057de20","0057de20","","Global","FUN_00a3f540","00a3f540","0"
"","Global","FUN_0057de50","0057de50","","Global","FUN_00a3f570","00a3f570","0"
"","Global","FUN_0057de80","0057de80","","Global","FUN_00a3f5a0","00a3f5a0","0"
"","Global","FUN_0057dea0","0057dea0","","Global","FUN_00a3f5c0","00a3f5c0","0"
"","Global","FUN_0057ded0","0057ded0","","Global","FUN_00a3f5f0","00a3f5f0","0"
"","Global","FUN_0057e0f0","0057e0f0","","Global","FUN_00a3f810","00a3f810","0"
"","Global","FUN_0057e2d0","0057e2d0","","Global","FUN_00a3f9f0","00a3f9f0","0"
"","Global","FUN_0057e300","0057e300","","Global","FUN_008a7390","008a7390","0"
"","Global","FUN_0057e780","0057e780","","Global","FUN_008a7940","008a7940","0"
"","Global","FUN_0057ec30","0057ec30","","Global","FUN_008a7df0","008a7df0","0"
"","Global","FUN_0057efe0","0057efe0","","Global","FUN_008a81a0","008a81a0","0"
"","Global","FUN_00581a00","00581a00","","Global","FUN_008ab130","008ab130","0"
"","Global","FUN_00582f30","00582f30","","Global","FUN_008ac7c0","008ac7c0","0"
"","Global","FUN_005830e0","005830e0","","Global","FUN_008ac960","008ac960","0"
"","Global","FUN_00583290","00583290","","Global","FUN_008acb10","008acb10","0"
"","Global","FUN_005833d0","005833d0","","Global","FUN_008acc50","008acc50","0"
"","Global","FUN_005834b0","005834b0","","Global","FUN_008acd30","008acd30","0"
"","Global","FUN_00583540","00583540","","Global","FUN_008acdc0","008acdc0","0"
"","Global","FUN_005835b0","005835b0","","Global","FUN_008ace30","008ace30","0"
"","Global","FUN_00583710","00583710","","Global","FUN_008acfa0","008acfa0","0"
"","Global","FUN_00583b60","00583b60","","Global","FUN_008ad3f0","008ad3f0","0"
"","Global","FUN_00583d10","00583d10","","Global","FUN_008ad5a0","008ad5a0","0"
"","Global","FUN_00583d90","00583d90","","Global","FUN_008ad620","008ad620","0"
"","Global","FUN_00583fb0","00583fb0","","Global","FUN_008ad8c0","008ad8c0","0"
"","Global","FUN_005840b0","005840b0","","Global","FUN_008ad9d0","008ad9d0","0"
"","Global","FUN_005841f0","005841f0","","Global","FUN_008adb10","008adb10","0"
"","Global","FUN_00584230","00584230","","Global","FUN_008adb50","008adb50","0"
"","Global","FUN_00584330","00584330","","Global","FUN_008adc50","008adc50","0"
"","Phyre::PRendering::PTexture2DD3D11","PTexture2DD3D11","005843d0","","Global","FUN_008adcf0","008adcf0","0"
"","Global","FUN_00584450","00584450","","Global","FUN_008add70","008add70","0"
"","Global","FUN_00584590","00584590","","Global","FUN_008adeb0","008adeb0","0"
"","Global","FUN_00584630","00584630","","Global","FUN_008adf50","008adf50","0"
"","Global","FUN_00585030","00585030","","Global","FUN_008ae9b0","008ae9b0","0"
"","Global","FUN_00585100","00585100","","Global","FUN_008aea80","008aea80","0"
"","Global","FUN_00585160","00585160","","Global","FUN_008aeae0","008aeae0","0"
"","Global","FUN_005852a0","005852a0","","Global","FUN_008aec30","008aec30","0"
"","Global","FUN_00585310","00585310","","Global","FUN_008aeca0","008aeca0","0"
"","Global","FUN_00585550","00585550","","Global","FUN_008aeee0","008aeee0","0"
"","Global","FUN_00585840","00585840","","Global","FUN_008af1d0","008af1d0","0"
"","Global","FUN_00585c20","00585c20","","Global","FUN_008aff40","008aff40","0"
"","Global","FUN_00585c60","00585c60","","Global","FUN_004d2360","004d2360","0"
"","Global","FUN_00586e00","00586e00","","Global","FUN_008b14d0","008b14d0","0"
"","Global","FUN_00587300","00587300","","Global","FUN_008b19f0","008b19f0","0"
"","Global","FUN_00587490","00587490","","Global","FUN_008b1c20","008b1c20","0"
"","Global","FUN_005877a0","005877a0","","Global","FUN_008b1f30","008b1f30","0"
"","Global","FUN_00587920","00587920","","Global","FUN_008b20b0","008b20b0","0"
"","Global","FUN_00587b10","00587b10","","Global","FUN_008b22a0","008b22a0","0"
"","Global","FUN_00588040","00588040","","Global","FUN_008b27d0","008b27d0","0"
"","Global","FUN_00588060","00588060","","Global","FUN_008b27f0","008b27f0","0"
"","Global","FUN_0058aa20","0058aa20","","Global","FUN_008b5bd0","008b5bd0","0"
"","Global","FUN_0058aa70","0058aa70","","Global","FUN_008b5c20","008b5c20","0"
"","Global","FUN_0058ab90","0058ab90","","Global","FUN_008b5d40","008b5d40","0"
"","Global","FUN_0058ac90","0058ac90","","Global","FUN_008b5e40","008b5e40","0"
"","Global","FUN_0058ace0","0058ace0","","Global","FUN_008b5e90","008b5e90","0"
"","Global","FUN_0058b1f0","0058b1f0","","Global","FUN_008b6580","008b6580","0"
"","Global","FUN_0058c190","0058c190","","Global","FUN_008b76b0","008b76b0","0"
"","Global","FUN_0058c250","0058c250","","Global","FUN_008b7770","008b7770","0"
"","Global","FUN_0058c580","0058c580","","Global","FUN_008b7aa0","008b7aa0","0"
"","Global","FUN_0058c600","0058c600","","Global","FUN_008b7b20","008b7b20","0"
"","Global","FUN_0058c6c0","0058c6c0","","Global","FUN_008b7d50","008b7d50","0"
"","Global","FUN_0058c710","0058c710","","Global","FUN_008b7da0","008b7da0","0"
"","Global","FUN_0058c840","0058c840","","Global","FUN_008b7ed0","008b7ed0","0"
"","Global","FUN_0058c8f0","0058c8f0","","Global","FUN_008b7f80","008b7f80","0"
"","Global","FUN_0058c910","0058c910","","Global","FUN_008b7fa0","008b7fa0","0"
"","Global","FUN_0058c9b0","0058c9b0","","Global","FUN_008b8040","008b8040","0"
"","Global","FUN_0058d0b0","0058d0b0","","Global","FUN_008b8740","008b8740","0"
"","Global","FUN_0058d110","0058d110","","Global","FUN_008b87a0","008b87a0","0"
"","Global","FUN_0058d670","0058d670","","Global","FUN_008b8d00","008b8d00","0"
"","Global","FUN_0058d910","0058d910","","Global","FUN_008b8fa0","008b8fa0","0"
"","Global","FUN_0058da90","0058da90","","Global","FUN_008b9120","008b9120","0"
"","Global","FUN_0058dc40","0058dc40","","Global","FUN_008b92d0","008b92d0","0"
"","Global","FUN_0058dd30","0058dd30","","Global","FUN_008b9460","008b9460","0"
"","Global","FUN_0058dd70","0058dd70","","Global","FUN_008b94a0","008b94a0","0"
"","Global","FUN_0058dfc0","0058dfc0","","Global","FUN_008b96f0","008b96f0","0"
"","Global","FUN_0058e090","0058e090","","Global","FUN_008b97c0","008b97c0","0"
"","Global","FUN_0058e190","0058e190","","Global","FUN_008b98c0","008b98c0","0"
"","Global","FUN_0058e390","0058e390","","Global","FUN_008b9ac0","008b9ac0","0"
"","Global","FUN_0058e560","0058e560","","Global","FUN_008b9c90","008b9c90","0"
"","Global","FUN_0058e6a0","0058e6a0","","Global","FUN_008b9dd0","008b9dd0","0"
"","Global","FUN_0058e740","0058e740","","Global","FUN_008b9e70","008b9e70","0"
"","Global","FUN_0058e7e0","0058e7e0","","Global","FUN_008b9f30","008b9f30","0"
"","Global","FUN_0058e9b0","0058e9b0","","Global","FUN_008ba100","008ba100","0"
"","Global","FUN_0058ebc0","0058ebc0","","Global","FUN_008ba310","008ba310","0"
"","Global","FUN_0058eca0","0058eca0","","Global","FUN_008ba3f0","008ba3f0","0"
"","Global","FUN_0058ed40","0058ed40","","Global","FUN_008ba490","008ba490","0"
"","Global","FUN_0058ede0","0058ede0","","Global","FUN_008ba530","008ba530","0"
"","Global","FUN_0058efb0","0058efb0","","Global","FUN_008ba700","008ba700","0"
"","Global","FUN_0058f1e0","0058f1e0","","Global","FUN_008ba930","008ba930","0"
"","Global","FUN_0058f440","0058f440","","Global","FUN_008bab90","008bab90","0"
"","Global","FUN_0058f620","0058f620","","Global","FUN_008bad70","008bad70","0"
"","Global","FUN_0058f760","0058f760","","Global","FUN_008baeb0","008baeb0","0"
"","Global","FUN_0058f8a0","0058f8a0","","Global","FUN_008baff0","008baff0","0"
"","Global","FUN_0058fdb0","0058fdb0","","Global","FUN_008bb500","008bb500","0"
"","Global","FUN_00590530","00590530","","Global","FUN_008bbc80","008bbc80","0"
"","Global","FUN_00590990","00590990","","Global","FUN_008bc0e0","008bc0e0","0"
"","Global","FUN_00590d60","00590d60","","Global","FUN_008bc4b0","008bc4b0","0"
"","Global","FUN_00590fa0","00590fa0","","Global","FUN_008bc6f0","008bc6f0","0"
"","Global","FUN_00591020","00591020","","Global","FUN_008bc770","008bc770","0"
"","Global","FUN_005911b0","005911b0","","Global","FUN_008bc900","008bc900","0"
"","Global","FUN_00591310","00591310","","Global","FUN_008bca60","008bca60","0"
"","Global","FUN_00591480","00591480","","Global","FUN_008bcbd0","008bcbd0","0"
"","Global","FUN_005915f0","005915f0","","Global","FUN_008bcd40","008bcd40","0"
"","Global","FUN_00591ca0","00591ca0","","Global","FUN_008bd3f0","008bd3f0","0"
"","Global","FUN_00591f60","00591f60","","Global","FUN_008bd6b0","008bd6b0","0"
"","Global","FUN_005921f0","005921f0","","Global","FUN_008bd940","008bd940","0"
"","Global","FUN_00592540","00592540","","Global","FUN_008bdc90","008bdc90","0"
"","Global","FUN_00592910","00592910","","Global","FUN_008be0a0","008be0a0","0"
"","Global","FUN_00592c90","00592c90","","Global","FUN_008be420","008be420","0"
"","Global","FUN_00592cb0","00592cb0","","Global","FUN_008be440","008be440","0"
"","Global","FUN_00592cf0","00592cf0","","Global","FUN_008be480","008be480","0"
"","Global","FUN_00592d40","00592d40","","Global","FUN_008be4d0","008be4d0","0"
"","Global","FUN_00592da0","00592da0","","Global","FUN_008be530","008be530","0"
"","Global","FUN_00592df0","00592df0","","Global","FUN_008be580","008be580","0"
"","Global","FUN_00592eb0","00592eb0","","Global","FUN_008be640","008be640","0"
"","Global","FUN_00592f70","00592f70","","Global","FUN_008be700","008be700","0"
"","Global","FUN_00593020","00593020","","Global","FUN_008be7b0","008be7b0","0"
"","Global","FUN_005931a0","005931a0","","Global","FUN_008be930","008be930","0"
"","Global","FUN_00593270","00593270","","Global","FUN_008bea00","008bea00","0"
"","Global","FUN_00593440","00593440","","Global","FUN_008bebd0","008bebd0","0"
"","Global","FUN_00593510","00593510","","Global","FUN_008beca0","008beca0","0"
"","Global","FUN_00593650","00593650","","Global","FUN_008bede0","008bede0","0"
"","Global","FUN_005936a0","005936a0","","Global","FUN_008bee30","008bee30","0"
"","Global","FUN_005938f0","005938f0","","Global","FUN_008bf090","008bf090","0"
"","Global","FUN_00593930","00593930","","Global","FUN_008bf0d0","008bf0d0","0"
"","Global","FUN_00593ac0","00593ac0","","Global","FUN_008bf260","008bf260","0"
"","Global","FUN_00593c80","00593c80","","Global","FUN_008bf600","008bf600","0"
"","Global","FUN_00593cd0","00593cd0","","Global","FUN_008bf650","008bf650","0"
"","Global","FUN_00593e30","00593e30","","Global","FUN_008bf7c0","008bf7c0","0"
"","Global","FUN_00593e80","00593e80","","Global","FUN_008bf810","008bf810","0"
"","Global","FUN_00594010","00594010","","Global","FUN_008bf9a0","008bf9a0","0"
"","Global","FUN_00594260","00594260","","Global","FUN_008bfc10","008bfc10","0"
"","Global","FUN_00594510","00594510","","Global","FUN_008bfec0","008bfec0","0"
"","Global","FUN_00594e30","00594e30","","Global","FUN_008c08c0","008c08c0","0"
"","Global","FUN_005950d0","005950d0","","Global","FUN_008c0b60","008c0b60","0"
"","Global","FUN_00595100","00595100","","Global","FUN_008c0b90","008c0b90","0"
"","Global","FUN_00595390","00595390","","Global","FUN_008c0e20","008c0e20","0"
"","Global","FUN_00595680","00595680","","Global","FUN_008c1110","008c1110","0"
"","Global","FUN_005957b0","005957b0","","Global","FUN_008c1240","008c1240","0"
"","Global","FUN_005958c0","005958c0","","Global","FUN_008c1350","008c1350","0"
"","Global","FUN_005958e0","005958e0","","Global","FUN_008c1370","008c1370","0"
"","Global","FUN_00595990","00595990","","Global","FUN_008c1420","008c1420","0"
"","Global","FUN_00595d80","00595d80","","Global","FUN_008c1810","008c1810","0"
"","Global","FUN_00595fe0","00595fe0","","Global","FUN_008c1a70","008c1a70","0"
"","Global","FUN_00596170","00596170","","Global","FUN_008c1c50","008c1c50","0"
"","Global","FUN_005961b0","005961b0","","Global","FUN_008c1c90","008c1c90","0"
"","Global","FUN_00596270","00596270","","Global","FUN_008c1d50","008c1d50","0"
"","Global","FUN_00596480","00596480","","Global","FUN_008c1f60","008c1f60","0"
"","Global","FUN_00596650","00596650","","Global","FUN_008c2130","008c2130","0"
"","Global","FUN_00596870","00596870","","Global","FUN_008c2350","008c2350","0"
"","Global","FUN_00596b00","00596b00","","Global","FUN_008c25e0","008c25e0","0"
"","Global","FUN_00596d20","00596d20","","Global","FUN_008c2800","008c2800","0"
"","Global","FUN_00597060","00597060","","Global","FUN_008c2b40","008c2b40","0"
"","Global","FUN_00597200","00597200","","Global","FUN_008c2ce0","008c2ce0","0"
"","Global","FUN_00597450","00597450","","Global","FUN_008c2f30","008c2f30","0"
"","Global","FUN_005978a0","005978a0","","Global","FUN_008c3380","008c3380","0"
"","Global","FUN_00597a70","00597a70","","Global","FUN_008c3550","008c3550","0"
"","Global","FUN_00597cf0","00597cf0","","Global","FUN_008c37d0","008c37d0","0"
"","Global","FUN_00598250","00598250","","Global","FUN_008c3d30","008c3d30","0"
"","Global","FUN_00598b10","00598b10","","Global","FUN_008c4640","008c4640","0"
"","Global","FUN_00598b40","00598b40","","Global","FUN_008c4670","008c4670","0"
"","Global","FUN_00598bc0","00598bc0","","Global","FUN_008c46f0","008c46f0","0"
"","Global","FUN_00598c10","00598c10","","Global","FUN_008c4740","008c4740","0"
"","Global","FUN_00598c70","00598c70","","Global","FUN_008c47a0","008c47a0","0"
"","Global","FUN_00598ce0","00598ce0","","Global","FUN_008c4810","008c4810","0"
"","Global","FUN_00598de0","00598de0","","Global","FUN_008c4910","008c4910","0"
"","Global","FUN_00598e90","00598e90","","Global","FUN_008c49c0","008c49c0","0"
"","Global","FUN_00599030","00599030","","Global","FUN_008c4bd0","008c4bd0","0"
"","Global","FUN_00599190","00599190","","Global","FUN_008c4d30","008c4d30","0"
"","Global","FUN_005993a0","005993a0","","Global","FUN_008c4f40","008c4f40","0"
"","Global","FUN_005995f0","005995f0","","Global","FUN_008c5200","008c5200","0"
"","Global","FUN_00599960","00599960","","Global","FUN_00439f20","00439f20","0"
"","Global","FUN_005999b0","005999b0","","Global","FUN_008c5580","008c5580","0"
"","Global","FUN_00599a80","00599a80","","Global","FUN_008c5650","008c5650","0"
"","Global","FUN_00599ae0","00599ae0","","Global","FUN_008c56b0","008c56b0","0"
"","Global","FUN_00599b40","00599b40","","Global","FUN_008c5710","008c5710","0"
"","Global","FUN_00599c10","00599c10","","Global","FUN_008c57e0","008c57e0","0"
"","Global","FUN_00599de0","00599de0","","Global","FUN_008c59b0","008c59b0","0"
"","Global","FUN_00599e50","00599e50","","Global","FUN_008c5a20","008c5a20","0"
"","Global","FUN_00599ee0","00599ee0","","Global","FUN_008c5ab0","008c5ab0","0"
"","Global","FUN_00599f10","00599f10","","Global","FUN_008c5ae0","008c5ae0","0"
"","Global","FUN_0059a0c0","0059a0c0","","Global","FUN_008c5c90","008c5c90","0"
"","Global","FUN_0059a160","0059a160","","Global","FUN_008c5d30","008c5d30","0"
"","Global","FUN_0059a180","0059a180","","Global","FUN_008c5d50","008c5d50","0"
"","Global","FUN_0059a200","0059a200","","Global","FUN_008c5e00","008c5e00","0"
"","Global","FUN_0059a260","0059a260","","Global","FUN_008c5e60","008c5e60","0"
"","Global","FUN_0059a2b0","0059a2b0","","Global","FUN_008c5eb0","008c5eb0","0"
"","Global","FUN_0059a2e0","0059a2e0","","Global","FUN_008c5ee0","008c5ee0","0"
"","Global","FUN_0059a310","0059a310","","Global","FUN_008c5f10","008c5f10","0"
"","Global","FUN_0059a350","0059a350","","Global","FUN_008c5f50","008c5f50","0"
"","Global","FUN_0059a370","0059a370","","Global","FUN_008c5f70","008c5f70","0"
"","Global","FUN_0059a390","0059a390","","Global","FUN_008c5f90","008c5f90","0"
"","Global","FUN_0059a520","0059a520","","Global","FUN_008c6520","008c6520","0"
"","Global","FUN_0059a7e0","0059a7e0","","Global","FUN_008c67e0","008c67e0","0"
"","Global","FUN_0059aa60","0059aa60","","Global","FUN_008c6a60","008c6a60","0"
"","Global","FUN_0059aa80","0059aa80","","Global","FUN_008c6a80","008c6a80","0"
"","Global","FUN_0059ab70","0059ab70","","Global","FUN_008c6b70","008c6b70","0"
"","Global","FUN_0059ac30","0059ac30","","Global","FUN_008c6c30","008c6c30","0"
"","Global","FUN_0059ac60","0059ac60","","Global","FUN_004ae600","004ae600","0"
"","Global","FUN_0059ac80","0059ac80","","Global","FUN_008c6c60","008c6c60","0"
"","Global","FUN_0059ace0","0059ace0","","Global","FUN_008c6cc0","008c6cc0","0"
"","Global","FUN_0059add0","0059add0","","Global","FUN_008c6db0","008c6db0","0"
"","Global","FUN_0059aeb0","0059aeb0","","Global","FUN_008c6e90","008c6e90","0"
"","Global","FUN_0059b180","0059b180","","Global","FUN_008c7160","008c7160","0"
"","Global","FUN_0059b1a0","0059b1a0","","Global","FUN_008c7180","008c7180","0"
"","Global","FUN_0059b2d0","0059b2d0","","Global","FUN_008c72c0","008c72c0","0"
"","Global","FUN_0059b560","0059b560","","Global","FUN_008c7550","008c7550","0"
"","Global","FUN_0059bc50","0059bc50","","Global","FUN_008c7d20","008c7d20","0"
"","Global","FUN_0059bcf0","0059bcf0","","Global","FUN_008c7dc0","008c7dc0","0"
"","Global","FUN_0059bd80","0059bd80","","Global","FUN_008c7e40","008c7e40","0"
"","Global","FUN_0059be00","0059be00","","Global","FUN_008c7ec0","008c7ec0","0"
"","Global","FUN_0059c320","0059c320","","Global","FUN_008c8410","008c8410","0"
"","Global","FUN_0059c3c0","0059c3c0","","Global","FUN_008c84b0","008c84b0","0"
"","Global","FUN_0059c480","0059c480","","Global","FUN_008c8570","008c8570","0"
"","Global","FUN_0059c4c0","0059c4c0","","Global","FUN_008c85b0","008c85b0","0"
"","Global","FUN_0059c500","0059c500","","Global","FUN_008c85f0","008c85f0","0"
"","Global","FUN_0059c590","0059c590","","Global","FUN_008c8680","008c8680","0"
"","Global","FUN_0059c6d0","0059c6d0","","Global","FUN_008c87c0","008c87c0","0"
"","Global","FUN_0059c7e0","0059c7e0","","Global","FUN_008c88d0","008c88d0","0"
"","Global","FUN_0059c900","0059c900","","Global","FUN_008c89e0","008c89e0","0"
"","Global","FUN_0059cae0","0059cae0","","Global","FUN_008c8bc0","008c8bc0","0"
"","Global","FUN_0059cb50","0059cb50","","Global","FUN_008c8c30","008c8c30","0"
"","Global","FUN_0059cbd0","0059cbd0","","Global","FUN_008c8cb0","008c8cb0","0"
"","Global","FUN_0059cbf0","0059cbf0","","Global","FUN_008c8cd0","008c8cd0","0"
"","Phyre::PRendering::PTexture2DD3D11","unbind","0059cdd0","","Global","FUN_008c8eb0","008c8eb0","0"
"","Global","FUN_0059d480","0059d480","","Global","FUN_008c9560","008c9560","0"
"","Global","FUN_0059d4b0","0059d4b0","","Global","FUN_008c9590","008c9590","0"
"","Global","FUN_0059d540","0059d540","","Global","FUN_008c9620","008c9620","0"
"","Global","FUN_0059d700","0059d700","","Global","FUN_008c97e0","008c97e0","0"
"","Global","FUN_0059d880","0059d880","","Global","FUN_008c9960","008c9960","0"
"","Global","FUN_0059da80","0059da80","","Global","FUN_008c9b60","008c9b60","0"
"","Global","FUN_0059dce0","0059dce0","","Global","FUN_008c9dc0","008c9dc0","0"
"","Global","FUN_0059deb0","0059deb0","","Global","FUN_008c9f90","008c9f90","0"
"","Global","FUN_0059e190","0059e190","","Global","FUN_008ca270","008ca270","0"
"","Global","FUN_0059e360","0059e360","","Global","FUN_008ca440","008ca440","0"
"","Global","FUN_0059e5d0","0059e5d0","","Global","FUN_008ca6b0","008ca6b0","0"
"","Global","FUN_0059e660","0059e660","","Global","FUN_008ca740","008ca740","0"
"","Global","FUN_0059e6c0","0059e6c0","","Global","FUN_00a90490","00a90490","0"
"","Global","FUN_0059eb90","0059eb90","","Global","FUN_00a909f0","00a909f0","0"
"","Global","FUN_0059f220","0059f220","","Global","FUN_00a91080","00a91080","0"
"","Global","FUN_0059f290","0059f290","","Global","FUN_00a910f0","00a910f0","0"
"","Global","FUN_0059f370","0059f370","","Global","FUN_00a911d0","00a911d0","0"
"","Global","FUN_0059f390","0059f390","","Global","FUN_00a911f0","00a911f0","0"
"","Global","FUN_0059f690","0059f690","","Global","FUN_00a91330","00a91330","0"
"","Global","FUN_0059f9e0","0059f9e0","","Global","FUN_00a91680","00a91680","0"
"","Global","FUN_0059fa50","0059fa50","","Global","FUN_00a916f0","00a916f0","0"
"","Global","FUN_0059fa90","0059fa90","","Global","FUN_00a91730","00a91730","0"
"","Global","FUN_0059fb50","0059fb50","","Global","FUN_00a917f0","00a917f0","0"
"","Global","FUN_0059fb80","0059fb80","","Global","FUN_00a91820","00a91820","0"
"","Global","FUN_0059fbb0","0059fbb0","","Global","FUN_00a91850","00a91850","0"
"","Global","FUN_0059fc80","0059fc80","","Global","FUN_00a91920","00a91920","0"
"","Global","FUN_0059fcc0","0059fcc0","","Global","FUN_00a91960","00a91960","0"
"","Global","FUN_0059fd00","0059fd00","","Global","FUN_00a919a0","00a919a0","0"
"","Global","FUN_0059fd40","0059fd40","","Global","FUN_00a919e0","00a919e0","0"
"","Global","FUN_0059ffe0","0059ffe0","","Global","FUN_00a91c80","00a91c80","0"
"","Global","FUN_005a0020","005a0020","","Global","FUN_00a91cc0","00a91cc0","0"
"","Global","FUN_005a0090","005a0090","","Global","FUN_00a91d30","00a91d30","0"
"","Global","FUN_005a00d0","005a00d0","","Global","FUN_00a91d70","00a91d70","0"
"","Global","FUN_005a00f0","005a00f0","","Global","FUN_00a91d90","00a91d90","0"
"","Global","FUN_005a01a0","005a01a0","","Global","FUN_00a91e40","00a91e40","0"
"","Global","FUN_005a02e0","005a02e0","","Global","FUN_00a91f80","00a91f80","0"
"","Phyre::PNamedSemanticDescriptor","PNamedSemanticDescriptor","005a0390","","Global","FUN_00a2b220","00a2b220","0"
"","Global","FUN_005a0400","005a0400","","Global","FUN_00a2b290","00a2b290","0"
"","Global","FUN_005a0430","005a0430","","Global","FUN_00a2b2c0","00a2b2c0","0"
"","Global","FUN_005a0600","005a0600","","Global","FUN_00a3fb60","00a3fb60","0"
"","Global","FUN_005a0660","005a0660","","Global","FUN_008f5450","008f5450","0"
"","Global","FUN_005a06a0","005a06a0","","Global","FUN_00a3fbb0","00a3fbb0","0"
"","Global","FUN_005a06f0","005a06f0","","Global","FUN_008f5480","008f5480","0"
"","Global","FUN_005a0730","005a0730","","Global","FUN_00434ea0","00434ea0","0"
"","Global","FUN_005a0770","005a0770","","Global","FUN_00a3fc10","00a3fc10","0"
"","Global","FUN_005a0790","005a0790","","Global","FUN_00a3fc30","00a3fc30","0"
"","Global","FUN_005a08a0","005a08a0","","Global","FUN_00a3fd40","00a3fd40","0"
"","Global","FUN_005a0990","005a0990","","Global","FUN_00a3fe30","00a3fe30","0"
"","Global","FUN_005a09b0","005a09b0","","Global","FUN_00a3fe50","00a3fe50","0"
"","Global","FUN_005a0a10","005a0a10","","Global","FUN_00a3feb0","00a3feb0","0"
"","Global","FUN_005a0a40","005a0a40","","Global","FUN_00a3fee0","00a3fee0","0"
"","Global","FUN_005a0d80","005a0d80","","Global","FUN_00a40220","00a40220","0"
"","Global","FUN_005a0e80","005a0e80","","Global","FUN_00a40320","00a40320","0"
"","Global","FUN_005a1110","005a1110","","Global","FUN_00a2e580","00a2e580","0"
"","Global","FUN_005a26b0","005a26b0","","Global","FUN_00a2fb20","00a2fb20","0"
"","Global","FUN_005a2740","005a2740","","Global","FUN_00a2fbb0","00a2fbb0","0"
"","Global","FUN_005a27c0","005a27c0","","Global","FUN_00a2fc30","00a2fc30","0"
"","Global","FUN_005a2ad0","005a2ad0","","Global","FUN_00a2ff30","00a2ff30","0"
"","Global","FUN_005a2b60","005a2b60","","Global","FUN_00a2ffc0","00a2ffc0","0"
"","Global","FUN_005a2e80","005a2e80","","Global","FUN_00a302c0","00a302c0","0"
"","Global","FUN_005a2f30","005a2f30","","Global","FUN_00a30370","00a30370","0"
"","Global","FUN_005a2f70","005a2f70","","Global","FUN_00a303b0","00a303b0","0"
"","Global","FUN_005a3050","005a3050","","Global","FUN_00a30430","00a30430","0"
"","Global","FUN_005a3080","005a3080","","Global","FUN_00a30460","00a30460","0"
"","Global","FUN_005a30b0","005a30b0","","Global","FUN_0095d010","0095d010","0"
"","Global","FUN_005a34c0","005a34c0","","Global","FUN_00a30870","00a30870","0"
"","Global","FUN_005a3640","005a3640","","Global","FUN_00a309f0","00a309f0","0"
"","Global","FUN_005a3aa0","005a3aa0","","Global","FUN_00a30e50","00a30e50","0"
"","Global","FUN_005a3c80","005a3c80","","Global","FUN_00a31030","00a31030","0"
"","Global","FUN_005a3d30","005a3d30","","Global","FUN_00a310e0","00a310e0","0"
"","Global","FUN_005a3e50","005a3e50","","Global","FUN_00a31200","00a31200","0"
"","Global","FUN_005a3f40","005a3f40","","Global","FUN_00a312f0","00a312f0","0"
"","Global","FUN_005a42b0","005a42b0","","Global","FUN_00a31660","00a31660","0"
"","Global","FUN_005a4310","005a4310","","Global","FUN_00a316c0","00a316c0","0"
"","Global","FUN_005a4490","005a4490","","Global","FUN_00a31840","00a31840","0"
"","Global","FUN_005a45d0","005a45d0","","Global","FUN_00a31980","00a31980","0"
"","Global","FUN_005a4cb0","005a4cb0","","Global","FUN_00a32050","00a32050","0"
"","Global","FUN_005a4dc0","005a4dc0","","Global","FUN_00a32160","00a32160","0"
"","Global","FUN_005a4f50","005a4f50","","Global","FUN_00a322f0","00a322f0","0"
"","Global","FUN_005a5200","005a5200","","Global","FUN_00a325a0","00a325a0","0"
"","Global","FUN_005a52a0","005a52a0","","Global","FUN_00a32640","00a32640","0"
"","Global","FUN_005a5320","005a5320","","Global","FUN_00a326c0","00a326c0","0"
"","Global","FUN_005a5ca0","005a5ca0","","Global","FUN_00a33040","00a33040","0"
"","Global","FUN_005a6010","005a6010","","Global","FUN_00a333b0","00a333b0","0"
"","Global","FUN_005a6410","005a6410","","Global","FUN_00a33790","00a33790","0"
"","Global","FUN_005a64c0","005a64c0","","Global","FUN_00a33840","00a33840","0"
"","Global","FUN_005a6b10","005a6b10","","Global","FUN_00a33e90","00a33e90","0"
"","Global","FUN_005a6b80","005a6b80","","Global","FUN_00a33f00","00a33f00","0"
"","Global","FUN_005a6bd0","005a6bd0","","Global","FUN_00a33f50","00a33f50","0"
"","Global","FUN_005a6fc0","005a6fc0","","Global","FUN_00a34340","00a34340","0"
"","Global","FUN_005a7070","005a7070","","Global","FUN_00a343f0","00a343f0","0"
"","Global","FUN_005a75a0","005a75a0","","Global","FUN_00a34870","00a34870","0"
"","Global","FUN_005a7870","005a7870","","Global","FUN_00a34b20","00a34b20","0"
"","Global","FUN_005a78c0","005a78c0","","Global","FUN_00a34b70","00a34b70","0"
"","Global","FUN_005a7970","005a7970","","Global","FUN_00904140","00904140","0"
"","Global","FUN_005a7b20","005a7b20","","Global","FUN_00a34d10","00a34d10","0"
"","Global","FUN_005a7ea0","005a7ea0","","Global","FUN_00a35090","00a35090","0"
"","Global","FUN_005a8320","005a8320","","Global","FUN_00a354f0","00a354f0","0"
"","Global","FUN_005a8530","005a8530","","Global","FUN_00a356f0","00a356f0","0"
"","Global","FUN_005a8690","005a8690","","Global","FUN_0090d920","0090d920","0"
"","Global","FUN_005a8720","005a8720","","Global","FUN_00a35850","00a35850","0"
"","Global","FUN_005aa3e0","005aa3e0","","Global","FUN_00a41fd0","00a41fd0","0"
"","Global","FUN_005aa640","005aa640","","Global","FUN_00a42220","00a42220","0"
"","Global","FUN_005aa880","005aa880","","Global","FUN_00489900","00489900","0"
"","Global","FUN_005aa8c0","005aa8c0","","Global","FUN_00a42460","00a42460","0"
"","Global","FUN_005ab270","005ab270","","Global","FUN_00a42de0","00a42de0","0"
"","Global","FUN_005adc00","005adc00","","Global","FUN_00a45720","00a45720","0"
"","Global","FUN_005add40","005add40","","Global","FUN_00a45860","00a45860","0"
"","Global","FUN_005adf50","005adf50","","Global","FUN_00a45a70","00a45a70","0"
"","Global","FUN_005ae280","005ae280","","Global","FUN_00a45da0","00a45da0","0"
"","Global","FUN_005ae360","005ae360","","Global","FUN_00a45e80","00a45e80","0"
"","Global","FUN_005ae860","005ae860","","Global","FUN_00a46380","00a46380","0"
"","Global","FUN_005ae960","005ae960","","Global","FUN_00a46470","00a46470","0"
"","Global","FUN_005ae990","005ae990","","Global","FUN_00a464a0","00a464a0","0"
"","Global","FUN_005aea50","005aea50","","Global","FUN_00a46560","00a46560","0"
"","Global","FUN_005aec60","005aec60","","Global","FUN_00a46770","00a46770","0"
"","Global","FUN_005aee70","005aee70","","Global","FUN_00a46960","00a46960","0"
"","Global","FUN_005af3b0","005af3b0","","Global","FUN_00a46ea0","00a46ea0","0"
"","Global","FUN_005afe30","005afe30","","Global","FUN_00a47920","00a47920","0"
"","Global","FUN_005b0fd0","005b0fd0","","Global","FUN_00926e50","00926e50","0"
"","Global","FUN_005b10c0","005b10c0","","Global","FUN_00926fb0","00926fb0","0"
"","Global","FUN_005b1590","005b1590","","Global","FUN_00927650","00927650","0"
"","Global","FUN_005b2e10","005b2e10","","Global","FUN_00929990","00929990","0"
"","Global","FUN_005b2fa0","005b2fa0","","Global","FUN_00929b80","00929b80","0"
"","Global","FUN_005b32f0","005b32f0","","Global","FUN_0092a000","0092a000","0"
"","Global","FUN_005b3820","005b3820","","Global","FUN_0087eda0","0087eda0","0"
"","Global","FUN_005b3970","005b3970","","Global","FUN_0087ef10","0087ef10","0"
"","Global","FUN_005b3f90","005b3f90","","Global","FUN_0087f530","0087f530","0"
"","Global","FUN_005b45e0","005b45e0","","Global","FUN_0087fbd0","0087fbd0","0"
"","Global","FUN_005b4660","005b4660","","Global","FUN_0087fc50","0087fc50","0"
"","Global","FUN_005b4700","005b4700","","Global","FUN_0087fd10","0087fd10","0"
"","Global","FUN_005b4750","005b4750","","Global","FUN_0087fdf0","0087fdf0","0"
"","Global","FUN_005b47f0","005b47f0","","Global","FUN_0087fe90","0087fe90","0"
"","Global","FUN_005b48c0","005b48c0","","Global","FUN_0087ff60","0087ff60","0"
"","Global","FUN_005b48f0","005b48f0","","Global","FUN_0087ff90","0087ff90","0"
"","Global","FUN_005b49a0","005b49a0","","Global","FUN_008800d0","008800d0","0"
"","Global","FUN_005b49e0","005b49e0","","Global","FUN_00880110","00880110","0"
"","Global","FUN_005b4a10","005b4a10","","Global","FUN_00880140","00880140","0"
"","Global","FUN_005b4a50","005b4a50","","Global","FUN_00880180","00880180","0"
"","Global","FUN_005b4ad0","005b4ad0","","Global","FUN_00880210","00880210","0"
"","Global","FUN_005b4af0","005b4af0","","Global","FUN_00880290","00880290","0"
"","Global","FUN_005b4c40","005b4c40","","Global","FUN_008803e0","008803e0","0"
"","Global","FUN_005b4d20","005b4d20","","Global","FUN_008804e0","008804e0","0"
"","Global","FUN_005b4da0","005b4da0","","Global","FUN_004c9030","004c9030","0"
"","Global","FUN_005b5090","005b5090","","Global","FUN_00880770","00880770","0"
"","Global","FUN_005b5280","005b5280","","Global","FUN_00880990","00880990","0"
"","Global","FUN_005b52f0","005b52f0","","Global","FUN_00880a40","00880a40","0"
"","Global","FUN_005b53d0","005b53d0","","Global","FUN_00880b20","00880b20","0"
"","Global","FUN_005b5450","005b5450","","Global","FUN_00880bb0","00880bb0","0"
"","Global","FUN_005b54d0","005b54d0","","Global","FUN_00880c70","00880c70","0"
"","Global","FUN_005b5510","005b5510","","Global","FUN_00880cb0","00880cb0","0"
"","Global","FUN_005b5590","005b5590","","Global","FUN_00880d30","00880d30","0"
"","Global","FUN_005b5680","005b5680","","Global","FUN_00880ea0","00880ea0","0"
"","Global","FUN_005b5710","005b5710","","Global","FUN_00880f70","00880f70","0"
"","Global","FUN_005b5740","005b5740","","Global","FUN_00880fa0","00880fa0","0"
"","Global","FUN_005b5a20","005b5a20","","Global","FUN_00881280","00881280","0"
"","Global","FUN_005b5ae0","005b5ae0","","Global","FUN_00881340","00881340","0"
"","Global","FUN_005b5e30","005b5e30","","Global","FUN_00881690","00881690","0"
"","Global","FUN_005b5ea0","005b5ea0","","Global","FUN_00881700","00881700","0"
"","Global","FUN_005b5ed0","005b5ed0","","Global","FUN_00881730","00881730","0"
"","Global","FUN_005b5f50","005b5f50","","Global","FUN_008817b0","008817b0","0"
"","Global","FUN_005b5fa0","005b5fa0","","Global","FUN_00881800","00881800","0"
"","Phyre::PRendering::PRenderer","beginScene","005b5fd0","","Global","FUN_00881830","00881830","0"
"","Global","FUN_005b6090","005b6090","","Global","FUN_008818f0","008818f0","0"
"","Global","FUN_005b6180","005b6180","","Global","FUN_008819e0","008819e0","0"
"","Global","FUN_005b6210","005b6210","","Global","FUN_00881a70","00881a70","0"
"","Global","FUN_005b62f0","005b62f0","","Global","FUN_00881b50","00881b50","0"
"","Global","FUN_005b64d0","005b64d0","","Global","FUN_00881d30","00881d30","0"
"","Global","FUN_005b67c0","005b67c0","","Global","FUN_00882020","00882020","0"
"","Global","FUN_005b69c0","005b69c0","","Global","FUN_00882220","00882220","0"
"","Global","FUN_005b6ab0","005b6ab0","","Global","FUN_00882310","00882310","0"
"","Phyre::PRendering::PRenderer","endScene","005b6af0","","Global","FUN_00882350","00882350","0"
"","Global","FUN_005b6bc0","005b6bc0","","Global","FUN_00882420","00882420","0"
"","Global","FUN_005b6c10","005b6c10","","Global","FUN_00882470","00882470","0"
"","Global","FUN_005b6c90","005b6c90","","Global","FUN_008824f0","008824f0","0"
"","Global","FUN_005b6df0","005b6df0","","Global","FUN_00882650","00882650","0"
"","Global","FUN_005b6e40","005b6e40","","Global","FUN_008826a0","008826a0","0"
"","Phyre::PRendering::PRendererBase","generateContextParameterCaptureBuffer","005b6e90","","Global","FUN_008826f0","008826f0","0"
"","Phyre::PRendering::PRendererBase","generateMaterialParameterCaptureBuffer","005b80d0","","Global","FUN_00883930","00883930","0"
"","Phyre::PRendering::PRendererBase","generateNodeParameterCaptureBuffer","005b8180","","Global","FUN_008839e0","008839e0","0"
"","Global","FUN_005b8870","005b8870","","Global","FUN_008840d0","008840d0","0"
"","Global","FUN_005b88a0","005b88a0","","Global","FUN_00884100","00884100","0"
"","Global","FUN_005b8d90","005b8d90","","Global","FUN_00884970","00884970","0"
"","Global","FUN_005b8db0","005b8db0","","Global","FUN_00884990","00884990","0"
"","Global","FUN_005b8dd0","005b8dd0","","Global","FUN_008849c0","008849c0","0"
"","Global","FUN_005b8e10","005b8e10","","Global","FUN_00884a00","00884a00","0"
"","Global","FUN_005b8f20","005b8f20","","Global","FUN_00884c00","00884c00","0"
"","Global","FUN_005b8f40","005b8f40","","Global","FUN_00884c20","00884c20","0"
"","Global","FUN_005b9020","005b9020","","Global","FUN_00884d00","00884d00","0"
"","Global","FUN_005b90c0","005b90c0","","Global","FUN_00884da0","00884da0","0"
"","Phyre::PRendering::PRendererBase","populateContextParameterCaptureBufferWithDynamicStreams","005b9430","","Global","FUN_00885130","00885130","0"
"","Phyre::PRendering::PRendererBase","populateContextParameterCaptureBufferWithStreams","005b9650","","Global","FUN_00885350","00885350","0"
"","Global","FUN_005b9970","005b9970","","Global","FUN_00885670","00885670","0"
"","Global","FUN_005b9b40","005b9b40","","Global","FUN_00885840","00885840","0"
"","Global","FUN_005b9bf0","005b9bf0","","Global","FUN_0047a680","0047a680","0"
"","Global","FUN_005b9c10","005b9c10","","Global","FUN_00439890","00439890","0"
"","Phyre::PRendering::PRendererBase","renderMeshInstance","005b9c30","","Global","FUN_008858f0","008858f0","0"
"","Global","FUN_005ba080","005ba080","","Global","FUN_00885d40","00885d40","0"
"","Global","FUN_005ba520","005ba520","","Global","FUN_008861e0","008861e0","0"
"","Global","FUN_005ba830","005ba830","","Global","FUN_00886570","00886570","0"
"","Global","FUN_005ba900","005ba900","","Global","FUN_00886640","00886640","0"
"","Global","FUN_005baa70","005baa70","","Global","FUN_008867b0","008867b0","0"
"","Global","FUN_005babe0","005babe0","","Global","FUN_00886920","00886920","0"
"","Global","FUN_005baca0","005baca0","","Global","FUN_008869e0","008869e0","0"
"","Global","FUN_005bad70","005bad70","","Global","FUN_00886ac0","00886ac0","0"
"","Global","FUN_005baf40","005baf40","","Global","FUN_00886c90","00886c90","0"
"","Global","FUN_005bb210","005bb210","","Global","FUN_00886f60","00886f60","0"
"","Phyre::PRendering::PRenderer","setColorTarget","005bb2d0","","Global","FUN_00887020","00887020","0"
"","Global","FUN_005bb6a0","005bb6a0","","Global","FUN_008873f0","008873f0","0"
"","Global","FUN_005bb750","005bb750","","Global","FUN_008874a0","008874a0","0"
"","Global","FUN_005bba60","005bba60","","Global","FUN_008877c0","008877c0","0"
"","Global","FUN_005bbdd0","005bbdd0","","Global","FUN_00887bf0","00887bf0","0"
"","Global","FUN_005bbf60","005bbf60","","Global","FUN_00887d70","00887d70","0"
"","Global","FUN_005bc020","005bc020","","Global","FUN_00887e30","00887e30","0"
"","Global","FUN_005bc0f0","005bc0f0","","Global","FUN_00887f50","00887f50","0"
"","Global","FUN_005bc200","005bc200","","Global","FUN_00888070","00888070","0"
"","Global","FUN_005bc350","005bc350","","Global","FUN_008881c0","008881c0","0"
"","Global","FUN_005bc380","005bc380","","Global","FUN_008881f0","008881f0","0"
"","Global","FUN_005bc480","005bc480","","Global","FUN_008882f0","008882f0","0"
"","Global","FUN_005bc5a0","005bc5a0","","Global","FUN_00888410","00888410","0"
"","Global","FUN_005bc5e0","005bc5e0","","Global","FUN_00888450","00888450","0"
"","Global","FUN_005bc610","005bc610","","Global","FUN_00888480","00888480","0"
"","Global","FUN_005bc650","005bc650","","Global","FUN_008884d0","008884d0","0"
"","Global","FUN_005bc6a0","005bc6a0","","Global","FUN_00a47960","00a47960","0"
"","Global","FUN_005bf430","005bf430","","Global","FUN_00a4a700","00a4a700","0"
"","Global","FUN_005bf4e0","005bf4e0","","Global","FUN_00a4a7b0","00a4a7b0","0"
"","Global","FUN_005bf970","005bf970","","Global","FUN_00a4ac40","00a4ac40","0"
"","Global","FUN_005bfa70","005bfa70","","Global","FUN_00a4ad40","00a4ad40","0"
"","Global","FUN_005bfc50","005bfc50","","Global","FUN_00a4af20","00a4af20","0"
"","Global","FUN_005c06b0","005c06b0","","Global","FUN_00a4b980","00a4b980","0"
"","Global","FUN_005c0b10","005c0b10","","Global","FUN_00a4bde0","00a4bde0","0"
"","Global","FUN_005c1220","005c1220","","Global","FUN_00a4c4f0","00a4c4f0","0"
"","Global","FUN_005c1700","005c1700","","Global","FUN_00a4c9d0","00a4c9d0","0"
"","Global","FUN_005c1a40","005c1a40","","Global","FUN_00a4cd10","00a4cd10","0"
"","Global","FUN_005c2090","005c2090","","Global","FUN_00a4d360","00a4d360","0"
"","Global","FUN_005c2130","005c2130","","Global","FUN_00a4d400","00a4d400","0"
"","Global","FUN_005c47d0","005c47d0","","Global","FUN_00a4faa0","00a4faa0","0"
"","Global","FUN_005c52f0","005c52f0","","Global","FUN_00a505c0","00a505c0","0"
"","Global","FUN_005c5440","005c5440","","Global","FUN_00a50710","00a50710","0"
"","Global","FUN_005c5480","005c5480","","Global","FUN_00a50750","00a50750","0"
"","Global","FUN_005c54d0","005c54d0","","Global","FUN_00a507a0","00a507a0","0"
"","Global","FUN_005c54f0","005c54f0","","Global","FUN_00a507c0","00a507c0","0"
"","Global","FUN_005c5510","005c5510","","Global","FUN_00a507e0","00a507e0","0"
"","Global","FUN_005c5530","005c5530","","Global","FUN_00a50800","00a50800","0"
"","Global","FUN_005c6550","005c6550","","Global","FUN_00a51820","00a51820","0"
"","Global","FUN_005c6590","005c6590","","Global","FUN_00a51860","00a51860","0"
"","Global","FUN_005c6800","005c6800","","Global","FUN_00a51ad0","00a51ad0","0"
"","Global","FUN_005c6c80","005c6c80","","Global","FUN_00a51f50","00a51f50","0"
"","Global","FUN_005c6db0","005c6db0","","Global","FUN_00a52080","00a52080","0"
"","Global","FUN_005c76c0","005c76c0","","Global","FUN_00a52990","00a52990","0"
"","Global","FUN_005c77d0","005c77d0","","Global","FUN_00a52aa0","00a52aa0","0"
"","Global","FUN_005c7910","005c7910","","Global","FUN_00a52be0","00a52be0","0"
"","Global","FUN_005c7df0","005c7df0","","Global","FUN_00a530c0","00a530c0","0"
"","Global","FUN_005c8280","005c8280","","Global","FUN_00a921b0","00a921b0","0"
"","Global","FUN_005c8300","005c8300","","Global","FUN_00a92230","00a92230","0"
"","Global","FUN_005c8420","005c8420","","Global","FUN_00a92350","00a92350","0"
"","Global","FUN_005c84d0","005c84d0","","Global","FUN_00a92400","00a92400","0"
"","Global","FUN_005c8730","005c8730","","Global","FUN_00a92660","00a92660","0"
"","Global","FUN_005c8880","005c8880","","Global","FUN_00a927b0","00a927b0","0"
"","Global","FUN_005c89b0","005c89b0","","Global","FUN_00a928e0","00a928e0","0"
"","Global","FUN_005c9670","005c9670","","Global","FUN_00a935a0","00a935a0","0"
"","Global","FUN_005c9de0","005c9de0","","Global","FUN_00a93d10","00a93d10","0"
"","Global","FUN_005c9e70","005c9e70","","Global","FUN_00a93da0","00a93da0","0"
"","Global","FUN_005ca3d0","005ca3d0","","Global","FUN_00a94300","00a94300","0"
"","Global","FUN_005ca900","005ca900","","Global","FUN_00a94830","00a94830","0"
"","Global","FUN_005caad0","005caad0","","Global","FUN_00a94a00","00a94a00","0"
"","Global","FUN_005cacc0","005cacc0","","Global","FUN_00a94bf0","00a94bf0","0"
"","Global","FUN_005caeb0","005caeb0","","Global","FUN_00a94de0","00a94de0","0"
"","Global","FUN_005cb3a0","005cb3a0","","Global","FUN_00a952d0","00a952d0","0"
"","Global","FUN_005cb8d0","005cb8d0","","Global","FUN_00a95800","00a95800","0"
"","Global","FUN_005cb9f0","005cb9f0","","Global","FUN_00a95920","00a95920","0"
"","Global","FUN_005cba50","005cba50","","Global","FUN_00a95980","00a95980","0"
"","Global","FUN_005cbac0","005cbac0","","Global","FUN_00a959f0","00a959f0","0"
"","Global","FUN_005cbc80","005cbc80","","Global","FUN_00a95bb0","00a95bb0","0"
"","Global","FUN_005cbca0","005cbca0","","Global","FUN_00a95bd0","00a95bd0","0"
"","Global","FUN_005cbd30","005cbd30","","Global","FUN_00a95c50","00a95c50","0"
"","Global","FUN_005cc6e0","005cc6e0","","Global","FUN_00a96600","00a96600","0"
"","Global","FUN_005cc760","005cc760","","Global","FUN_00a96680","00a96680","0"
"","Global","FUN_005cc7f0","005cc7f0","","Global","FUN_00a96710","00a96710","0"
"","Global","FUN_005cc960","005cc960","","Global","FUN_00a96880","00a96880","0"
"","Global","FUN_005cc980","005cc980","","Global","FUN_00a968a0","00a968a0","0"
"","Global","FUN_005cc9f0","005cc9f0","","Global","FUN_00a96910","00a96910","0"
"","Global","FUN_005ccc00","005ccc00","","Global","FUN_00a96b20","00a96b20","0"
"","Global","FUN_005cce50","005cce50","","Global","FUN_00a96d70","00a96d70","0"
"","Global","FUN_005ccef0","005ccef0","","Global","FUN_00a96e10","00a96e10","0"
"","Global","FUN_005ccf50","005ccf50","","Global","FUN_00a96e70","00a96e70","0"
"","Global","FUN_005ccfd0","005ccfd0","","Global","FUN_00a96ef0","00a96ef0","0"
"","Global","FUN_005cd070","005cd070","","Global","FUN_00a96f90","00a96f90","0"
"","Phyre::PPreprocessRingBuffer","GetSingleton","005cd190","","Global","FUN_00961750","00961750","0"
"","Global","FUN_005cd240","005cd240","","Global","FUN_00961800","00961800","0"
"","Phyre::PPreprocessRingBuffer","allocate","005cd270","","Global","FUN_00961830","00961830","0"
"","Phyre::PRingBuffer<Phyre::PPreprocessRingBufferBlock>","allocateBlock","005cd290","","Global","FUN_00961850","00961850","0"
"","Global","FUN_005cd610","005cd610","","Global","FUN_00a97090","00a97090","0"
"","Global","FUN_005cd640","005cd640","","Global","FUN_00a970c0","00a970c0","0"
"","Global","FUN_005cd730","005cd730","","Global","FUN_00a971b0","00a971b0","0"
"","Global","FUN_005cd830","005cd830","","Global","FUN_00a972b0","00a972b0","0"
"","Global","FUN_005cd8d0","005cd8d0","","Global","FUN_00a97350","00a97350","0"
"","Global","FUN_005cd920","005cd920","","Global","FUN_00a973a0","00a973a0","0"
"","Global","FUN_005cdaa0","005cdaa0","","Global","FUN_00a97520","00a97520","0"
"","Global","FUN_005cdb60","005cdb60","","Global","FUN_00a975e0","00a975e0","0"
"","Global","FUN_005cdc50","005cdc50","","Global","FUN_00a976d0","00a976d0","0"
"","Global","FUN_005cdd20","005cdd20","","Global","FUN_00a977a0","00a977a0","0"
"","Global","FUN_005cdfd0","005cdfd0","","Global","FUN_00a97a50","00a97a50","0"
"","Global","FUN_005ce0d0","005ce0d0","","Global","FUN_00a97b50","00a97b50","0"
"","Global","FUN_005ce1d0","005ce1d0","","Global","FUN_00a97c50","00a97c50","0"
"","Global","FUN_005ce2e0","005ce2e0","","Global","FUN_004d8140","004d8140","0"
"","Global","FUN_005ce320","005ce320","","Global","FUN_00a97d60","00a97d60","0"
"","Global","FUN_005ce4a0","005ce4a0","","Global","FUN_00a97ee0","00a97ee0","0"
"","Global","FUN_005ce630","005ce630","","Global","FUN_00a98070","00a98070","0"
"","Global","FUN_005ce6d0","005ce6d0","","Global","FUN_00a98110","00a98110","0"
"","Global","FUN_005ce740","005ce740","","Global","FUN_00a98180","00a98180","0"
"","Global","FUN_005ce7b0","005ce7b0","","Global","FUN_00a981f0","00a981f0","0"
"","Global","FUN_005ce7f0","005ce7f0","","Global","FUN_00a98230","00a98230","0"
"","Global","FUN_005ce820","005ce820","","Global","FUN_00a98260","00a98260","0"
"","Global","FUN_005ce860","005ce860","","Global","FUN_00a982a0","00a982a0","0"
"","Global","FUN_005ceab0","005ceab0","","Global","FUN_00a984f0","00a984f0","0"
"","Global","FUN_005cebf0","005cebf0","","Global","FUN_00a98630","00a98630","0"
"","Global","FUN_005cec10","005cec10","","Global","FUN_00a98650","00a98650","0"
"","Global","FUN_005cf360","005cf360","","Global","FUN_00a98da0","00a98da0","0"
"","Global","FUN_005cf4d0","005cf4d0","","Global","FUN_00a98f10","00a98f10","0"
"","Global","FUN_005cf570","005cf570","","Global","FUN_00a98fb0","00a98fb0","0"
"","Global","FUN_005cf5a0","005cf5a0","","Global","FUN_00a98fe0","00a98fe0","0"
"","Global","FUN_005cf880","005cf880","","Global","FUN_00a992c0","00a992c0","0"
"","Global","FUN_005cfb90","005cfb90","","Global","FUN_00a995d0","00a995d0","0"
"","Global","FUN_005cfbe0","005cfbe0","","Global","FUN_00a99620","00a99620","0"
"","Global","FUN_005d00a0","005d00a0","","Global","FUN_00a99ae0","00a99ae0","0"
"","Global","FUN_005d0290","005d0290","","Global","FUN_00a99cd0","00a99cd0","0"
"","Global","FUN_005d0320","005d0320","","Global","FUN_00a99d60","00a99d60","0"
"","Global","FUN_005d0350","005d0350","","Global","FUN_00a99d90","00a99d90","0"
"","Global","FUN_005d03e0","005d03e0","","Global","FUN_00a99e20","00a99e20","0"
"","Global","FUN_005d0400","005d0400","","Global","FUN_00a99e40","00a99e40","0"
"","Global","FUN_005d04d0","005d04d0","","Global","FUN_00a99f10","00a99f10","0"
"","Global","FUN_005d0520","005d0520","","Global","FUN_00a99f60","00a99f60","0"
"","Global","FUN_005d0570","005d0570","","Global","FUN_00a99fb0","00a99fb0","0"
"","Global","FUN_005d05c0","005d05c0","","Global","FUN_00a9a000","00a9a000","0"
"","Global","FUN_005d0640","005d0640","","Global","FUN_00a9a080","00a9a080","0"
"","Global","FUN_005d0760","005d0760","","Global","FUN_00a9a1a0","00a9a1a0","0"
"","Global","FUN_005d07f0","005d07f0","","Global","FUN_00a9a230","00a9a230","0"
"","Global","FUN_005d0950","005d0950","","Global","FUN_00a9a390","00a9a390","0"
"","Global","FUN_005d0a90","005d0a90","","Global","FUN_00a9a4d0","00a9a4d0","0"
"","Global","FUN_005d0c00","005d0c00","","Global","FUN_00a9a640","00a9a640","0"
"","Global","FUN_005d0ce0","005d0ce0","","Global","FUN_00a9a720","00a9a720","0"
"","Global","FUN_005d0d70","005d0d70","","Global","FUN_00a9a7b0","00a9a7b0","0"
"","Global","FUN_005d0ec0","005d0ec0","","Global","FUN_00a9a900","00a9a900","0"
"","Global","FUN_005d0fa0","005d0fa0","","Global","FUN_00a9a9e0","00a9a9e0","0"
"","Global","FUN_005d1010","005d1010","","Global","FUN_00a9aa50","00a9aa50","0"
"","Global","FUN_005d1080","005d1080","","Global","FUN_00a9aac0","00a9aac0","0"
"","Global","FUN_005d1250","005d1250","","Global","FUN_00a9ac90","00a9ac90","0"
"","Global","FUN_005d13a0","005d13a0","","Global","FUN_00a9ade0","00a9ade0","0"
"","Global","FUN_005d1470","005d1470","","Global","FUN_00a9aeb0","00a9aeb0","0"
"","Global","FUN_005d14f0","005d14f0","","Global","FUN_00a9af30","00a9af30","0"
"","Global","FUN_005d17f0","005d17f0","","Global","FUN_00a9b230","00a9b230","0"
"","Global","FUN_005d1960","005d1960","","Global","FUN_00a9b3a0","00a9b3a0","0"
"","Global","FUN_005d1a70","005d1a70","","Global","FUN_00a9b4b0","00a9b4b0","0"
"","Global","FUN_005d1c20","005d1c20","","Global","FUN_00a9b660","00a9b660","0"
"","Global","FUN_005d1ca0","005d1ca0","","Global","FUN_00a9b6e0","00a9b6e0","0"
"","Global","FUN_005d1d40","005d1d40","","Global","FUN_00a9b780","00a9b780","0"
"","Global","FUN_005d1d60","005d1d60","","Global","FUN_00a9b7a0","00a9b7a0","0"
"","Global","FUN_005d1e10","005d1e10","","Global","FUN_00a9b820","00a9b820","0"
"","Global","FUN_005d1e30","005d1e30","","Global","FUN_00a53830","00a53830","0"
"","Global","FUN_005d1e60","005d1e60","","Global","FUN_00a9b840","00a9b840","0"
"","Global","FUN_005d1fa0","005d1fa0","","Global","FUN_00a9b980","00a9b980","0"
"","Global","FUN_005d2050","005d2050","","Global","FUN_00a9ba30","00a9ba30","0"
"","Global","FUN_005d2120","005d2120","","Global","FUN_00a9bb00","00a9bb00","0"
"","Global","FUN_005d2160","005d2160","","Global","FUN_005045c0","005045c0","0"
"","Global","FUN_005d2190","005d2190","","Global","FUN_00a9bb40","00a9bb40","0"
"","Global","FUN_005d21e0","005d21e0","","Global","FUN_00a9bb90","00a9bb90","0"
"","Global","FUN_005d2240","005d2240","","Global","FUN_00a9bbf0","00a9bbf0","0"
"","Global","FUN_005d2300","005d2300","","Global","FUN_00478b20","00478b20","0"
"","Global","FUN_005d2330","005d2330","","Global","FUN_00a9bcb0","00a9bcb0","0"
"","Global","FUN_005d24b0","005d24b0","","Global","FUN_00a9be30","00a9be30","0"
"","Global","FUN_005d3380","005d3380","","Global","FUN_00a9cd00","00a9cd00","0"
"","Global","FUN_005d3460","005d3460","","Global","FUN_00a9cde0","00a9cde0","0"
"","Global","FUN_005d3540","005d3540","","Global","FUN_00a9cec0","00a9cec0","0"
"","Global","FUN_005d3590","005d3590","","Global","FUN_00a9cf10","00a9cf10","0"
"","Global","FUN_005d35e0","005d35e0","","Global","FUN_00a9cf60","00a9cf60","0"
"","Global","FUN_005d39e0","005d39e0","","Global","FUN_00a9d350","00a9d350","0"
"","Global","FUN_005d3ee0","005d3ee0","","Global","FUN_00a9d850","00a9d850","0"
"","Global","FUN_005d3fb0","005d3fb0","","Global","FUN_00a9d920","00a9d920","0"
"","Global","FUN_005d4010","005d4010","","Global","FUN_00a9d980","00a9d980","0"
"","Global","FUN_005d4060","005d4060","","Global","FUN_00a9d9d0","00a9d9d0","0"
"","Global","FUN_005d4130","005d4130","","Global","FUN_00a9daa0","00a9daa0","0"
"","Global","FUN_005d4210","005d4210","","Global","FUN_00a9db80","00a9db80","0"
"","Global","FUN_005d48f0","005d48f0","","Global","FUN_00a9e260","00a9e260","0"
"","Global","FUN_005d49f0","005d49f0","","Global","FUN_00a9e360","00a9e360","0"
"","Global","FUN_005d4b50","005d4b50","","Global","FUN_00a9e4c0","00a9e4c0","0"
"","Global","FUN_005d51a0","005d51a0","","Global","FUN_00a9eaf0","00a9eaf0","0"
"","Global","FUN_005d54d0","005d54d0","","Global","FUN_00a9ee10","00a9ee10","0"
"","Global","FUN_005d54f0","005d54f0","","Global","FUN_00a9ee30","00a9ee30","0"
"","Global","FUN_005d5550","005d5550","","Global","FUN_00a9ee90","00a9ee90","0"
"","Global","FUN_005d5600","005d5600","","Global","FUN_00a9ef40","00a9ef40","0"
"","Global","FUN_005d57c0","005d57c0","","Global","FUN_00a9f100","00a9f100","0"
"","Global","FUN_005d5840","005d5840","","Global","FUN_00a9f180","00a9f180","0"
"","Global","FUN_005d5860","005d5860","","Global","FUN_00a9f1a0","00a9f1a0","0"
"","Global","FUN_005d58b0","005d58b0","","Global","FUN_00a9f1f0","00a9f1f0","0"
"","Global","FUN_005d5920","005d5920","","Global","FUN_00a9f260","00a9f260","0"
"","Global","FUN_005d5950","005d5950","","Global","FUN_00a9f290","00a9f290","0"
"","Global","FUN_005d5a00","005d5a00","","Global","FUN_00a9f340","00a9f340","0"
"","Global","FUN_005d5c30","005d5c30","","Global","FUN_00a9f570","00a9f570","0"
"","Global","FUN_005d5cc0","005d5cc0","","Global","FUN_00a9f600","00a9f600","0"
"","Global","FUN_005d5d10","005d5d10","","Global","FUN_00a9f650","00a9f650","0"
"","Global","FUN_005d5d40","005d5d40","","Global","FUN_00a9f680","00a9f680","0"
"","Global","FUN_005d5da0","005d5da0","","Global","FUN_00a9f6e0","00a9f6e0","0"
"","Global","FUN_005d61f0","005d61f0","","Global","FUN_00a9fb30","00a9fb30","0"
"","Global","FUN_005d6210","005d6210","","Global","FUN_00a9fb50","00a9fb50","0"
"","Global","FUN_005d6280","005d6280","","Global","FUN_00a9fbc0","00a9fbc0","0"
"","Global","FUN_005d62c0","005d62c0","","Global","FUN_00a9fc00","00a9fc00","0"
"","Global","FUN_005d6540","005d6540","","Global","FUN_00a9fe80","00a9fe80","0"
"","Global","FUN_005d6790","005d6790","","Global","FUN_00aa00d0","00aa00d0","0"
"","Global","FUN_005d67f0","005d67f0","","Global","FUN_00aa0130","00aa0130","0"
"","Global","FUN_005d6900","005d6900","","Global","FUN_00aa0240","00aa0240","0"
"","Global","FUN_005d6950","005d6950","","Global","FUN_00aa0290","00aa0290","0"
"","Global","FUN_005d6b00","005d6b00","","Global","FUN_00aa0410","00aa0410","0"
"","Global","FUN_005d6e20","005d6e20","","Global","FUN_00aa0660","00aa0660","0"
"","Global","FUN_005d6e60","005d6e60","","Global","FUN_00943080","00943080","0"
"","Global","FUN_005d6ef0","005d6ef0","","Global","FUN_00943110","00943110","0"
"","Global","FUN_005d70a0","005d70a0","","Global","FUN_009432c0","009432c0","0"
"","Global","FUN_005d7330","005d7330","","Global","FUN_00943550","00943550","0"
"","Global","FUN_005d7450","005d7450","","Global","FUN_00943670","00943670","0"
"","Global","FUN_005d75f0","005d75f0","","Global","FUN_00943810","00943810","0"
"","Global","FUN_005d7940","005d7940","","Global","FUN_00943b60","00943b60","0"
"","Global","FUN_005da940","005da940","","Global","FUN_00a61780","00a61780","0"
"","Global","FUN_005dfb70","005dfb70","","Global","FUN_00a669b0","00a669b0","0"
"","Global","FUN_005dfbe0","005dfbe0","","Global","FUN_00a66a20","00a66a20","0"
"","Global","FUN_005dfc70","005dfc70","","Global","FUN_00a66ab0","00a66ab0","0"
"","Global","FUN_005dfd30","005dfd30","","Global","FUN_00a66b70","00a66b70","0"
"","Global","FUN_005dfdf0","005dfdf0","","Global","FUN_00a66c30","00a66c30","0"
"","Global","FUN_005dff30","005dff30","","Global","FUN_00a66d70","00a66d70","0"
"","Global","FUN_005dff70","005dff70","","Global","FUN_00a66db0","00a66db0","0"
"","Global","FUN_005dffa0","005dffa0","","Global","FUN_00a66de0","00a66de0","0"
"","Global","FUN_005dffe0","005dffe0","","Global","FUN_00a66e20","00a66e20","0"
"","Global","FUN_005e0010","005e0010","","Global","FUN_00a66e50","00a66e50","0"
"","Global","FUN_005e0090","005e0090","","Global","FUN_00a66ed0","00a66ed0","0"
"","Global","FUN_005e00d0","005e00d0","","Global","FUN_00a66f10","00a66f10","0"
"","Global","FUN_005e01f0","005e01f0","","Global","FUN_00a67030","00a67030","0"
"","Global","FUN_005e0360","005e0360","","Global","FUN_00a671a0","00a671a0","0"
"","Global","FUN_005e03e0","005e03e0","","Global","FUN_00a67220","00a67220","0"
"","Global","FUN_005e0420","005e0420","","Global","FUN_00a67260","00a67260","0"
"","Global","FUN_005e04d0","005e04d0","","Global","FUN_00a67310","00a67310","0"
"","Global","FUN_005e0590","005e0590","","Global","FUN_00a673d0","00a673d0","0"
"","Global","FUN_005e05d0","005e05d0","","Global","FUN_00a67410","00a67410","0"
"","Global","FUN_005e0600","005e0600","","Global","FUN_00a67440","00a67440","0"
"","Global","FUN_005e0660","005e0660","","Global","FUN_00a674a0","00a674a0","0"
"","Global","FUN_005e06a0","005e06a0","","Global","FUN_00a674e0","00a674e0","0"
"","Global","FUN_005e06d0","005e06d0","","Global","FUN_00a67510","00a67510","0"
"","Global","FUN_005e0730","005e0730","","Global","FUN_00a67570","00a67570","0"
"","Global","FUN_005e08c0","005e08c0","","Global","FUN_00a67700","00a67700","0"
"","Global","FUN_005e08e0","005e08e0","","Global","FUN_00a67720","00a67720","0"
"","Global","FUN_005e0980","005e0980","","Global","FUN_00a677c0","00a677c0","0"
"","Global","FUN_005e09b0","005e09b0","","Global","FUN_00a677f0","00a677f0","0"
"","Global","FUN_005e09e0","005e09e0","","Global","FUN_00a67820","00a67820","0"
"","Global","FUN_005e0a10","005e0a10","","Global","FUN_00a67850","00a67850","0"
"","Global","FUN_005e0a50","005e0a50","","Global","FUN_00a67890","00a67890","0"
"","Global","FUN_005e0aa0","005e0aa0","","Global","FUN_00a678e0","00a678e0","0"
"","Global","FUN_005e0b10","005e0b10","","Global","FUN_00a67950","00a67950","0"
"","Global","FUN_005e0c10","005e0c10","","Global","FUN_00a67a50","00a67a50","0"
"","Global","FUN_005e0ca0","005e0ca0","","Global","FUN_004d8180","004d8180","0"
"","Global","FUN_005e0fb0","005e0fb0","","Global","FUN_00a67b40","00a67b40","0"
"","Global","FUN_005e10e0","005e10e0","","Global","FUN_00a67c70","00a67c70","0"
"","Global","FUN_005e1260","005e1260","","Global","FUN_00a67df0","00a67df0","0"
"","Global","FUN_005e1330","005e1330","","Global","FUN_00a67ec0","00a67ec0","0"
"","Global","FUN_005e13f0","005e13f0","","Global","FUN_00a67f80","00a67f80","0"
"","Global","FUN_005e1460","005e1460","","Global","FUN_00a67ff0","00a67ff0","0"
"","Global","FUN_005e14a0","005e14a0","","Global","FUN_00a68030","00a68030","0"
"","Global","FUN_005e14e0","005e14e0","","Global","FUN_00a68070","00a68070","0"
"","Global","FUN_005e1f90","005e1f90","","Global","FUN_00a68af0","00a68af0","0"
"","Global","FUN_005e21d0","005e21d0","","Global","FUN_00a68d30","00a68d30","0"
"","Global","FUN_005e2270","005e2270","","Global","FUN_00a68dd0","00a68dd0","0"
"","Global","FUN_005e2310","005e2310","","Global","FUN_00a68e70","00a68e70","0"
"","Global","FUN_005e2500","005e2500","","Global","FUN_00a69060","00a69060","0"
"","Global","FUN_005e2590","005e2590","","Global","FUN_00a690f0","00a690f0","0"
"","Global","FUN_005e2710","005e2710","","Global","FUN_00a69270","00a69270","0"
"","Global","FUN_005e2800","005e2800","","Global","FUN_00a69360","00a69360","0"
"","Global","FUN_005e28a0","005e28a0","","Global","FUN_00a69400","00a69400","0"
"","Global","FUN_005e2a70","005e2a70","","Global","FUN_00a695d0","00a695d0","0"
"","Global","FUN_005e2af0","005e2af0","","Global","FUN_00a69650","00a69650","0"
"","Global","FUN_005e3180","005e3180","","Global","FUN_00a69ce0","00a69ce0","0"
"","Global","FUN_005e3270","005e3270","","Global","FUN_00a69dd0","00a69dd0","0"
"","Global","FUN_005e34e0","005e34e0","","Global","FUN_00a6a040","00a6a040","0"
"","Global","FUN_005e3750","005e3750","","Global","FUN_00a6a2b0","00a6a2b0","0"
"","Global","FUN_005e38a0","005e38a0","","Global","FUN_00a6a400","00a6a400","0"
"","Global","FUN_005e3950","005e3950","","Global","FUN_00a6a4b0","00a6a4b0","0"
"","Global","FUN_005e3b60","005e3b60","","Global","FUN_00a6a6c0","00a6a6c0","0"
"","Global","FUN_005e3c40","005e3c40","","Global","FUN_00a6a7a0","00a6a7a0","0"
"","Global","FUN_005e3d40","005e3d40","","Global","FUN_00a6a8a0","00a6a8a0","0"
"","Global","FUN_005e3dc0","005e3dc0","","Global","FUN_00a6a920","00a6a920","0"
"","Global","FUN_005e4090","005e4090","","Global","FUN_00a6abf0","00a6abf0","0"
"","Global","FUN_005e4380","005e4380","","Global","FUN_00a6aec0","00a6aec0","0"
"","Global","FUN_005e44e0","005e44e0","","Global","FUN_00a6b020","00a6b020","0"
"","Global","FUN_005e4540","005e4540","","Global","FUN_00a6b080","00a6b080","0"
"","Global","FUN_005e45a0","005e45a0","","Global","FUN_00441570","00441570","0"
"","Global","FUN_005e4830","005e4830","","Global","FUN_00a6b340","00a6b340","0"
"","Global","FUN_005e48f0","005e48f0","","Global","FUN_00a6b400","00a6b400","0"
"","Global","FUN_005e4920","005e4920","","Global","FUN_00a6b430","00a6b430","0"
"","Global","FUN_005e4950","005e4950","","Global","FUN_00a6b460","00a6b460","0"
"","Global","FUN_005e49e0","005e49e0","","Global","FUN_00a6b4f0","00a6b4f0","0"
"","Global","FUN_005e4a10","005e4a10","","Global","FUN_00a6b520","00a6b520","0"
"","Global","FUN_005e4a40","005e4a40","","Global","FUN_00a55510","00a55510","0"
"","Global","FUN_005e4a70","005e4a70","","Global","FUN_00a6b550","00a6b550","0"
"","Global","FUN_005e4af0","005e4af0","","Global","FUN_00a6b5d0","00a6b5d0","0"
"","Global","FUN_005e4b50","005e4b50","","Global","FUN_00a55540","00a55540","0"
"","Global","FUN_005e4ba0","005e4ba0","","Global","FUN_00a6b630","00a6b630","0"
"","Global","FUN_005e6780","005e6780","","Global","FUN_00a6d210","00a6d210","0"
"","Global","FUN_005e6ac0","005e6ac0","","Global","FUN_00a6d550","00a6d550","0"
"","Global","FUN_005e6ba0","005e6ba0","","Global","FUN_00a6d630","00a6d630","0"
"","Global","FUN_005e7080","005e7080","","Global","FUN_00a6db10","00a6db10","0"
"","Global","FUN_005e7820","005e7820","","Global","FUN_00a6e260","00a6e260","0"
"","Global","FUN_005e7c30","005e7c30","","Global","FUN_00a6e650","00a6e650","0"
"","Global","FUN_005e81d0","005e81d0","","Global","FUN_00a6ebf0","00a6ebf0","0"
"","Global","FUN_005e8f90","005e8f90","","Global","FUN_00a6f9b0","00a6f9b0","0"
"","Global","FUN_005e9640","005e9640","","Global","FUN_00a70060","00a70060","0"
"","Global","FUN_005ea120","005ea120","","Global","FUN_00a70b40","00a70b40","0"
"","Global","FUN_005ea700","005ea700","","Global","FUN_00a71120","00a71120","0"
"","Global","FUN_005eac60","005eac60","","Global","FUN_00a71680","00a71680","0"
"","Global","FUN_005eaee0","005eaee0","","Global","FUN_00a71900","00a71900","0"
"","Global","FUN_005eb060","005eb060","","Global","FUN_00a71a80","00a71a80","0"
"","Global","FUN_005eb250","005eb250","","Global","FUN_00a71c70","00a71c70","0"
"","Global","FUN_005eb570","005eb570","","Global","FUN_00a71f90","00a71f90","0"
"","Global","FUN_005f0b00","005f0b00","","Global","FUN_00a77700","00a77700","0"
"","Global","FUN_005f0c90","005f0c90","","Global","FUN_00a77880","00a77880","0"
"","Global","FUN_005f0e90","005f0e90","","Global","FUN_00442420","00442420","0"
"","Global","FUN_005f3100","005f3100","","Global","FUN_00a79c80","00a79c80","0"
"","Global","FUN_005f3170","005f3170","","Global","FUN_00a79cf0","00a79cf0","0"
"","Global","FUN_005f33a0","005f33a0","","Global","FUN_00a79f20","00a79f20","0"
"","Global","FUN_005f33e0","005f33e0","","Global","FUN_00a79f60","00a79f60","0"
"","Global","FUN_005f34a0","005f34a0","","Global","FUN_00a7a020","00a7a020","0"
"","Global","FUN_005f3580","005f3580","","Global","FUN_00a7a100","00a7a100","0"
"","Global","FUN_005f3630","005f3630","","Global","FUN_00a7a1b0","00a7a1b0","0"
"","Global","FUN_005f3680","005f3680","","Global","FUN_00a7a200","00a7a200","0"
"","Global","FUN_005f3730","005f3730","","Global","FUN_00a7a2b0","00a7a2b0","0"
"","Global","FUN_005f3770","005f3770","","Global","FUN_00a7a2f0","00a7a2f0","0"
"","Global","FUN_005f37c0","005f37c0","","Global","FUN_00a7a340","00a7a340","0"
"","Global","FUN_005f3890","005f3890","","Global","FUN_00a7a410","00a7a410","0"
"","Global","FUN_005f3940","005f3940","","Global","FUN_00a7a4c0","00a7a4c0","0"
"","Global","FUN_005f3960","005f3960","","Global","FUN_00a7a4e0","00a7a4e0","0"
"","Global","FUN_005f3a10","005f3a10","","Global","FUN_00a7a590","00a7a590","0"
"","Global","FUN_005f3a40","005f3a40","","Global","FUN_00a7a5c0","00a7a5c0","0"
"","Global","FUN_005f3af0","005f3af0","","Global","FUN_00a7a670","00a7a670","0"
"","Global","FUN_005f3d20","005f3d20","","Global","FUN_00a7a8a0","00a7a8a0","0"
"","Global","FUN_005f3df0","005f3df0","","Global","FUN_00a7a970","00a7a970","0"
"","Global","FUN_005f3ef0","005f3ef0","","Global","FUN_00a7aa70","00a7aa70","0"
"","Global","FUN_005f3fb0","005f3fb0","","Global","FUN_00a7ab30","00a7ab30","0"
"","Global","FUN_005f4210","005f4210","","Global","FUN_00a7ad90","00a7ad90","0"
"","Global","FUN_005f42d0","005f42d0","","Global","FUN_00a7ae50","00a7ae50","0"
"","Global","FUN_005f4350","005f4350","","Global","FUN_00a7aed0","00a7aed0","0"
"","Global","FUN_005f43f0","005f43f0","","Global","FUN_00a7af70","00a7af70","0"
"","Global","FUN_005f4920","005f4920","","Global","FUN_00a7b4a0","00a7b4a0","0"
"","Global","FUN_005f49f0","005f49f0","","Global","FUN_00a7b570","00a7b570","0"
"","Global","FUN_005f4ce0","005f4ce0","","Global","FUN_00a7b860","00a7b860","0"
"","Global","FUN_005f4e60","005f4e60","","Global","FUN_00a7b9e0","00a7b9e0","0"
"","Global","FUN_005f4f70","005f4f70","","Global","FUN_00a7baf0","00a7baf0","0"
"","Global","FUN_005f56d0","005f56d0","","Global","FUN_00a7c250","00a7c250","0"
"","Global","FUN_005f57b0","005f57b0","","Global","FUN_00a7c330","00a7c330","0"
"","Global","FUN_005f5860","005f5860","","Global","FUN_00a7c3e0","00a7c3e0","0"
"","Global","FUN_005f5b70","005f5b70","","Global","FUN_00a7c6f0","00a7c6f0","0"
"","Global","FUN_005f5c10","005f5c10","","Global","FUN_00a7c790","00a7c790","0"
"","Global","FUN_005f5de0","005f5de0","","Global","FUN_00a7c960","00a7c960","0"
"","Global","FUN_005f5f40","005f5f40","","Global","FUN_00a7cac0","00a7cac0","0"
"","Global","FUN_005f6020","005f6020","","Global","FUN_00a7cba0","00a7cba0","0"
"","Global","FUN_005f6130","005f6130","","Global","FUN_00a7ccb0","00a7ccb0","0"
"","Global","FUN_005f65b0","005f65b0","","Global","FUN_00a7d130","00a7d130","0"
"","Global","FUN_005f6680","005f6680","","Global","FUN_00a7d200","00a7d200","0"
"","Global","FUN_005f6a10","005f6a10","","Global","FUN_00a7d590","00a7d590","0"
"","Global","FUN_005f6a90","005f6a90","","Global","FUN_00a7d610","00a7d610","0"
"","Global","FUN_005f6b30","005f6b30","","Global","FUN_00a7d6b0","00a7d6b0","0"
"","Global","FUN_005f6bd0","005f6bd0","","Global","FUN_00a7d750","00a7d750","0"
"","Global","FUN_005f6c90","005f6c90","","Global","FUN_00a7d810","00a7d810","0"
"","Global","FUN_005f6d30","005f6d30","","Global","FUN_00a7d8b0","00a7d8b0","0"
"","Global","FUN_005f6df0","005f6df0","","Global","FUN_00a7d970","00a7d970","0"
"","Global","FUN_005f6ed0","005f6ed0","","Global","FUN_00a7da50","00a7da50","0"
"","Global","FUN_005f6f10","005f6f10","","Global","FUN_00a7da90","00a7da90","0"
"","Global","FUN_005f7100","005f7100","","Global","FUN_00a7dc80","00a7dc80","0"
"","Global","FUN_005f71a0","005f71a0","","Global","FUN_00a7dd20","00a7dd20","0"
"","Global","FUN_005f7250","005f7250","","Global","FUN_00a7ddd0","00a7ddd0","0"
"","Global","FUN_005f75e0","005f75e0","","Global","FUN_00a7e160","00a7e160","0"
"","Global","FUN_005f7720","005f7720","","Global","FUN_00a7e2a0","00a7e2a0","0"
"","Global","FUN_005f7860","005f7860","","Global","FUN_00a7e3e0","00a7e3e0","0"
"","Global","FUN_005f7880","005f7880","","Global","FUN_00a7e400","00a7e400","0"
"","Global","FUN_005f7930","005f7930","","Global","FUN_00a7e4b0","00a7e4b0","0"
"","Global","FUN_005f79a0","005f79a0","","Global","FUN_00a7e520","00a7e520","0"
"","Global","FUN_005f7a20","005f7a20","","Global","FUN_00a7e5a0","00a7e5a0","0"
"","Global","FUN_005f7a90","005f7a90","","Global","FUN_00a7e610","00a7e610","0"
"","Global","FUN_005f7bd0","005f7bd0","","Global","FUN_00a7e750","00a7e750","0"
"","Global","FUN_005f7c10","005f7c10","","Global","FUN_00a7e790","00a7e790","0"
"","Global","FUN_005f7c50","005f7c50","","Global","FUN_00a7e7d0","00a7e7d0","0"
"","Global","FUN_005f7c90","005f7c90","","Global","FUN_00a7e810","00a7e810","0"
"","Global","FUN_005f7d30","005f7d30","","Global","FUN_00a7e8b0","00a7e8b0","0"
"","Global","FUN_005f7e90","005f7e90","","Global","FUN_00a7ea10","00a7ea10","0"
"","Global","FUN_005f7ee0","005f7ee0","","Global","FUN_00a7ea60","00a7ea60","0"
"","Global","FUN_005f7f70","005f7f70","","Global","FUN_00a7eaf0","00a7eaf0","0"
"","Global","FUN_005f7ff0","005f7ff0","","Global","FUN_00a7eb70","00a7eb70","0"
"","Global","FUN_005f8010","005f8010","","Global","FUN_00a7eb90","00a7eb90","0"
"","Global","FUN_005f8060","005f8060","","Global","FUN_00a7ebe0","00a7ebe0","0"
"","Global","FUN_005f80a0","005f80a0","","Global","FUN_00a7ec20","00a7ec20","0"
"","Global","FUN_005f8120","005f8120","","Global","FUN_00a7eca0","00a7eca0","0"
"","Global","FUN_005f8170","005f8170","","Global","FUN_00a7ecf0","00a7ecf0","0"
"","Global","FUN_005f81b0","005f81b0","","Global","FUN_00a7ed30","00a7ed30","0"
"","Global","FUN_005f8330","005f8330","","Global","FUN_00a7eeb0","00a7eeb0","0"
"","Global","FUN_005f8360","005f8360","","Global","FUN_00a7eee0","00a7eee0","0"
"","Global","FUN_005f8390","005f8390","","Global","FUN_00a7ef10","00a7ef10","0"
"","Global","FUN_005f83d0","005f83d0","","Global","FUN_00a7ef50","00a7ef50","0"
"","Global","FUN_005f8410","005f8410","","Global","FUN_00a7ef90","00a7ef90","0"
"","Global","FUN_005f8450","005f8450","","Global","FUN_00a7efd0","00a7efd0","0"
"","Global","FUN_005f84a0","005f84a0","","Global","FUN_00a7f020","00a7f020","0"
"","Global","FUN_005f8550","005f8550","","Global","FUN_00a7f0d0","00a7f0d0","0"
"","Global","FUN_005f8570","005f8570","","Global","FUN_00a7f0f0","00a7f0f0","0"
"","Global","FUN_005f85e0","005f85e0","","Global","FUN_00a7f160","00a7f160","0"
"","Global","FUN_005f8710","005f8710","","Global","FUN_00a7f290","00a7f290","0"
"","Global","FUN_005f8960","005f8960","","Global","FUN_00a7f4e0","00a7f4e0","0"
"","Global","FUN_005f8a20","005f8a20","","Global","FUN_00a7f5a0","00a7f5a0","0"
"","Global","FUN_005f8d60","005f8d60","","Global","FUN_00a7f8e0","00a7f8e0","0"
"","Global","FUN_005f9020","005f9020","","Global","FUN_00a7fba0","00a7fba0","0"
"","Global","FUN_005f90d0","005f90d0","","Global","FUN_00a7fc50","00a7fc50","0"
"","Global","FUN_005f9140","005f9140","","Global","FUN_00a7fcc0","00a7fcc0","0"
"","Global","FUN_005f91d0","005f91d0","","Global","FUN_00a7fd50","00a7fd50","0"
"","Global","FUN_005f9290","005f9290","","Global","FUN_00a7fe10","00a7fe10","0"
"","Global","FUN_005f92d0","005f92d0","","Global","FUN_00a7fe50","00a7fe50","0"
"","Global","FUN_005f9310","005f9310","","Global","FUN_00a7fe90","00a7fe90","0"
"","Global","FUN_005f9380","005f9380","","Global","FUN_00a7ff00","00a7ff00","0"
"","Global","FUN_005f9660","005f9660","","Global","FUN_00a801e0","00a801e0","0"
"","Global","FUN_005f99c0","005f99c0","","Global","FUN_00a80540","00a80540","0"
"","Global","FUN_005f9ce0","005f9ce0","","Global","FUN_00a80860","00a80860","0"
"","Global","FUN_005fa9c0","005fa9c0","","Global","FUN_00a81540","00a81540","0"
"","Global","FUN_005fab10","005fab10","","Global","FUN_00a81690","00a81690","0"
"","Global","FUN_005fad10","005fad10","","Global","FUN_00a81890","00a81890","0"
"","Global","FUN_005fada0","005fada0","","Global","FUN_00a81920","00a81920","0"
"","Global","FUN_005fb280","005fb280","","Global","FUN_00a81e00","00a81e00","0"
"","Global","FUN_005fb940","005fb940","","Global","FUN_00a824c0","00a824c0","0"
"","Global","FUN_005fbb30","005fbb30","","Global","FUN_00a826b0","00a826b0","0"
"","Global","FUN_005fbb50","005fbb50","","Global","FUN_00a826d0","00a826d0","0"
"","Global","FUN_005fbb90","005fbb90","","Global","FUN_00a82710","00a82710","0"
"","Global","FUN_005fbc00","005fbc00","","Global","FUN_00a82780","00a82780","0"
"","Global","FUN_005fbc30","005fbc30","","Global","FUN_00a827b0","00a827b0","0"
"","Global","FUN_005fbc60","005fbc60","","Global","FUN_00a827e0","00a827e0","0"
"","Global","FUN_005fbf30","005fbf30","","Global","FUN_00a82ab0","00a82ab0","0"
"","Global","FUN_005fc010","005fc010","","Global","FUN_00a82b90","00a82b90","0"
"","Global","FUN_005fc560","005fc560","","Global","FUN_00a830f0","00a830f0","0"
"","Global","FUN_005fc600","005fc600","","Global","FUN_00a83190","00a83190","0"
"","Global","FUN_005fc6a0","005fc6a0","","Global","FUN_00a83230","00a83230","0"
"","Global","FUN_005fc750","005fc750","","Global","FUN_00a832e0","00a832e0","0"
"","Global","FUN_005fc7e0","005fc7e0","","Global","FUN_00a83370","00a83370","0"
"","Global","FUN_005fc890","005fc890","","Global","FUN_00a83420","00a83420","0"
"","Global","FUN_005fcf90","005fcf90","","Global","FUN_00a83b20","00a83b20","0"
"","Global","FUN_005fd450","005fd450","","Global","FUN_00a83fe0","00a83fe0","0"
"","Global","FUN_005fd550","005fd550","","Global","FUN_00a840e0","00a840e0","0"
"","Global","FUN_005fd920","005fd920","","Global","FUN_00a844b0","00a844b0","0"
"","Global","FUN_005fd9d0","005fd9d0","","Global","FUN_00a84560","00a84560","0"
"","Global","FUN_005fe020","005fe020","","Global","FUN_00a84bb0","00a84bb0","0"
"","Global","FUN_005fe290","005fe290","","Global","FUN_00a84e20","00a84e20","0"
"","Global","FUN_005fe430","005fe430","","Global","FUN_00a84fc0","00a84fc0","0"
"","Global","FUN_005fe470","005fe470","","Global","FUN_00a85000","00a85000","0"
"","Global","FUN_005fefa0","005fefa0","","Global","FUN_00a85b30","00a85b30","0"
"","Global","FUN_005ff190","005ff190","","Global","FUN_00a85d20","00a85d20","0"
"","Global","FUN_005ff370","005ff370","","Global","FUN_00a85f00","00a85f00","0"
"","Global","FUN_005ff4e0","005ff4e0","","Global","FUN_00a86070","00a86070","0"
"","Global","FUN_005ff560","005ff560","","Global","FUN_00a860f0","00a860f0","0"
"","Global","FUN_005ff670","005ff670","","Global","FUN_00a86200","00a86200","0"
"","Global","FUN_005ff810","005ff810","","Global","FUN_00a863a0","00a863a0","0"
"","Global","FUN_005ffd00","005ffd00","","Global","FUN_00a86890","00a86890","0"
"","Global","FUN_005ffe10","005ffe10","","Global","FUN_00a869a0","00a869a0","0"
"","Global","FUN_005fff80","005fff80","","Global","FUN_00a86b10","00a86b10","0"
"","Global","FUN_006002f0","006002f0","","Global","FUN_00a86e80","00a86e80","0"
"","Global","FUN_006003d0","006003d0","","Global","FUN_00a86f60","00a86f60","0"
"","Global","FUN_006004a0","006004a0","","Global","FUN_00a87030","00a87030","0"
"","Global","FUN_00600570","00600570","","Global","FUN_00a87100","00a87100","0"
"","Global","FUN_00600630","00600630","","Global","FUN_00a871c0","00a871c0","0"
"","Global","FUN_00601880","00601880","","Global","FUN_00a88410","00a88410","0"
"","Global","FUN_00601910","00601910","","Global","FUN_00a884a0","00a884a0","0"
"","Global","FUN_00601a00","00601a00","","Global","FUN_00a88590","00a88590","0"
"","Global","FUN_00601a70","00601a70","","Global","FUN_00a88600","00a88600","0"
"","Global","FUN_00601b70","00601b70","","Global","FUN_00a88700","00a88700","0"
"","Global","FUN_00601be0","00601be0","","Global","FUN_00a88770","00a88770","0"
"","Global","FUN_00601c20","00601c20","","Global","FUN_00a887b0","00a887b0","0"
"","Global","FUN_00601cf0","00601cf0","","Global","FUN_00a88880","00a88880","0"
"","Global","FUN_00601ed0","00601ed0","","Global","FUN_00a88a60","00a88a60","0"
"","Global","FUN_00602050","00602050","","Global","FUN_00a88be0","00a88be0","0"
"","Global","FUN_00602500","00602500","","Global","FUN_00a89090","00a89090","0"
"","Global","FUN_006028e0","006028e0","","Global","FUN_00a89470","00a89470","0"
"","Global","FUN_00602d50","00602d50","","Global","FUN_004da150","004da150","0"
"","Global","FUN_00602e30","00602e30","","Global","FUN_00a898e0","00a898e0","0"
"","Global","FUN_00602fd0","00602fd0","","Global","FUN_00a89a80","00a89a80","0"
"","Global","FUN_006030a0","006030a0","","Global","FUN_00a89b50","00a89b50","0"
"","Global","FUN_00603110","00603110","","Global","FUN_00a89bc0","00a89bc0","0"
"","Global","FUN_006031f0","006031f0","","Global","FUN_00a89ca0","00a89ca0","0"
"","Global","FUN_006032b0","006032b0","","Global","FUN_00a89d60","00a89d60","0"
"","Global","FUN_00603320","00603320","","Global","FUN_00a89dd0","00a89dd0","0"
"","Global","FUN_00603360","00603360","","Global","FUN_00a89e10","00a89e10","0"
"","Global","FUN_00603490","00603490","","Global","FUN_00a89f40","00a89f40","0"
"","Global","FUN_006035c0","006035c0","","Global","FUN_00a8a070","00a8a070","0"
"","Global","FUN_00603650","00603650","","Global","FUN_00a8a100","00a8a100","0"
"","Global","FUN_00603680","00603680","","Global","FUN_00a8a130","00a8a130","0"
"","Global","FUN_006036e0","006036e0","","Global","FUN_00a8a190","00a8a190","0"
"","Global","FUN_00603720","00603720","","Global","FUN_00a8a1d0","00a8a1d0","0"
"","Global","FUN_00603790","00603790","","Global","FUN_00a8a240","00a8a240","0"
"","Global","FUN_00603870","00603870","","Global","FUN_00a8a320","00a8a320","0"
"","Global","FUN_00603970","00603970","","Global","FUN_00a8a420","00a8a420","0"
"","Global","FUN_006039b0","006039b0","","Global","FUN_00a8a460","00a8a460","0"
"","Global","FUN_006039f0","006039f0","","Global","FUN_00a8a4a0","00a8a4a0","0"
"","Global","FUN_00603a40","00603a40","","Global","FUN_00a8a4f0","00a8a4f0","0"
"","Global","FUN_00603c50","00603c50","","Global","FUN_00a8a700","00a8a700","0"
"","Global","FUN_00603d90","00603d90","","Global","FUN_00a8a840","00a8a840","0"
"","Global","FUN_00603e80","00603e80","","Global","FUN_00a8a930","00a8a930","0"
"","Global","FUN_006040d0","006040d0","","Global","FUN_00a8ab80","00a8ab80","0"
"","Global","FUN_00604160","00604160","","Global","FUN_00a8ac10","00a8ac10","0"
"","Global","FUN_006041e0","006041e0","","Global","FUN_00a8ac90","00a8ac90","0"
"","Global","FUN_006043a0","006043a0","","Global","FUN_00a8ae50","00a8ae50","0"
"","Global","FUN_00604470","00604470","","Global","FUN_00a8af20","00a8af20","0"
"","Global","FUN_00604520","00604520","","Global","FUN_00a8afd0","00a8afd0","0"
"","Global","FUN_006055e0","006055e0","","Global","FUN_00a8c090","00a8c090","0"
"","Global","FUN_00605660","00605660","","Global","FUN_00a8c110","00a8c110","0"
"","Global","FUN_00605780","00605780","","Global","FUN_00a8c230","00a8c230","0"
"","Global","FUN_00605820","00605820","","Global","FUN_00a8c2d0","00a8c2d0","0"
"","Global","FUN_006058f0","006058f0","","Global","FUN_00a8c3a0","00a8c3a0","0"
"","Global","FUN_00605a30","00605a30","","Global","FUN_00a8c4e0","00a8c4e0","0"
"","Global","FUN_00605a50","00605a50","","Global","FUN_00a8c500","00a8c500","0"
"","Global","FUN_00605a70","00605a70","","Global","FUN_00a8c520","00a8c520","0"
"","Global","FUN_00605aa0","00605aa0","","Global","FUN_00a8c550","00a8c550","0"
"","Global","FUN_006064a0","006064a0","","Global","FUN_00a8cf50","00a8cf50","0"
"","Global","FUN_006067a0","006067a0","","Global","FUN_00a8d250","00a8d250","0"
"","Global","FUN_00606820","00606820","","Global","FUN_00a8d2d0","00a8d2d0","0"
"","Global","FUN_00606ac0","00606ac0","","Global","FUN_00a8d570","00a8d570","0"
"","Global","FUN_00607010","00607010","","Global","FUN_00a8dac0","00a8dac0","0"
"","Global","FUN_006070b0","006070b0","","Global","FUN_00a8db60","00a8db60","0"
"","Global","FUN_00607600","00607600","","Global","FUN_00a8e0b0","00a8e0b0","0"
"","Global","FUN_006079c0","006079c0","","Global","FUN_00a8e470","00a8e470","0"
"","Global","FUN_00607a40","00607a40","","Global","FUN_00a8e4f0","00a8e4f0","0"
"","Global","FUN_00607ac0","00607ac0","","Global","FUN_00a8e570","00a8e570","0"
"","Global","FUN_00607b50","00607b50","","Global","FUN_00a8e600","00a8e600","0"
"","Global","FUN_00607bc0","00607bc0","","Global","FUN_00a8e670","00a8e670","0"
"","Global","FUN_00607c50","00607c50","","Global","FUN_00a8e700","00a8e700","0"
"","Phyre::PSerialization::PStreamFile","PStreamFile","00607d80","","Global","FUN_00890e40","00890e40","0"
"","Global","FUN_00607de0","00607de0","","Global","FUN_00890ea0","00890ea0","0"
"","Global","FUN_00607e00","00607e00","","Global","FUN_00890ec0","00890ec0","0"
"","Global","FUN_00607f10","00607f10","","Global","FUN_008910a0","008910a0","0"
"","Global","FUN_00607f40","00607f40","","Global","FUN_008910d0","008910d0","0"
"","Global","FUN_00607f80","00607f80","","Global","FUN_00891110","00891110","0"
"","Global","FUN_00607fc0","00607fc0","","Global","FUN_00891150","00891150","0"
"","Global","FUN_006080e0","006080e0","","Global","FUN_00891270","00891270","0"
"","Phyre::PSerialization::PStreamFileWin32","openFile","00608100","","Global","FUN_008912a0","008912a0","0"
"","Phyre::PSerialization::PStrreamFileWin32","Read","00608250","","Global","FUN_008913f0","008913f0","0"
"","Global","FUN_006082a0","006082a0","","Global","FUN_00891440","00891440","0"
"","Global","FUN_006082e0","006082e0","","Global","FUN_00891480","00891480","0"
"","Global","FUN_00608320","00608320","","Global","FUN_008914c0","008914c0","0"
"","Global","FUN_006083e0","006083e0","","Global","FUN_00a581b0","00a581b0","0"
"","Global","FUN_00608430","00608430","","Global","FUN_00a58200","00a58200","0"
"","Global","FUN_006084a0","006084a0","","Global","FUN_00a58270","00a58270","0"
"","Global","FUN_00609270","00609270","","Global","FUN_00a59040","00a59040","0"
"","Global","FUN_0060a500","0060a500","","Global","FUN_00a5a2d0","00a5a2d0","0"
"","Global","FUN_0060a910","0060a910","","Global","FUN_00a5a6e0","00a5a6e0","0"
"","Global","FUN_0060ad30","0060ad30","","Global","FUN_00a5ab00","00a5ab00","0"
"","Global","FUN_0060ad60","0060ad60","","Global","FUN_00a5ab30","00a5ab30","0"
"","Global","FUN_0060adc0","0060adc0","","Global","FUN_00a5ab90","00a5ab90","0"
"","Global","FUN_0060ae10","0060ae10","","Global","FUN_00a5abe0","00a5abe0","0"
"","Global","FUN_0060aec0","0060aec0","","Global","FUN_00a5ac90","00a5ac90","0"
"","Global","FUN_0060b010","0060b010","","Global","FUN_00a5ade0","00a5ade0","0"
"","Global","FUN_0060b050","0060b050","","Global","FUN_00a5ae20","00a5ae20","0"
"","Global","FUN_0060b070","0060b070","","Global","FUN_00a5ae40","00a5ae40","0"
"","Global","FUN_0060b180","0060b180","","Global","FUN_00a5af50","00a5af50","0"
"","Global","FUN_0060b2b0","0060b2b0","","Global","FUN_00a5b080","00a5b080","0"
"","Global","FUN_0060b3b0","0060b3b0","","Global","FUN_00a5b180","00a5b180","0"
"","Global","FUN_0060b4d0","0060b4d0","","Global","FUN_00a5b2a0","00a5b2a0","0"
"","Global","FUN_0060b5e0","0060b5e0","","Global","FUN_00a5b3b0","00a5b3b0","0"
"","Global","FUN_0060b710","0060b710","","Global","FUN_00a5b4e0","00a5b4e0","0"
"","Global","FUN_0060b800","0060b800","","Global","FUN_00a5b5d0","00a5b5d0","0"
"","Global","FUN_0060b8b0","0060b8b0","","Global","FUN_00a5b680","00a5b680","0"
"","Global","FUN_0060b950","0060b950","","Global","FUN_00a5b720","00a5b720","0"
"","Global","FUN_0060ba30","0060ba30","","Global","FUN_00a5b800","00a5b800","0"
"","Global","FUN_0060ba70","0060ba70","","Global","FUN_00a5b840","00a5b840","0"
"","Global","FUN_0060bb10","0060bb10","","Global","FUN_00a5b8e0","00a5b8e0","0"
"","Global","FUN_0060bbb0","0060bbb0","","Global","FUN_00a5b980","00a5b980","0"
"","Global","FUN_0060bd40","0060bd40","","Global","FUN_00a5bb10","00a5bb10","0"
"","Global","FUN_0060bdc0","0060bdc0","","Global","FUN_00a5bb90","00a5bb90","0"
"","Global","FUN_0060bf40","0060bf40","","Global","FUN_00a5bd10","00a5bd10","0"
"","Global","FUN_0060c090","0060c090","","Global","FUN_00a5be60","00a5be60","0"
"","Global","FUN_0060c120","0060c120","","Global","FUN_00a5bef0","00a5bef0","0"
"","Global","FUN_0060c1f0","0060c1f0","","Global","FUN_00a5bfc0","00a5bfc0","0"
"","Global","FUN_0060c550","0060c550","","Global","FUN_00a5c320","00a5c320","0"
"","Global","FUN_0060c9f0","0060c9f0","","Global","FUN_00a5c7c0","00a5c7c0","0"
"","Global","FUN_0060ca70","0060ca70","","Global","FUN_00a5c840","00a5c840","0"
"","Global","FUN_0060cbd0","0060cbd0","","Global","FUN_00a5c9a0","00a5c9a0","0"
"","Global","FUN_0060cc30","0060cc30","","Global","FUN_00a5ca00","00a5ca00","0"
"","Global","FUN_0060cc80","0060cc80","","Global","FUN_00a5ca50","00a5ca50","0"
"","Global","FUN_0060cd30","0060cd30","","Global","FUN_00a5cb00","00a5cb00","0"
"","Global","FUN_0060cde0","0060cde0","","Global","FUN_00a5cbb0","00a5cbb0","0"
"","Global","FUN_0060cf10","0060cf10","","Global","FUN_00a5cce0","00a5cce0","0"
"","Global","FUN_0060d030","0060d030","","Global","FUN_00a5ce00","00a5ce00","0"
"","Global","FUN_0060d100","0060d100","","Global","FUN_00a5ced0","00a5ced0","0"
"","Global","FUN_0060d1c0","0060d1c0","","Global","FUN_00a5cf90","00a5cf90","0"
"","Global","FUN_0060d240","0060d240","","Global","FUN_00a5d010","00a5d010","0"
"","Global","FUN_0060d530","0060d530","","Global","FUN_00a5d300","00a5d300","0"
"","Global","FUN_0060d790","0060d790","","Global","FUN_00a5d560","00a5d560","0"
"","Global","FUN_0060d8d0","0060d8d0","","Global","FUN_00a5d6a0","00a5d6a0","0"
"","Global","FUN_0060d930","0060d930","","Global","FUN_00a5d700","00a5d700","0"
"","Global","FUN_0060d970","0060d970","","Global","FUN_00a5d740","00a5d740","0"
"","Global","FUN_0060d9d0","0060d9d0","","Global","FUN_00a5d7a0","00a5d7a0","0"
"","Global","FUN_0060db20","0060db20","","Global","FUN_00a5d8f0","00a5d8f0","0"
"","Global","FUN_0060dc80","0060dc80","","Global","FUN_00a5da50","00a5da50","0"
"","Global","FUN_0060dce0","0060dce0","","Global","FUN_00a5dab0","00a5dab0","0"
"","Global","FUN_0060dd30","0060dd30","","Global","FUN_00a5db00","00a5db00","0"
"","Global","FUN_0060ddf0","0060ddf0","","Global","FUN_00a5dbc0","00a5dbc0","0"
"","Global","FUN_0060de20","0060de20","","Global","FUN_00a5dbf0","00a5dbf0","0"
"","Global","FUN_0060df00","0060df00","","Global","FUN_00a5dcd0","00a5dcd0","0"
"","Global","FUN_0060df50","0060df50","","Global","FUN_00a5dd20","00a5dd20","0"
"","Global","FUN_0060df70","0060df70","","Global","FUN_00a5dd40","00a5dd40","0"
"","Global","FUN_0060dfc0","0060dfc0","","Global","FUN_00a5dd90","00a5dd90","0"
"","Global","FUN_0060dff0","0060dff0","","Global","FUN_00a5ddc0","00a5ddc0","0"
"","Global","FUN_0060e030","0060e030","","Global","FUN_00a5de00","00a5de00","0"
"","Global","FUN_0060e0f0","0060e0f0","","Global","FUN_00a5dec0","00a5dec0","0"
"","Global","FUN_0060e200","0060e200","","Global","FUN_00a5dfd0","00a5dfd0","0"
"","Global","FUN_0060e260","0060e260","","Global","FUN_00a5e030","00a5e030","0"
"","Global","FUN_0060e2a0","0060e2a0","","Global","FUN_00a5e070","00a5e070","0"
"","Global","FUN_0060e2f0","0060e2f0","","Global","FUN_00a5e0c0","00a5e0c0","0"
"","Global","FUN_0060e320","0060e320","","Global","FUN_00a5e0f0","00a5e0f0","0"
"","Global","FUN_0060e3b0","0060e3b0","","Global","FUN_00a5e180","00a5e180","0"
"","Global","FUN_0060e3e0","0060e3e0","","Global","FUN_00a5e1b0","00a5e1b0","0"
"","Global","FUN_0060e460","0060e460","","Global","FUN_00a5e230","00a5e230","0"
"","Global","FUN_0060e500","0060e500","","Global","FUN_00a5e2d0","00a5e2d0","0"
"","Global","FUN_0060e520","0060e520","","Global","FUN_00a5e2f0","00a5e2f0","0"
"","Global","FUN_0060e550","0060e550","","Global","FUN_00a5e320","00a5e320","0"
"","Global","FUN_0060e7d0","0060e7d0","","Global","FUN_00a5e5a0","00a5e5a0","0"
"","Global","FUN_0060e830","0060e830","","Global","FUN_00a5e600","00a5e600","0"
"","Global","FUN_0060e870","0060e870","","Global","FUN_00a5e640","00a5e640","0"
"","Global","FUN_0060e8c0","0060e8c0","","Global","FUN_00a5e690","00a5e690","0"
"","Global","FUN_0060e8f0","0060e8f0","","Global","FUN_00a5e6c0","00a5e6c0","0"
"","Global","FUN_0060e970","0060e970","","Global","FUN_00a5e740","00a5e740","0"
"","Global","FUN_0060eeb0","0060eeb0","","Global","FUN_00a8fcb0","00a8fcb0","0"
"","Global","FUN_0060ef40","0060ef40","","Global","FUN_00a8fd40","00a8fd40","0"
"","Global","FUN_0060efe0","0060efe0","","Global","FUN_00a8fde0","00a8fde0","0"
"","Global","FUN_0060f010","0060f010","","Global","FUN_00a8fe10","00a8fe10","0"
"","Global","FUN_0060f020","0060f020","","Global","FUN_00a8fe20","00a8fe20","0"
"","Global","FUN_0060f0b0","0060f0b0","","Global","FUN_00a8feb0","00a8feb0","0"
"","Phyre::PSerialization::PStream","PStream","0060f210","","Global","FUN_00aa0740","00aa0740","0"
"","Global","FUN_0060f280","0060f280","","Global","FUN_00aa07b0","00aa07b0","0"
"","Global","FUN_0060f2c0","0060f2c0","","Global","FUN_00aa07f0","00aa07f0","0"
"","Global","FUN_0060f300","0060f300","","Global","FUN_00aa0830","00aa0830","0"
"","Global","FUN_0060f600","0060f600","","Global","FUN_00aa0b30","00aa0b30","0"
"","Global","FUN_0060f6d0","0060f6d0","","Global","FUN_00aa0c00","00aa0c00","0"
"","Global","FUN_0060f740","0060f740","","Global","FUN_00aa0c70","00aa0c70","0"
"","Global","FUN_0060fa40","0060fa40","","Global","FUN_00aa0f70","00aa0f70","0"
"","Global","FUN_0060fa60","0060fa60","","Global","FUN_00aa0f90","00aa0f90","0"
"","Global","FUN_0060faa0","0060faa0","","Global","FUN_00aa0fd0","00aa0fd0","0"
"","Global","FUN_0060fb70","0060fb70","","Global","FUN_00aa10a0","00aa10a0","0"
"","Global","FUN_0060fba0","0060fba0","","Global","FUN_00aa10d0","00aa10d0","0"
"","Global","FUN_0060fca0","0060fca0","","Global","FUN_00aa11d0","00aa11d0","0"
"","Global","FUN_0060fcc0","0060fcc0","","Global","FUN_00aa11f0","00aa11f0","0"
"","Global","FUN_0060fe60","0060fe60","","Global","FUN_00aa1390","00aa1390","0"
"","Global","FUN_0060ff10","0060ff10","","Global","FUN_00aa1440","00aa1440","0"
"","Global","FUN_006100c0","006100c0","","Global","FUN_00aa5390","00aa5390","0"
"","Global","FUN_00610170","00610170","","Global","FUN_00aa5440","00aa5440","0"
"","Global","Catch_All@006101e8","006101e8","","Global","Catch_All@00aa54b8","00aa54b8","0"
"","Global","FUN_00610350","00610350","","Global","FUN_00aa5620","00aa5620","0"
"","Global","FUN_006103d0","006103d0","","Global","FUN_00aa56a0","00aa56a0","0"
"","Global","FUN_00610540","00610540","","Global","FUN_00aa5810","00aa5810","0"
"","Global","FUN_006105f0","006105f0","","Global","FUN_00aa58c0","00aa58c0","0"
"","Global","FUN_006107f0","006107f0","","Global","FUN_00aa5ac0","00aa5ac0","0"
"","Global","FUN_00610cc0","00610cc0","","Global","FUN_00aa5f90","00aa5f90","0"
"","Global","FUN_00610f10","00610f10","","Global","FUN_00aa61e0","00aa61e0","0"
"","Global","FUN_00610f80","00610f80","","Global","FUN_00aa6250","00aa6250","0"
"","Global","FUN_00611010","00611010","","Global","FUN_00aa62e0","00aa62e0","0"
"","Global","FUN_00611050","00611050","","Global","FUN_00aa6320","00aa6320","0"
"","Global","FUN_00611370","00611370","","Global","FUN_00aa6640","00aa6640","0"
"","Global","FUN_006113b0","006113b0","","Global","FUN_00aa6680","00aa6680","0"
"","Global","FUN_006113f0","006113f0","","Global","FUN_00aa66c0","00aa66c0","0"
"","Global","FUN_00611420","00611420","","Global","FUN_00aa66f0","00aa66f0","0"
"","Global","FUN_00611450","00611450","","Global","FUN_00aa6720","00aa6720","0"
"","Global","FUN_00611d80","00611d80","","Global","FUN_00aa7050","00aa7050","0"
"","Global","FUN_00611e10","00611e10","","Global","FUN_00aa70e0","00aa70e0","0"
"","Global","FUN_00611f90","00611f90","","Global","FUN_00aa7260","00aa7260","0"
"","Global","FUN_00612090","00612090","","Global","FUN_00aa7360","00aa7360","0"
"","Global","FUN_00612130","00612130","","Global","FUN_00aa7400","00aa7400","0"
"","Global","FUN_00612370","00612370","","Global","FUN_00aa7640","00aa7640","0"
"","Global","FUN_00612450","00612450","","Global","FUN_00aa7720","00aa7720","0"
"","Global","FUN_00612680","00612680","","Global","FUN_00aa7950","00aa7950","0"
"","Global","FUN_00612810","00612810","","Global","FUN_00aa7ae0","00aa7ae0","0"
"","Global","FUN_00612a10","00612a10","","Global","FUN_00aa7ce0","00aa7ce0","0"
"","Global","FUN_00612b80","00612b80","","Global","FUN_00aa7e50","00aa7e50","0"
"","Global","FUN_00612f20","00612f20","","Global","FUN_00aa81f0","00aa81f0","0"
"","Global","FUN_00612fa0","00612fa0","","Global","FUN_00aa8270","00aa8270","0"
"","Global","FUN_006130d0","006130d0","","Global","FUN_00aa83a0","00aa83a0","0"
"","Global","FUN_00613100","00613100","","Global","FUN_00aa83d0","00aa83d0","0"
"","Global","FUN_00613260","00613260","","Global","FUN_00aa8530","00aa8530","0"
"","Global","FUN_00613320","00613320","","Global","FUN_00aa85f0","00aa85f0","0"
"","Global","FUN_00613410","00613410","","Global","FUN_00aa86e0","00aa86e0","0"
"","Global","FUN_00613450","00613450","","Global","FUN_00aa8720","00aa8720","0"
"","Global","FUN_00613550","00613550","","Global","FUN_00aa8820","00aa8820","0"
"","Global","FUN_00613640","00613640","","Global","FUN_00aa8910","00aa8910","0"
"","Global","FUN_00613760","00613760","","Global","FUN_00aa8a30","00aa8a30","0"
"","Global","FUN_006138c0","006138c0","","Global","FUN_00aa8b90","00aa8b90","0"
"","Global","FUN_006139c0","006139c0","","Global","FUN_00aa8c90","00aa8c90","0"
"","Global","FUN_00613b20","00613b20","","Global","FUN_00aa8df0","00aa8df0","0"
"","Global","FUN_00613c70","00613c70","","Global","FUN_00aa8f40","00aa8f40","0"
"","Global","FUN_00613cb0","00613cb0","","Global","FUN_00aa8f80","00aa8f80","0"
"","Global","FUN_00613d30","00613d30","","Global","FUN_00aa9000","00aa9000","0"
"","Global","FUN_00613dc0","00613dc0","","Global","FUN_00aa9090","00aa9090","0"
"","Global","FUN_00613e40","00613e40","","Global","FUN_00aa9110","00aa9110","0"
"","Global","FUN_00613f50","00613f50","","Global","FUN_0096e060","0096e060","0"
"","Global","FUN_00614000","00614000","","Global","FUN_0096e110","0096e110","0"
"","Global","FUN_00614020","00614020","","Global","FUN_0096e130","0096e130","0"
"","Global","FUN_00614040","00614040","","Global","FUN_0096e150","0096e150","0"
"","Global","FUN_00614070","00614070","","Global","FUN_0096e180","0096e180","0"
"","Phyre::PRendering::PRenderRingBuffer","stepForAllocation","006140c0","","Global","FUN_0096e1d0","0096e1d0","0"
"","Global","FUN_00614180","00614180","","Global","FUN_0096e290","0096e290","0"
"","Global","FUN_006141d0","006141d0","","Global","FUN_0096e310","0096e310","0"
"","Global","FUN_006142d0","006142d0","","Global","FUN_0096e410","0096e410","0"
"","Global","FUN_00614340","00614340","","Global","FUN_0096e480","0096e480","0"
"","Global","FUN_006143e0","006143e0","","Global","FUN_0096e530","0096e530","0"
"","Global","FUN_00614560","00614560","","Global","FUN_0096e710","0096e710","0"
"","Global","FUN_00614640","00614640","","Global","FUN_0096e800","0096e800","0"
"","Global","FUN_006146b0","006146b0","","Global","FUN_0096e870","0096e870","0"
"","Global","FUN_006147d0","006147d0","","Global","FUN_0096e990","0096e990","0"
"","Global","FUN_006148c0","006148c0","","Global","FUN_0096ea80","0096ea80","0"
"","Global","FUN_006148e0","006148e0","","Global","FUN_0096eaa0","0096eaa0","0"
"","Global","FUN_00614930","00614930","","Global","FUN_0096eaf0","0096eaf0","0"
"","Global","FUN_00614970","00614970","","Global","FUN_0096eb30","0096eb30","0"
"","Global","FUN_006149c0","006149c0","","Global","FUN_0096eb80","0096eb80","0"
"","Global","FUN_00614a90","00614a90","","Global","FUN_0096ec50","0096ec50","0"
"","Global","FUN_00614cc0","00614cc0","","Global","FUN_0096ee80","0096ee80","0"
"","Global","FUN_00614d30","00614d30","","Global","FUN_0096eef0","0096eef0","0"
"","Global","FUN_00614dc0","00614dc0","","Global","FUN_0096ef80","0096ef80","0"
"","Global","FUN_00614e20","00614e20","","Global","FUN_0096efe0","0096efe0","0"
"","Global","FUN_00615300","00615300","","Global","FUN_0096f4c0","0096f4c0","0"
"","Global","FUN_006153b0","006153b0","","Global","FUN_0096f570","0096f570","0"
"","Global","FUN_006153d0","006153d0","","Global","FUN_0096f590","0096f590","0"
"","Global","FUN_00615460","00615460","","Global","FUN_0096f620","0096f620","0"
"","Global","FUN_006154b0","006154b0","","Global","FUN_0096f670","0096f670","0"
"","Global","FUN_006156c0","006156c0","","Global","FUN_0096f880","0096f880","0"
"","Global","FUN_00615710","00615710","","Global","FUN_0096f8d0","0096f8d0","0"
"","Global","FUN_00615c80","00615c80","","Global","FUN_0096fe40","0096fe40","0"
"","Global","FUN_00615ce0","00615ce0","","Global","FUN_0096fea0","0096fea0","0"
"","Global","FUN_00615e10","00615e10","","Global","FUN_0096ffd0","0096ffd0","0"
"","Global","FUN_00615ec0","00615ec0","","Global","FUN_00970080","00970080","0"
"","Global","FUN_00615fa0","00615fa0","","Global","FUN_00970160","00970160","0"
"","Phyre::PRendering::PRenderThread","sync","00616060","","Global","FUN_00970240","00970240","0"
"","Global","FUN_00616100","00616100","","Global","FUN_009702e0","009702e0","0"
"","Global","FUN_006161d0","006161d0","","Global","FUN_009703b0","009703b0","0"
"","Global","FUN_00616310","00616310","","Global","FUN_00aa9200","00aa9200","0"
"","Global","FUN_00616360","00616360","","Global","FUN_00aa9250","00aa9250","0"
"","Global","FUN_006163a0","006163a0","","Global","FUN_00aa9290","00aa9290","0"
"","Global","FUN_006164d0","006164d0","","Global","FUN_00aa93c0","00aa93c0","0"
"","Global","FUN_006164f0","006164f0","","Global","FUN_00aa93e0","00aa93e0","0"
"","Global","FUN_00616870","00616870","","Global","FUN_00aa9760","00aa9760","0"
"","Global","FUN_006168b0","006168b0","","Global","FUN_00aa97a0","00aa97a0","0"
"","Global","FUN_00616900","00616900","","Global","FUN_00aa97f0","00aa97f0","0"
"","Global","FUN_00616960","00616960","","Global","FUN_00aa9850","00aa9850","0"
"","Global","FUN_00616a30","00616a30","","Global","FUN_00aa9920","00aa9920","0"
"","Global","FUN_00616a60","00616a60","","Global","FUN_00aa9950","00aa9950","0"
"","Global","FUN_00616af0","00616af0","","Global","FUN_00aa99e0","00aa99e0","0"
"","Global","FUN_00616ba0","00616ba0","","Global","FUN_00aa9a90","00aa9a90","0"
"","Global","FUN_00616be0","00616be0","","Global","FUN_00aa9ad0","00aa9ad0","0"
"","Global","FUN_00616c00","00616c00","","Global","FUN_00aa9af0","00aa9af0","0"
"","Global","FUN_00616c30","00616c30","","Global","FUN_00aa9b20","00aa9b20","0"
"","Global","FUN_00616c70","00616c70","","Global","FUN_00aa9b60","00aa9b60","0"
"","Global","FUN_00616e70","00616e70","","Global","FUN_00aa9d60","00aa9d60","0"
"","Global","FUN_00616ed0","00616ed0","","Global","FUN_00aa9dc0","00aa9dc0","0"
"","Global","FUN_00616f10","00616f10","","Global","FUN_00aa9e00","00aa9e00","0"
"","Global","FUN_00616f20","00616f20","","Global","FUN_00aa9e10","00aa9e10","0"
"","Global","FUN_00616f80","00616f80","","Global","FUN_00aa9e70","00aa9e70","0"
"","Global","FUN_006170a0","006170a0","","Global","FUN_009562b0","009562b0","0"
"","Global","FUN_00617190","00617190","","Global","FUN_009563a0","009563a0","0"
"","Global","FUN_00617330","00617330","","Global","FUN_00956540","00956540","0"
"","Global","FUN_006173d0","006173d0","","Global","FUN_009565e0","009565e0","0"
"","Global","FUN_00617420","00617420","","Global","FUN_00956630","00956630","0"
"","Global","FUN_006174e0","006174e0","","Global","FUN_009566f0","009566f0","0"
"","Global","FUN_00617510","00617510","","Global","FUN_00956720","00956720","0"
"","Global","FUN_00617670","00617670","","Global","FUN_009568a0","009568a0","0"
"","Global","FUN_00618000","00618000","","Global","FUN_00aaa850","00aaa850","0"
"","Global","FUN_006180f0","006180f0","","Global","FUN_00aaa940","00aaa940","0"
"","Global","FUN_006182f0","006182f0","","Global","FUN_00aaab40","00aaab40","0"
"","Global","FUN_00618310","00618310","","Global","FUN_00aaab60","00aaab60","0"
"","Global","FUN_006184f0","006184f0","","Global","FUN_00aaad40","00aaad40","0"
"","Global","FUN_00618650","00618650","","Global","FUN_00aaaea0","00aaaea0","0"
"","Global","FUN_00618760","00618760","","Global","FUN_00aaafb0","00aaafb0","0"
"","Global","FUN_006187b0","006187b0","","Global","FUN_00aab000","00aab000","0"
"","Global","FUN_006187c0","006187c0","","Global","FUN_00aab010","00aab010","0"
"","Global","FUN_006187f0","006187f0","","Global","FUN_00aab040","00aab040","0"
"","Global","FUN_00618830","00618830","","Global","FUN_00aab080","00aab080","0"
"","Global","FUN_00618870","00618870","","Global","FUN_00aab0c0","00aab0c0","0"
"","Global","FUN_006188b0","006188b0","","Global","FUN_00aab100","00aab100","0"
"","Global","FUN_00618970","00618970","","Global","FUN_00aab1c0","00aab1c0","0"
"","Global","FUN_006189c0","006189c0","","Global","FUN_00aab210","00aab210","0"
"","Global","FUN_00618a10","00618a10","","Global","FUN_00aab260","00aab260","0"
"","Global","FUN_00618b50","00618b50","","Global","FUN_00aab3a0","00aab3a0","0"
"","Global","FUN_00618de0","00618de0","","Global","FUN_00aab630","00aab630","0"
"","Global","FUN_00618e30","00618e30","","Global","FUN_00aab680","00aab680","0"
"","Global","FUN_00618e80","00618e80","","Global","FUN_00aab6d0","00aab6d0","0"
"","Global","FUN_00618f60","00618f60","","Global","FUN_00aab7b0","00aab7b0","0"
"","Global","FUN_006190e0","006190e0","","Global","FUN_00aab930","00aab930","0"
"","Global","FUN_006190f0","006190f0","","Global","FUN_00aab940","00aab940","0"
"","Global","FUN_00619430","00619430","","Global","FUN_00aabc60","00aabc60","0"
"","Global","FUN_006195c0","006195c0","","Global","FUN_00aabdf0","00aabdf0","0"
"","Global","FUN_006198a0","006198a0","","Global","FUN_00aac0d0","00aac0d0","0"
"","Global","FUN_00619aa0","00619aa0","","Global","FUN_00aac2d0","00aac2d0","0"
"","Global","FUN_00619b40","00619b40","","Global","FUN_00aac370","00aac370","0"
"","Global","FUN_0061a050","0061a050","","Global","FUN_00aac880","00aac880","0"
"","Global","FUN_0061a3b0","0061a3b0","","Global","FUN_00aacbe0","00aacbe0","0"
"","Global","FUN_0061a460","0061a460","","Global","FUN_00aacc90","00aacc90","0"
"","Global","FUN_0061a850","0061a850","","Global","FUN_00a57f60","00a57f60","0"
"","Global","FUN_0061a930","0061a930","","Global","FUN_00a58040","00a58040","0"
"","Global","FUN_0061aa20","0061aa20","","Global","FUN_00a29e40","00a29e40","0"
"","Global","FUN_0061ab20","0061ab20","","Global","FUN_00a29f40","00a29f40","0"
"","Global","FUN_0061ab70","0061ab70","","Global","FUN_00a29f90","00a29f90","0"
"","Global","FUN_0061ab90","0061ab90","","Global","FUN_00a29fb0","00a29fb0","0"
"","Global","FUN_0061abd0","0061abd0","","Global","FUN_00a29ff0","00a29ff0","0"
"","Global","FUN_0061ac10","0061ac10","","Global","FUN_00a2a030","00a2a030","0"
"","Global","FUN_0061ac20","0061ac20","","Global","FUN_00a2a040","00a2a040","0"
"","Global","FUN_0061ac50","0061ac50","","Global","FUN_00a2a070","00a2a070","0"
"","Global","FUN_0061adf0","0061adf0","","Global","FUN_00a2a210","00a2a210","0"
"","Global","FUN_0061ae70","0061ae70","","Global","FUN_00a2a290","00a2a290","0"
"","Global","FUN_0061ae80","0061ae80","","Global","FUN_00a2a2a0","00a2a2a0","0"
"","Global","FUN_0061aeb0","0061aeb0","","Global","FUN_00a2a2d0","00a2a2d0","0"
"","Global","FUN_0061af30","0061af30","","Global","FUN_00941aa0","00941aa0","0"
"","Global","FUN_0061af90","0061af90","","Global","FUN_00941b00","00941b00","0"
"","Global","FUN_0061b100","0061b100","","Global","FUN_00941c70","00941c70","0"
"","Global","FUN_0061b160","0061b160","","Global","FUN_00941cd0","00941cd0","0"
"","Global","FUN_0061b1f0","0061b1f0","","Global","FUN_00941d60","00941d60","0"
"","Global","FUN_0061b320","0061b320","","Global","FUN_00941e90","00941e90","0"
"","Global","FUN_0061b390","0061b390","","Global","FUN_00941f00","00941f00","0"
"","Global","FUN_0061b430","0061b430","","Global","FUN_00941fa0","00941fa0","0"
"2","ATL","AtlGetStringResourceImage","0061b4a0","2","ATL","AtlGetStringResourceImage","00434350","0"
"","Global","FUN_0061b4d0","0061b4d0","","Global","FUN_00942010","00942010","0"
"","Global","FUN_0061b4f0","0061b4f0","","Global","FUN_00942030","00942030","0"
"","Global","FUN_0061b540","0061b540","","Global","FUN_00942080","00942080","0"
"","Global","FUN_0061b580","0061b580","","Global","FUN_00435780","00435780","0"
"","Global","FUN_0061b5f0","0061b5f0","","Global","FUN_009420c0","009420c0","0"
"","Global","FUN_0061b660","0061b660","","Global","FUN_00942130","00942130","0"
"","Global","FUN_0061b6c0","0061b6c0","","Global","FUN_00942190","00942190","0"
"","Global","FUN_0061b6f0","0061b6f0","","Global","FUN_009421c0","009421c0","0"
"","Global","FUN_0061b750","0061b750","","Global","FUN_00942220","00942220","0"
"","Global","FUN_0061b7e0","0061b7e0","","Global","FUN_009422b0","009422b0","0"
"","Global","FUN_0061b850","0061b850","","Global","FUN_00942320","00942320","0"
"","Global","FUN_0061b900","0061b900","","Global","FUN_009423d0","009423d0","0"
"","Global","FUN_0061b9a0","0061b9a0","","Global","FUN_00942470","00942470","0"
"","Global","FUN_0061ba90","0061ba90","","Global","FUN_00942560","00942560","0"
"","Global","FUN_0061bbd0","0061bbd0","","Global","FUN_009426a0","009426a0","0"
"","Global","FUN_0061bc20","0061bc20","","Global","FUN_009426f0","009426f0","0"
"","Global","FUN_0061bc40","0061bc40","","Global","FUN_00942710","00942710","0"
"","Global","FUN_0061bf80","0061bf80","","Global","FUN_00942a50","00942a50","0"
"","Global","FUN_0061bf90","0061bf90","","Global","FUN_00942a60","00942a60","0"
"","Global","FUN_0061c000","0061c000","","Global","FUN_00942ad0","00942ad0","0"
"","Global","FUN_0061c0d0","0061c0d0","","Global","FUN_00942ba0","00942ba0","0"
"","Global","FUN_0061c1a0","0061c1a0","","Global","FUN_00942c70","00942c70","0"
"","Global","FUN_0061c260","0061c260","","Global","FUN_00942d30","00942d30","0"
"","Global","FUN_0061c310","0061c310","","Global","FUN_00942de0","00942de0","0"
"","Global","FUN_0061c3e0","0061c3e0","","Global","FUN_00942eb0","00942eb0","0"
"","Global","FUN_0061c430","0061c430","","Global","FUN_00942f00","00942f00","0"
"","Global","FUN_0061c480","0061c480","","Global","FUN_00942f50","00942f50","0"
"","Global","FUN_0061c560","0061c560","","Global","FUN_00943030","00943030","0"
"","Global","FUN_0061c5c0","0061c5c0","","Global","FUN_00a8ff80","00a8ff80","0"
"","Global","FUN_0061c7d0","0061c7d0","","Global","FUN_00a90190","00a90190","0"
"","Global","FUN_0061ca30","0061ca30","","Global","FUN_00a903f0","00a903f0","0"
"","Global","FUN_0061ca50","0061ca50","","Global","FUN_00a90410","00a90410","0"
"","Global","FUN_0061cb70","0061cb70","","Global","FUN_00aad120","00aad120","0"
"","Global","FUN_0061cbe0","0061cbe0","","Global","FUN_00aad190","00aad190","0"
"","Global","FUN_0061cc70","0061cc70","","Global","FUN_00aad220","00aad220","0"
"","Global","FUN_0061ce20","0061ce20","","Global","FUN_00aad3d0","00aad3d0","0"
"","Global","FUN_0061ce40","0061ce40","","Global","FUN_00aad3f0","00aad3f0","0"
"","Global","FUN_0061cea0","0061cea0","","Global","FUN_00aad450","00aad450","0"
"","Global","FUN_0061ced0","0061ced0","","Global","FUN_00aad480","00aad480","0"
"","Global","FUN_0061cf00","0061cf00","","Global","FUN_00aad4b0","00aad4b0","0"
"","Global","FUN_0061cf90","0061cf90","","Global","FUN_00aad540","00aad540","0"
"","Global","FUN_0061d000","0061d000","","Global","FUN_00aad5b0","00aad5b0","0"
"","Global","FUN_0061d020","0061d020","","Global","FUN_00aad5d0","00aad5d0","0"
"","Global","FUN_0061d0e0","0061d0e0","","Global","FUN_00aad690","00aad690","0"
"","Global","FUN_0061d1f0","0061d1f0","","Global","FUN_00aad7a0","00aad7a0","0"
"","Global","FUN_0061d270","0061d270","","Global","FUN_00aad820","00aad820","0"
"","Global","FUN_0061d300","0061d300","","Global","FUN_00a570f0","00a570f0","0"
"","Global","FUN_0061d3d0","0061d3d0","","Global","FUN_00a571c0","00a571c0","0"
"","Global","FUN_0061d5b0","0061d5b0","","Global","FUN_00a573a0","00a573a0","0"
"","Global","FUN_0061d5f0","0061d5f0","","Global","FUN_00a573e0","00a573e0","0"
"","Global","FUN_0061d620","0061d620","","Global","FUN_00a57410","00a57410","0"
"","Global","FUN_0061d830","0061d830","","Global","FUN_00a57620","00a57620","0"
"","Global","FUN_0061d8a0","0061d8a0","","Global","FUN_00a57690","00a57690","0"
"","Global","FUN_0061d8f0","0061d8f0","","Global","FUN_00a576e0","00a576e0","0"
"","Global","FUN_0061dad0","0061dad0","","Global","FUN_00a578c0","00a578c0","0"
"","Global","FUN_0061db80","0061db80","","Global","FUN_00a57970","00a57970","0"
"","Global","FUN_0061dc80","0061dc80","","Global","FUN_00a57a70","00a57a70","0"
"","Global","FUN_0061dff0","0061dff0","","Global","FUN_00a57de0","00a57de0","0"
"","Global","FUN_0061e080","0061e080","","Global","FUN_00a57e70","00a57e70","0"
"","Global","FUN_0061e0d0","0061e0d0","","Global","FUN_00a57ec0","00a57ec0","0"
"","Global","FUN_0061e130","0061e130","","Global","FUN_00a57f20","00a57f20","0"
"","Global","FUN_0061f9d0","0061f9d0","","Global","FUN_00aaf2b0","00aaf2b0","0"
"","Global","FUN_0061fc80","0061fc80","","Global","FUN_00aaf560","00aaf560","0"
"","Global","FUN_0061fd20","0061fd20","","Global","FUN_00aaf600","00aaf600","0"
"","Global","FUN_0061fd60","0061fd60","","Global","FUN_00aaf640","00aaf640","0"
"","Global","FUN_0061fde0","0061fde0","","Global","FUN_00aaf6c0","00aaf6c0","0"
"","Global","FUN_0061feb0","0061feb0","","Global","FUN_00aaf790","00aaf790","0"
"","Global","FUN_0061ff10","0061ff10","","Global","FUN_00aaf7f0","00aaf7f0","0"
"","Global","FUN_0061ff90","0061ff90","","Global","FUN_00aaf870","00aaf870","0"
"","Global","FUN_00620170","00620170","","Global","FUN_00aafa50","00aafa50","0"
"","Global","FUN_006201b0","006201b0","","Global","FUN_00aafa90","00aafa90","0"
"","Global","FUN_00620290","00620290","","Global","FUN_00aafb70","00aafb70","0"
"","Global","FUN_00620360","00620360","","Global","FUN_00aafc40","00aafc40","0"
"","Global","FUN_006204e0","006204e0","","Global","FUN_00aafdc0","00aafdc0","0"
"","Global","FUN_00620510","00620510","","Global","FUN_00aafdf0","00aafdf0","0"
"","Global","FUN_00620570","00620570","","Global","FUN_00aafe50","00aafe50","0"
"","Global","FUN_00620750","00620750","","Global","FUN_00ab0030","00ab0030","0"
"","Global","FUN_00620940","00620940","","Global","FUN_00ab0220","00ab0220","0"
"","Global","FUN_00620b50","00620b50","","Global","FUN_00ab0430","00ab0430","0"
"","Global","FUN_00620d80","00620d80","","Global","FUN_00ab0660","00ab0660","0"
"","Global","FUN_00620f40","00620f40","","Global","FUN_00ab0820","00ab0820","0"
"","Global","FUN_006210a0","006210a0","","Global","FUN_00ab0980","00ab0980","0"
"","Global","FUN_00621120","00621120","","Global","FUN_00ab0a00","00ab0a00","0"
"","Global","FUN_00621210","00621210","","Global","FUN_00ab0af0","00ab0af0","0"
"","Global","FUN_006212f0","006212f0","","Global","FUN_00ab0bd0","00ab0bd0","0"
"","Global","FUN_00621370","00621370","","Global","FUN_00ab0c50","00ab0c50","0"
"","Global","FUN_006213f0","006213f0","","Global","FUN_00ab0cd0","00ab0cd0","0"
"","Global","FUN_006214a0","006214a0","","Global","FUN_00ab0d80","00ab0d80","0"
"","Global","FUN_00621620","00621620","","Global","FUN_00ab0f00","00ab0f00","0"
"","Global","FUN_006217a0","006217a0","","Global","FUN_00ab1080","00ab1080","0"
"","Global","FUN_006217c0","006217c0","","Global","FUN_00ab10a0","00ab10a0","0"
"","Global","FUN_00621dc0","00621dc0","","Global","FUN_00ab16a0","00ab16a0","0"
"","Global","FUN_00621e70","00621e70","","Global","FUN_00ab1750","00ab1750","0"
"","Global","FUN_00621f90","00621f90","","Global","FUN_00ab1870","00ab1870","0"
"","Global","FUN_006220b0","006220b0","","Global","FUN_00ab1990","00ab1990","0"
"","Global","FUN_00622150","00622150","","Global","FUN_00ab1a30","00ab1a30","0"
"","Global","FUN_006221f0","006221f0","","Global","FUN_00ab1ad0","00ab1ad0","0"
"","Phyre::PFramework::PApplication","Bind","00622210","","Global","FUN_00ab1b00","00ab1b00","0"
"","Phyre::PFramework::PApplicationViewport","Bind","00622970","","Global","FUN_00ab2260","00ab2260","0"
"","Phyre::PFramework::PInputMapper","Bind","00622d20","","Global","FUN_00ab2610","00ab2610","0"
"","Global","FUN_00623220","00623220","","Global","FUN_00ab2b10","00ab2b10","0"
"","Global","FUN_006233b0","006233b0","","Global","FUN_00ab2ca0","00ab2ca0","0"
"","Global","FUN_006233e0","006233e0","","Global","FUN_00ab2cd0","00ab2cd0","0"
"","Global","FUN_006234d0","006234d0","","Global","FUN_00ab2db0","00ab2db0","0"
"","Global","FUN_006234f0","006234f0","","Global","FUN_00ab2dd0","00ab2dd0","0"
"","Global","FUN_00623560","00623560","","Global","FUN_00ab2e40","00ab2e40","0"
"","Global","FUN_006235e0","006235e0","","Global","FUN_00ab2ec0","00ab2ec0","0"
"","Global","FUN_00623630","00623630","","Global","FUN_00ab2f10","00ab2f10","0"
"","Global","FUN_006236d0","006236d0","","Global","FUN_00ab2fb0","00ab2fb0","0"
"","Phyre::PFramework::PApplication","FixupClusters","00623740","","Global","FUN_00ab3020","00ab3020","0"
"","Global","FUN_00623790","00623790","","Global","FUN_00ab3070","00ab3070","0"
"","Global","FUN_00623820","00623820","","Global","FUN_00ab3100","00ab3100","0"
"","Global","FUN_00623d60","00623d60","","Global","FUN_00ab3640","00ab3640","0"
"","Global","FUN_00623e50","00623e50","","Global","FUN_00ab3730","00ab3730","0"
"","Global","FUN_00623f10","00623f10","","Global","FUN_00ab37f0","00ab37f0","0"
"","Global","FUN_00623f60","00623f60","","Global","FUN_00ab3840","00ab3840","0"
"","Global","FUN_00624160","00624160","","Global","FUN_00ab3a10","00ab3a10","0"
"","Global","FUN_006241e0","006241e0","","Global","FUN_00ab3a90","00ab3a90","0"
"","Global","FUN_006242a0","006242a0","","Global","FUN_00ab3b50","00ab3b50","0"
"","Global","FUN_00624510","00624510","","Global","FUN_00ab3dc0","00ab3dc0","0"
"","Global","FUN_006245d0","006245d0","","Global","FUN_00ab3e80","00ab3e80","0"
"","Global","FUN_00624660","00624660","","Global","FUN_00ab3f10","00ab3f10","0"
"","Global","FUN_006246b0","006246b0","","Global","FUN_00ab3f60","00ab3f60","0"
"","Global","FUN_00624a50","00624a50","","Global","FUN_00ab4300","00ab4300","0"
"","Global","FUN_00624ad0","00624ad0","","Global","FUN_00ab4380","00ab4380","0"
"","Global","FUN_00624ef0","00624ef0","","Global","FUN_00ab47a0","00ab47a0","0"
"","Global","FUN_00624f00","00624f00","","Global","FUN_00ab47b0","00ab47b0","0"
"","Global","FUN_00624f30","00624f30","","Global","FUN_00ab47e0","00ab47e0","0"
"","Global","FUN_00624f60","00624f60","","Global","FUN_00ab4810","00ab4810","0"
"","Global","FUN_00625250","00625250","","Global","FUN_00ab4b00","00ab4b00","0"
"","Global","FUN_006252a0","006252a0","","Global","FUN_00ab4b50","00ab4b50","0"
"","Global","FUN_006252f0","006252f0","","Global","FUN_00ab4ba0","00ab4ba0","0"
"","Global","FUN_00625790","00625790","","Global","FUN_00ab5040","00ab5040","0"
"","Global","FUN_00625840","00625840","","Global","FUN_00ab50f0","00ab50f0","0"
"","Global","FUN_006258e0","006258e0","","Global","FUN_00ab5190","00ab5190","0"
"","Global","FUN_00625930","00625930","","Global","FUN_00ab51e0","00ab51e0","0"
"","Global","FUN_006259e0","006259e0","","Global","FUN_00ab5290","00ab5290","0"
"","Global","FUN_00625e30","00625e30","","Global","FUN_00ab56e0","00ab56e0","0"
"","Global","FUN_00625e60","00625e60","","Global","FUN_00ab5710","00ab5710","0"
"","Global","FUN_00625ed0","00625ed0","","Global","FUN_00ab5780","00ab5780","0"
"","Global","FUN_00625f90","00625f90","","Global","FUN_00ab5840","00ab5840","0"
"","Global","FUN_006260a0","006260a0","","Global","FUN_00ab5950","00ab5950","0"
"","Global","FUN_006260c0","006260c0","","Global","FUN_00ab5970","00ab5970","0"
"","Global","FUN_00626220","00626220","","Global","FUN_00ab5ad0","00ab5ad0","0"
"","Global","FUN_00626590","00626590","","Global","FUN_00ab5e40","00ab5e40","0"
"","Global","FUN_00626660","00626660","","Global","FUN_00ab5f10","00ab5f10","0"
"","Global","FUN_006266a0","006266a0","","Global","FUN_00ab5f50","00ab5f50","0"
"","Global","FUN_006267e0","006267e0","","Global","FUN_00ab6090","00ab6090","0"
"","Global","FUN_00626850","00626850","","Global","FUN_00ab6100","00ab6100","0"
"","Global","FUN_00626a90","00626a90","","Global","FUN_00ab6340","00ab6340","0"
"","Global","FUN_00626b10","00626b10","","Global","FUN_00ab63c0","00ab63c0","0"
"","Global","FUN_00626b60","00626b60","","Global","FUN_00ab6410","00ab6410","0"
"","Global","FUN_00626bb0","00626bb0","","Global","FUN_00ab6460","00ab6460","0"
"","Global","FUN_00626c00","00626c00","","Global","FUN_00ab64b0","00ab64b0","0"
"","Global","FUN_00626c50","00626c50","","Global","FUN_00ab6500","00ab6500","0"
"","Global","FUN_00626df0","00626df0","","Global","FUN_00ab66a0","00ab66a0","0"
"","Global","FUN_00626e60","00626e60","","Global","FUN_00ab6710","00ab6710","0"
"","Global","FUN_00627250","00627250","","Global","FUN_00ab6b00","00ab6b00","0"
"","Global","FUN_00627280","00627280","","Global","FUN_00ab6b30","00ab6b30","0"
"","Global","FUN_00627630","00627630","","Global","FUN_00ab6ee0","00ab6ee0","0"
"","Global","FUN_006277b0","006277b0","","Global","FUN_00ab7050","00ab7050","0"
"","Global","FUN_00627800","00627800","","Global","FUN_00ab70a0","00ab70a0","0"
"","Global","FUN_00627870","00627870","","Global","FUN_00ab7110","00ab7110","0"
"","Global","FUN_00627890","00627890","","Global","FUN_00ab7130","00ab7130","0"
"","Global","FUN_00627960","00627960","","Global","FUN_00ab7200","00ab7200","0"
"","Global","FUN_00627980","00627980","","Global","FUN_00ab7220","00ab7220","0"
"","Global","FUN_006279c0","006279c0","","Global","FUN_00ab7260","00ab7260","0"
"","Global","FUN_00627a00","00627a00","","Global","FUN_00ab72a0","00ab72a0","0"
"","Global","FUN_00627a60","00627a60","","Global","FUN_00ab7300","00ab7300","0"
"","Global","FUN_00627af0","00627af0","","Global","FUN_00ab7390","00ab7390","0"
"","Global","FUN_00627fc0","00627fc0","","Global","FUN_00ab7860","00ab7860","0"
"","Global","FUN_00628320","00628320","","Global","FUN_00ab7bc0","00ab7bc0","0"
"","Global","FUN_00628470","00628470","","Global","FUN_00ab7cf0","00ab7cf0","0"
"","Global","FUN_006284d0","006284d0","","Global","FUN_00ab7d40","00ab7d40","0"
"","Global","FUN_00628610","00628610","","Global","FUN_00ab7e80","00ab7e80","0"
"","Global","FUN_00628620","00628620","","Global","FUN_00ab7e90","00ab7e90","0"
"","Global","FUN_00628760","00628760","","Global","FUN_00ab7fd0","00ab7fd0","0"
"","Global","FUN_006289f0","006289f0","","Global","FUN_00ab8260","00ab8260","0"
"","Global","FUN_00628b50","00628b50","","Global","FUN_00ab83c0","00ab83c0","0"
"","Global","FUN_00628bf0","00628bf0","","Global","FUN_00ab8460","00ab8460","0"
"","Global","FUN_00628c80","00628c80","","Global","FUN_00ab84f0","00ab84f0","0"
"","Global","FUN_00628e80","00628e80","","Global","FUN_00ab86f0","00ab86f0","0"
"","Global","FUN_00628fa0","00628fa0","","Global","FUN_00ab8810","00ab8810","0"
"","Global","FUN_00628ff0","00628ff0","","Global","FUN_00ab8860","00ab8860","0"
"","Global","FUN_006290b0","006290b0","","Global","FUN_00ab8920","00ab8920","0"
"","Global","FUN_006297d0","006297d0","","Global","FUN_00ab9040","00ab9040","0"
"","Global","FUN_00629a20","00629a20","","Global","FUN_00ab9280","00ab9280","0"
"","Global","FUN_00629b60","00629b60","","Global","FUN_00ab93c0","00ab93c0","0"
"","Global","FUN_00629b90","00629b90","","Global","FUN_00ab93f0","00ab93f0","0"
"","Global","FUN_00629bf0","00629bf0","","Global","FUN_00ab9450","00ab9450","0"
"","Global","FUN_00629c60","00629c60","","Global","FUN_00ab94c0","00ab94c0","0"
"","Global","FUN_00629e50","00629e50","","Global","FUN_00ab96b0","00ab96b0","0"
"","Global","FUN_00629e90","00629e90","","Global","FUN_00ab96f0","00ab96f0","0"
"","Global","FUN_00629ed0","00629ed0","","Global","FUN_00ab9730","00ab9730","0"
"","Global","FUN_00629f00","00629f00","","Global","FUN_00ab9760","00ab9760","0"
"","Global","FUN_00629f40","00629f40","","Global","FUN_00ab97a0","00ab97a0","0"
"","Global","FUN_00629f80","00629f80","","Global","FUN_00ab97e0","00ab97e0","0"
"","Global","FUN_00629fc0","00629fc0","","Global","FUN_00ab9820","00ab9820","0"
"","Global","FUN_00629ff0","00629ff0","","Global","FUN_00ab9850","00ab9850","0"
"","Global","FUN_0062a280","0062a280","","Global","FUN_00ab9ae0","00ab9ae0","0"
"","Global","FUN_0062a2e0","0062a2e0","","Global","FUN_00ab9b40","00ab9b40","0"
"","Global","FUN_0062a610","0062a610","","Global","FUN_00ab9e70","00ab9e70","0"
"","Global","FUN_0062a7b0","0062a7b0","","Global","FUN_00aba010","00aba010","0"
"","Global","FUN_0062ad80","0062ad80","","Global","FUN_00aba5e0","00aba5e0","0"
"","Global","FUN_0062ae40","0062ae40","","Global","FUN_00aba6a0","00aba6a0","0"
"","Global","FUN_0062af70","0062af70","","Global","FUN_00aba7d0","00aba7d0","0"
"","Global","FUN_0062b300","0062b300","","Global","FUN_00abab60","00abab60","0"
"","Global","FUN_0062b7a0","0062b7a0","","Global","FUN_00abb000","00abb000","0"
"","Global","FUN_0062bc60","0062bc60","","Global","FUN_00abb4c0","00abb4c0","0"
"","Global","FUN_0062bd10","0062bd10","","Global","FUN_00abb570","00abb570","0"
"","Global","FUN_0062be90","0062be90","","Global","FUN_00abb6f0","00abb6f0","0"
"","Global","FUN_0062bec0","0062bec0","","Global","FUN_00abb720","00abb720","0"
"","Global","FUN_0062bfb0","0062bfb0","","Global","FUN_00abb810","00abb810","0"
"","Global","FUN_0062c000","0062c000","","Global","FUN_00abb860","00abb860","0"
"","Global","FUN_0062c020","0062c020","","Global","FUN_00abb880","00abb880","0"
"","Global","FUN_0062c050","0062c050","","Global","FUN_00abb8b0","00abb8b0","0"
"","Global","FUN_0062c0b0","0062c0b0","","Global","FUN_00abb910","00abb910","0"
"","Global","FUN_0062c410","0062c410","","Global","FUN_00abbc70","00abbc70","0"
"","Global","FUN_0062c630","0062c630","","Global","FUN_00abbe90","00abbe90","0"
"","Global","FUN_0062c8a0","0062c8a0","","Global","FUN_00abc100","00abc100","0"
"","Global","FUN_0062c8e0","0062c8e0","","Global","FUN_00abc140","00abc140","0"
"","Global","FUN_0062ca90","0062ca90","","Global","FUN_00abc2f0","00abc2f0","0"
"","Global","FUN_0062cae0","0062cae0","","Global","FUN_00abc340","00abc340","0"
"","Global","FUN_0062cb10","0062cb10","","Global","FUN_00abc370","00abc370","0"
"","Global","FUN_0062cb40","0062cb40","","Global","FUN_00abc3a0","00abc3a0","0"
"","Global","FUN_0062cb80","0062cb80","","Global","FUN_00abc3e0","00abc3e0","0"
"","Global","FUN_0062cbb0","0062cbb0","","Global","FUN_00abc410","00abc410","0"
"","Global","FUN_0062cc80","0062cc80","","Global","FUN_00abc4e0","00abc4e0","0"
"","Phyre::PFramework::PInputDevicePad","setVibration","0062cd20","","Global","FUN_00abc580","00abc580","0"
"","Global","FUN_0062cd50","0062cd50","","Global","FUN_00abc5b0","00abc5b0","0"
"","Global","FUN_0062cec0","0062cec0","","Global","FUN_00abc720","00abc720","0"
"","Global","FUN_0062d110","0062d110","","Global","FUN_00abc970","00abc970","0"
"","Global","FUN_0062d140","0062d140","","Global","FUN_00abc9a0","00abc9a0","0"
"","Global","FUN_0062d320","0062d320","","Global","FUN_00abcb80","00abcb80","0"
"","Global","FUN_0062d580","0062d580","","Global","FUN_00abcde0","00abcde0","0"
"","Global","FUN_0062d610","0062d610","","Global","FUN_00abce70","00abce70","0"
"","Global","FUN_0062d670","0062d670","","Global","FUN_00abced0","00abced0","0"
"","Global","FUN_0062d6c0","0062d6c0","","Global","FUN_00abcf20","00abcf20","0"
"","Global","FUN_0062d700","0062d700","","Global","FUN_00abcf60","00abcf60","0"
"","Global","FUN_0062d770","0062d770","","Global","FUN_00abcfd0","00abcfd0","0"
"","Global","FUN_0062d8a0","0062d8a0","","Global","FUN_00abd100","00abd100","0"
"","Global","FUN_0062db80","0062db80","","Global","FUN_00abd3e0","00abd3e0","0"
"","Global","FUN_0062dd50","0062dd50","","Global","FUN_00abd5b0","00abd5b0","0"
"","Global","FUN_0062e000","0062e000","","Global","FUN_00abd860","00abd860","0"
"","Global","FUN_0062e1f0","0062e1f0","","Global","FUN_00abda50","00abda50","0"
"","Global","FUN_0062e4f0","0062e4f0","","Global","FUN_00abdd50","00abdd50","0"
"","Global","FUN_0062e550","0062e550","","Global","FUN_00abddb0","00abddb0","0"
"","Global","FUN_0062ebe0","0062ebe0","","Global","FUN_00abe440","00abe440","0"
"","Global","FUN_0062ed20","0062ed20","","Global","FUN_00abe580","00abe580","0"
"","Global","FUN_0062ed80","0062ed80","","Global","FUN_00abe5e0","00abe5e0","0"
"","Global","FUN_0062ede0","0062ede0","","Global","FUN_00abe640","00abe640","0"
"","Global","FUN_0062ef90","0062ef90","","Global","FUN_00abe7f0","00abe7f0","0"
"","Global","_IsEqualGUID","0062efd0","","Global","_IsEqualGUID","00abe830","0"
"","Global","FUN_0062f000","0062f000","","Global","FUN_00abe860","00abe860","0"
"","Global","FFXVu0InterVector","0062fec0","","Global","FUN_0049b760","0049b760","0"
"","Global","FFXVu0InterVectorXYZ","0062ff20","","Global","FUN_0049b7c0","0049b7c0","0"
"","Global","sceWrite","0062ff70","","Global","FUN_0049b810","0049b810","0"
"","Global","FUN_00630250","00630250","","Global","FUN_0042fc80","0042fc80","0"
"","Global","FUN_00630290","00630290","","Global","FUN_0042fcc0","0042fcc0","0"
"","Global","FUN_00630490","00630490","","Global","FUN_0042ff50","0042ff50","0"
"","Global","operator.delete","00630540","","Global","FUN_00430020","00430020","0"
"","Global","FUN_00630610","00630610","","Global","FUN_00430150","00430150","0"
"","Global","FUN_00630770","00630770","","Global","FUN_004302b0","004302b0","0"
"","Global","FUN_006307e0","006307e0","","Global","FUN_00430320","00430320","0"
"","Global","FUN_006308e0","006308e0","","Global","FUN_00430440","00430440","0"
"","Global","FUN_00630a20","00630a20","","Global","FUN_00430670","00430670","0"
"","Global","FUN_00630b60","00630b60","","Global","FUN_004307b0","004307b0","0"
"","Global","FUN_00630c10","00630c10","","Global","FUN_00430880","00430880","0"
"","Global","FUN_00630cc0","00630cc0","","Global","FUN_004309d0","004309d0","0"
"","Global","FUN_00630ce0","00630ce0","","Global","FUN_00430a00","00430a00","0"
"","Global","FUN_00630fa0","00630fa0","","Global","FUN_0043b100","0043b100","0"
"","Global","FUN_006312c0","006312c0","","Global","FUN_0043b3d0","0043b3d0","0"
"","Virtuos::InputManager","isHoldButton","006314f0","","Global","FUN_0043b5c0","0043b5c0","0"
"","Virtuos::InputManager","isPressButton","00631510","","Global","FUN_0043b5e0","0043b5e0","0"
"","Global","FUN_00631530","00631530","","Global","FUN_0043b600","0043b600","0"
"","Global","FUN_006316e0","006316e0","","Global","FUN_0043b750","0043b750","0"
"","Global","FUN_006333f0","006333f0","","Global","FUN_0043e420","0043e420","0"
"","Global","FUN_00633c30","00633c30","","Global","FUN_0043f7e0","0043f7e0","0"
"","Global","FUN_00634340","00634340","","Global","FUN_004401f0","004401f0","0"
"","AssetListReader","~AssetListReader","006347c0","","Global","FUN_004407f0","004407f0","0"
"","Global","FUN_006348b0","006348b0","","Global","FUN_004408e0","004408e0","0"
"","Global","FUN_006355a0","006355a0","","Global","FUN_00441b10","00441b10","0"
"","Global","FUN_00635df0","00635df0","","Global","FUN_00442600","00442600","0"
"","Global","FUN_006365c0","006365c0","","Global","FUN_00443580","00443580","0"
"","Global","FUN_00636b20","00636b20","","Global","FUN_00443ea0","00443ea0","0"
"","Global","FUN_00637890","00637890","","Global","FUN_00445860","00445860","0"
"","Global","graphicAsyncTaskCallback","00637a10","","Global","FUN_00445b90","00445b90","0"
"","Global","FUN_00637a30","00637a30","","Global","FUN_00445bb0","00445bb0","0"
"","Global","FUN_00637ce0","00637ce0","","Global","FUN_00445be0","00445be0","0"
"","Global","FUN_00637dc0","00637dc0","","Global","FUN_00446460","00446460","0"
"","Global","FUN_00637f60","00637f60","","Global","FUN_004464c0","004464c0","0"
"","Global","FUN_00638100","00638100","","Global","FUN_0074a4d0","0074a4d0","0"
"","Global","FUN_006382d0","006382d0","","Global","FUN_004472f0","004472f0","0"
"","Global","FUN_00638330","00638330","","Global","FUN_00447350","00447350","0"
"","Global","FUN_00638380","00638380","","Global","FUN_004473a0","004473a0","0"
"","Global","FUN_006384f0","006384f0","","Global","FUN_00447610","00447610","0"
"","Global","FUN_00638640","00638640","","Global","FUN_004478d0","004478d0","0"
"","Global","FUN_006386e0","006386e0","","Global","FUN_004479e0","004479e0","0"
"","Global","FUN_006389a0","006389a0","","Global","FUN_00447db0","00447db0","0"
"","Global","FUN_00638c30","00638c30","","Global","FUN_00448420","00448420","0"
"","Global","FUN_00639300","00639300","","Global","FUN_00449150","00449150","0"
"","Global","graphicCameraGetViewProjectionMatrix","00639740","","Global","FUN_00449680","00449680","0"
"","Global","FUN_00639f10","00639f10","","Global","FUN_00449c00","00449c00","0"
"","Global","FUN_0063a060","0063a060","","Global","FUN_00449d60","00449d60","0"
"","Global","graphicCharacterInstanceGetMaxiumBoundingBox","0063b370","","Global","FUN_0044abb0","0044abb0","0"
"","Global","FUN_0063b3c0","0063b3c0","","Global","FUN_0044ac00","0044ac00","0"
"","Global","FUN_0063b450","0063b450","","Global","FUN_0044acf0","0044acf0","0"
"","Global","FUN_0063b900","0063b900","","Global","FUN_0044b130","0044b130","0"
"","Global","FUN_0063b9b0","0063b9b0","","Global","FUN_0044b220","0044b220","0"
"","Global","FUN_0063bba0","0063bba0","","Global","FUN_0044b410","0044b410","0"
"","Global","FUN_0063bcf0","0063bcf0","","Global","FUN_0044b560","0044b560","0"
"","Global","graphicCharacterInstanceSetMeshSegmentHide","0063bfb0","","Global","FUN_0044b930","0044b930","0"
"","Global","graphicCharacterInstanceSetVisible","0063c550","","Global","FUN_0044bb00","0044bb00","0"
"","Global","graphicCharacterInstanceSetWorldMatrix","0063c5a0","","Global","FUN_0044bb50","0044bb50","0"
"","Global","graphicCharacterInstanceSetWorldMatrixByMdlID","0063c5f0","","Global","FUN_0044bbd0","0044bbd0","0"
"","Global","graphicCharacterLightingSetLightDir","0063cd10","","Global","FUN_0044c330","0044c330","0"
"","Global","FUN_0063cd40","0063cd40","","Global","FUN_0044c360","0044c360","0"
"","Global","FUN_0063cf60","0063cf60","","Global","FUN_0044c560","0044c560","0"
"","Global","graphicCharacterLightingSetShadeColor","0063d200","","Global","FUN_0044c690","0044c690","0"
"","Global","FUN_0063d2c0","0063d2c0","","Global","FUN_0044c750","0044c750","0"
"","Global","FUN_0063d8c0","0063d8c0","","Global","FUN_0044b030","0044b030","0"
"","Global","FUN_0063dc30","0063dc30","","Global","FUN_0044cd70","0044cd70","0"
"","Global","FUN_0063df00","0063df00","","Global","FUN_0044ce80","0044ce80","0"
"","Global","FUN_0063e010","0063e010","","Global","FUN_0044d0a0","0044d0a0","0"
"","Global","graphicDestroyFmv","0063e0e0","","Global","FUN_0044d170","0044d170","0"
"","Global","graphicEnableHSV","006402b0","","Global","FUN_004516a0","004516a0","0"
"","Global","FUN_00640370","00640370","","Global","FUN_00451790","00451790","0"
"","Global","FUN_00640fd0","00640fd0","","Global","FUN_00451ca0","00451ca0","0"
"","Global","graphicFreeClothVertexBuff","00641020","","Global","FUN_00451cf0","00451cf0","0"
"","Global","FUN_006412b0","006412b0","","Global","FUN_00451f30","00451f30","0"
"","Global","FUN_00641390","00641390","","Global","FUN_00452220","00452220","0"
"","Global","FUN_006415d0","006415d0","","Global","FUN_00452550","00452550","0"
"","Global","FUN_00641830","00641830","","Global","FUN_0044d270","0044d270","0"
"","Global","FUN_00641d70","00641d70","","Global","FUN_00452bc0","00452bc0","0"
"","Global","FUN_00641d80","00641d80","","Global","FUN_00452bf0","00452bf0","0"
"","Global","FUN_00641df0","00641df0","","Global","FUN_00452c60","00452c60","0"
"","Global","graphicLevelAnalysisName","00641eb0","","Global","FUN_00452d00","00452d00","0"
"","Global","FUN_006422c0","006422c0","","Global","FUN_00446290","00446290","0"
"","Global","FUN_006425a0","006425a0","","Global","FUN_00449c30","00449c30","0"
"","Global","FUN_006428e0","006428e0","","Global","FUN_00453450","00453450","0"
"","Global","graphicProcessPs2DataLoadingCallback","006429a0","","Global","FUN_004534e0","004534e0","0"
"","Global","FUN_00642a10","00642a10","","Global","FUN_00453550","00453550","0"
"","Global","FUN_00642b30","00642b30","","Global","FUN_00453630","00453630","0"
"","Global","FUN_00642bc0","00642bc0","","Global","FUN_004536c0","004536c0","0"
"","Global","FUN_00642d20","00642d20","","Global","FUN_00453760","00453760","0"
"","Global","FUN_00642d90","00642d90","","Global","FUN_00453800","00453800","0"
"","Global","FUN_00642de0","00642de0","","Global","FUN_00453850","00453850","0"
"","Global","FUN_00642e30","00642e30","","Global","FUN_00453890","00453890","0"
"","Global","graphicScreenGetOffset","00642ec0","","Global","FUN_00453a40","00453a40","0"
"","Global","graphicSetDistortionEnable","00643100","","Global","FUN_00453ca0","00453ca0","0"
"","Global","graphicSetEnableRenderWorldToTexture","00643190","","Global","FUN_00453f60","00453f60","0"
"","Global","graphicSetForceNoVsync","006433b0","","Global","FUN_004541d0","004541d0","0"
"","Global","FUN_00643420","00643420","","Global","FUN_00454200","00454200","0"
"","Global","graphicSetHSVParam","006434f0","","Global","FUN_004542b0","004542b0","0"
"","Global","FUN_006436b0","006436b0","","Global","FUN_00454470","00454470","0"
"","Global","FUN_00643920","00643920","","Global","FUN_00454750","00454750","0"
"","Global","FUN_006439c0","006439c0","","Global","FUN_004547d0","004547d0","0"
"","Global","FUN_00643a40","00643a40","","Global","FUN_00454850","00454850","0"
"","Global","FUN_00643b30","00643b30","","Global","FUN_004549c0","004549c0","0"
"","Global","FUN_00643bf0","00643bf0","","Global","FUN_00454b90","00454b90","0"
"","Global","FUN_00643e70","00643e70","","Global","FUN_00454d30","00454d30","0"
"","Global","FUN_00644030","00644030","","Global","FUN_00454fc0","00454fc0","0"
"","Global","graphicTextureAnimationSetMaterialVisiability","006442d0","","Global","FUN_004552e0","004552e0","0"
"","Global","FUN_00644430","00644430","","Global","FUN_00455460","00455460","0"
"","Global","graphicUiElementRemap","006444d0","","Global","FUN_00455510","00455510","0"
"","Global","FUN_00644a00","00644a00","","Global","FUN_00455a00","00455a00","0"
"","Global","FUN_00644aa0","00644aa0","","Global","FUN_00455a90","00455a90","0"
"","Global","graphicUpdateDistortionVertex","00644af0","","Global","FUN_00455ae0","00455ae0","0"
"","Global","FUN_00644b40","00644b40","","Global","FUN_00455bd0","00455bd0","0"
"","Global","FUN_00644bb0","00644bb0","","Global","FUN_00455c00","00455c00","0"
"","Global","graphicUseOptimizedVFXShader","00644c70","","Global","FUN_00455cc0","00455cc0","0"
"","Global","graphicVFXGetRenderDataByGeometry","00645560","","Global","FUN_004563b0","004563b0","0"
"","Global","graphicVFXIsTextureLoaded","006455b0","","Global","FUN_00456500","00456500","0"
"","Global","graphicVFXIsTextureWithBpLoaded","00645600","","Global","FUN_00456550","00456550","0"
"","Global","graphicVFXLoadLevelData","00645650","","Global","FUN_00451500","00451500","0"
"","Global","FUN_00645f70","00645f70","","Global","FUN_00456d80","00456d80","0"
"","Global","FUN_006463a0","006463a0","","Global","FUN_00510970","00510970","0"
"","Global","FUN_00646ad0","00646ad0","","Global","FUN_005110a0","005110a0","0"
"","Global","FUN_00646ce0","00646ce0","","Global","FUN_00486990","00486990","0"
"","Global","FUN_00646fa0","00646fa0","","Global","FUN_00486c50","00486c50","0"
"","Global","FUN_00647180","00647180","","Global","FUN_00486e30","00486e30","0"
"","Global","FUN_006473d0","006473d0","","Global","FUN_004871d0","004871d0","0"
"","Global","FUN_00647640","00647640","","Global","FUN_004874e0","004874e0","0"
"","Global","FUN_006476d0","006476d0","","Global","FUN_00487570","00487570","0"
"","Global","FUN_00647910","00647910","","Global","FUN_004878c0","004878c0","0"
"","Global","FUN_00647960","00647960","","Global","FUN_00487910","00487910","0"
"","Global","FUN_00647f20","00647f20","","Global","FUN_00487b10","00487b10","0"
"","Global","FUN_00647fc0","00647fc0","","Global","FUN_00487b90","00487b90","0"
"","Global","FUN_00648030","00648030","","Global","FUN_00487be0","00487be0","0"
"","Global","SaveDataIsLoadingSuccessful","00648250","","Global","SaveDataIsLoadingSuccessful","00487de0","0"
"","Global","SaveDataIsScreenClosed","006482b0","","Global","SaveDataIsScreenClosed","00487e40","0"
"","Global","SaveDataLocRemoveNumTag","00648300","","Global","FUN_00487e90","00487e90","0"
"","Global","FUN_00648420","00648420","","Global","FUN_00487f00","00487f00","0"
"","Global","SaveDataSetScreenState","00648890","","Global","SaveDataSetScreenState","00488420","0"
"","Global","SaveDataToLoad","00648910","","Global","SaveDataToLoad","004884a0","0"
"","Global","FUN_006489d0","006489d0","","Global","FUN_00488530","00488530","0"
"","Global","SaveDataTtyWrite2","00648a00","","Global","FUN_00488560","00488560","0"
"","Global","FUN_00648ff0","00648ff0","","Global","FUN_004888e0","004888e0","0"
"","Global","SaveDataWriteCrc","006490d0","","Global","FUN_004889c0","004889c0","0"
"","Global","FUN_00649150","00649150","","Global","FUN_00488a40","00488a40","0"
"","Global","FUN_00649180","00649180","","Global","FUN_00488a70","00488a70","0"
"","Global","FUN_006491d0","006491d0","","Global","FUN_00488ab0","00488ab0","0"
"","Global","FUN_006494e0","006494e0","","Global","FUN_00488fb0","00488fb0","0"
"","Global","FUN_00649760","00649760","","Global","FUN_00457600","00457600","0"
"","Global","FUN_00649850","00649850","","Global","FUN_004576f0","004576f0","0"
"","Global","FUN_00649880","00649880","","Global","FUN_00430d80","00430d80","0"
"","Global","FUN_00649920","00649920","","Global","FUN_00430e20","00430e20","0"
"","Global","FUN_00649c10","00649c10","","Global","FUN_00457a20","00457a20","0"
"","Global","FUN_00649d80","00649d80","","Global","FUN_00457b90","00457b90","0"
"","Global","FUN_00649e60","00649e60","","Global","FUN_00457c10","00457c10","0"
"","Global","FUN_00649f20","00649f20","","Global","FUN_00457cd0","00457cd0","0"
"","Global","FUN_0064aa60","0064aa60","","Global","FUN_00458be0","00458be0","0"
"","Global","Catch_All@0064aae2","0064aae2","","Global","Catch_All@00458c62","00458c62","0"
"","Global","FUN_0064ab50","0064ab50","","Global","FUN_00458ca0","00458ca0","0"
"","Global","FUN_0064abc0","0064abc0","","Global","FUN_00458ce0","00458ce0","0"
"","Global","FUN_0064af60","0064af60","","Global","FUN_00459070","00459070","0"
"","Global","FUN_0064afa0","0064afa0","","Global","FUN_00459130","00459130","0"
"","Global","FUN_0064b900","0064b900","","Global","FUN_004598f0","004598f0","0"
"","Global","FUN_0064ba70","0064ba70","","Global","FUN_00459a20","00459a20","0"
"","Global","FUN_0064be90","0064be90","","Global","FUN_00431a50","00431a50","0"
"","Global","FUN_0064c020","0064c020","","Global","FUN_0045a040","0045a040","0"
"","Global","FUN_0064c530","0064c530","","Global","FUN_0045a4b0","0045a4b0","0"
"","Global","FUN_0064c5f0","0064c5f0","","Global","FUN_00431b20","00431b20","0"
"","Global","FUN_0064c610","0064c610","","Global","FUN_00431b40","00431b40","0"
"","Global","FUN_0064ccb0","0064ccb0","","Global","FUN_0045ab00","0045ab00","0"
"","Global","FUN_0064cd50","0064cd50","","Global","FUN_0045abc0","0045abc0","0"
"","Global","FUN_0064d200","0064d200","","Global","FUN_0045aea0","0045aea0","0"
"","Global","Catch_All@0064d276","0064d276","","Global","Catch_All@0045af16","0045af16","0"
"","Global","FUN_0064d6a0","0064d6a0","","Global","FUN_0045b3c0","0045b3c0","0"
"","Global","FUN_0064d8e0","0064d8e0","","Global","FUN_0045b600","0045b600","0"
"","Global","FUN_0064db90","0064db90","","Global","FUN_0045b840","0045b840","0"
"","Global","FUN_0064eb50","0064eb50","","Global","FUN_00432d30","00432d30","0"
"","Global","FUN_0064eb90","0064eb90","","Global","FUN_00432d70","00432d70","0"
"","Global","FUN_0064ec10","0064ec10","","Global","FUN_0045cd60","0045cd60","0"
"","Global","FUN_0064ef90","0064ef90","","Global","FUN_0045d5e0","0045d5e0","0"
"","Global","FUN_0064efd0","0064efd0","","Global","FUN_0045d610","0045d610","0"
"","Global","FUN_0064f590","0064f590","","Global","FUN_0045e350","0045e350","0"
"","Global","FUN_0064f5f0","0064f5f0","","Global","FUN_0045e3d0","0045e3d0","0"
"","Global","FUN_0064f700","0064f700","","Global","FUN_0045e460","0045e460","0"
"","Global","FUN_0064f860","0064f860","","Global","FUN_0045e580","0045e580","0"
"","Global","FUN_0064fa80","0064fa80","","Global","FUN_00434240","00434240","0"
"","Global","FUN_0064fb20","0064fb20","","Global","FUN_004342e0","004342e0","0"
"","Global","FUN_0064fb90","0064fb90","","Global","FUN_00434380","00434380","0"
"","Global","FUN_0064fc00","0064fc00","","Global","FUN_004343f0","004343f0","0"
"","Global","FUN_0064fc20","0064fc20","","Global","FUN_00434410","00434410","0"
"","Global","FUN_0064fc40","0064fc40","","Global","FUN_00434430","00434430","0"
"","Global","FUN_0064fca0","0064fca0","","Global","FUN_00532fc0","00532fc0","0"
"","Global","FUN_0064fcf0","0064fcf0","","Global","FUN_00434480","00434480","0"
"","Global","FUN_0064fd40","0064fd40","","Global","FUN_004344d0","004344d0","0"
"","Global","FUN_00651610","00651610","","Global","FUN_00434950","00434950","0"
"","Global","FUN_006519b0","006519b0","","Global","FUN_00434be0","00434be0","0"
"","Global","FUN_00651a70","00651a70","","Global","FUN_004604d0","004604d0","0"
"","Global","FUN_00651d90","00651d90","","Global","FUN_00460870","00460870","0"
"","Global","FUN_00651f90","00651f90","","Global","FUN_00460a70","00460a70","0"
"","Global","FUN_00652490","00652490","","Global","FUN_00434ee0","00434ee0","0"
"","Global","FUN_006524c0","006524c0","","Global","FUN_00434f10","00434f10","0"
"","Global","FUN_006525c0","006525c0","","Global","FUN_00461150","00461150","0"
"","Global","FUN_00652620","00652620","","Global","FUN_004611b0","004611b0","0"
"","Global","FUN_006527b0","006527b0","","Global","FUN_004350e0","004350e0","0"
"2","ATL::CSimpleStringT<wchar_t\,0>","Reallocate","00652a80","2","ATL::CSimpleStringT<wchar_t\,0>","Reallocate","00435180","0"
"","Global","FUN_00652ac0","00652ac0","","Global","FUN_00461450","00461450","0"
"2","ATL::CStringData","Release","00652b70","2","ATL::CStringData","Release","004351c0","0"
"","Global","FUN_00653760","00653760","","Global","FUN_00463700","00463700","0"
"","Global","FUN_00654220","00654220","","Global","FUN_00435330","00435330","0"
"","Global","FUN_00654460","00654460","","Global","FUN_00464190","00464190","0"
"","Global","FUN_00654690","00654690","","Global","FUN_00435570","00435570","0"
"","Global","FUN_00654b00","00654b00","","Global","FUN_004355f0","004355f0","0"
"","Global","FUN_00654b10","00654b10","","Global","FUN_00464c00","00464c00","0"
"","Global","FUN_00654e70","00654e70","","Global","FUN_00464fc0","00464fc0","0"
"","Global","FUN_00654fd0","00654fd0","","Global","FUN_004650d0","004650d0","0"
"","Global","FUN_00655cd0","00655cd0","","Global","FUN_004659f0","004659f0","0"
"","Global","FUN_006564a0","006564a0","","Global","FUN_00466050","00466050","0"
"","Global","FUN_00656870","00656870","","Global","FUN_004664e0","004664e0","0"
"","Global","FUN_00656d40","00656d40","","Global","FUN_00466830","00466830","0"
"","Global","FUN_00657730","00657730","","Global","FUN_00467340","00467340","0"
"","Global","FUN_00657860","00657860","","Global","FUN_00467470","00467470","0"
"","PhyreScene","asyncDoFieldMapLoadTask","006579b0","","Global","FUN_00467590","00467590","0"
"","PhyreScene","asyncDoLoadCharacterTask","006579e0","","Global","FUN_004675c0","004675c0","0"
"","Global","FUN_00657ab0","00657ab0","","Global","FUN_004676b0","004676b0","0"
"","Global","FUN_00658430","00658430","","Global","FUN_00467f30","00467f30","0"
"","Global","FUN_006584e0","006584e0","","Global","FUN_00468030","00468030","0"
"","Global","FUN_00658700","00658700","","Global","FUN_00468250","00468250","0"
"","Global","FUN_00658b70","00658b70","","Global","FUN_004688b0","004688b0","0"
"","Global","FUN_00659220","00659220","","Global","FUN_00468e90","00468e90","0"
"","Global","FUN_00659230","00659230","","Global","FUN_00468ea0","00468ea0","0"
"","Global","FUN_00659260","00659260","","Global","FUN_00468ed0","00468ed0","0"
"","Global","FUN_00659650","00659650","","Global","FUN_00469490","00469490","0"
"","Global","FUN_00659760","00659760","","Global","FUN_004695a0","004695a0","0"
"","Global","FUN_006598a0","006598a0","","Global","FUN_004696e0","004696e0","0"
"","Global","FUN_006599f0","006599f0","","Global","FUN_00469830","00469830","0"
"","Global","FUN_00659aa0","00659aa0","","Global","FUN_004698e0","004698e0","0"
"","Global","FUN_00659b50","00659b50","","Global","FUN_00469990","00469990","0"
"","Global","FUN_00659dc0","00659dc0","","Global","FUN_00469cb0","00469cb0","0"
"","Global","FUN_0065a450","0065a450","","Global","FUN_0046a900","0046a900","0"
"","Global","FUN_0065a720","0065a720","","Global","FUN_0046ac30","0046ac30","0"
"","Global","FUN_0065a780","0065a780","","Global","FUN_0046ac90","0046ac90","0"
"","Global","FUN_0065afd0","0065afd0","","Global","FUN_0046b530","0046b530","0"
"","Global","FUN_0065b8e0","0065b8e0","","Global","FUN_0046bc30","0046bc30","0"
"","Global","FUN_0065d850","0065d850","","Global","FUN_0046d490","0046d490","0"
"","Global","FUN_0065dc00","0065dc00","","Global","FUN_0046d8c0","0046d8c0","0"
"","PhyreScene","getMonsterEtTextureName","0065e380","","Global","FUN_0046e210","0046e210","0"
"","Global","FUN_0065ff50","0065ff50","","Global","FUN_004702a0","004702a0","0"
"","Global","FUN_006600b0","006600b0","","Global","FUN_00470380","00470380","0"
"","PhyreScene","isDrawingNonUI2DScene","006604d0","","Global","FUN_00470730","00470730","0"
"","Global","FUN_006605a0","006605a0","","Global","FUN_004709b0","004709b0","0"
"","Global","FUN_00663bc0","00663bc0","","Global","FUN_00476930","00476930","0"
"","PhyreScene","loadMapVFXTexture","006650f0","","Global","FUN_004775c0","004775c0","0"
"","PhyreScene","loadPersistentVFXTexture","006657f0","","Global","FUN_004778f0","004778f0","0"
"","Global","FUN_006667a0","006667a0","","Global","FUN_00479230","00479230","0"
"","PhyreScene","onFieldMapAssetLoaded","006667c0","","Global","FUN_00479250","00479250","0"
"","Global","FUN_00666a10","00666a10","","Global","FUN_004793e0","004793e0","0"
"","Global","FUN_00666db0","00666db0","","Global","FUN_004796c0","004796c0","0"
"","Global","FUN_00667760","00667760","","Global","FUN_004798f0","004798f0","0"
"","Global","FUN_00667900","00667900","","Global","FUN_0051a520","0051a520","0"
"","Global","FUN_00667be0","00667be0","","Global","FUN_00479d20","00479d20","0"
"","Global","FUN_00668390","00668390","","Global","FUN_0047a370","0047a370","0"
"","Global","FUN_00668510","00668510","","Global","FUN_0047a470","0047a470","0"
"","PhyreScene","registClustersToAddToWorld","006686e0","","Global","FUN_0047a600","0047a600","0"
"3","PhyreScene","removeChrFromPipeline","006687d0","2","MREF","NoteActualClassChange","0047a6a0","0"
"","Global","FUN_0066b2c0","0066b2c0","","Global","FUN_0047ef20","0047ef20","0"
"","Global","FUN_0066b470","0066b470","","Global","FUN_00480860","00480860","0"
"2","std::basic_string<char\,struct_std::char_traits<char>\,class_std::allocator<char>_>","reserve","0066bf30","2","std::basic_string<char\,struct_std::char_traits<char>\,class_std::allocator<char>_>","reserve","00481400","0"
"","Global","FUN_0066c800","0066c800","","Global","FUN_00481c10","00481c10","0"
"","Global","FUN_0066c900","0066c900","","Global","FUN_00481d10","00481d10","0"
"","Global","FUN_0066ca30","0066ca30","","Global","FUN_004cc990","004cc990","0"
"","Global","FUN_0066cab0","0066cab0","","Global","FUN_00481d90","00481d90","0"
"","Global","FUN_0066cd00","0066cd00","","Global","FUN_00482190","00482190","0"
"","Global","FUN_0066cd10","0066cd10","","Global","FUN_00439f50","00439f50","0"
"","PhyreScene","setEnableRenderWorldToTexture","0066d190","","Global","FUN_00482500","00482500","0"
"","PhyreScene","setMaterialVisibilityBySetAlpha","0066d750","","Global","FUN_00482910","00482910","0"
"","PhyreScene","setMeshInstanceWorldMatrix","0066d9a0","","Global","FUN_00482ae0","00482ae0","0"
"","PhyreScene","setMeshVisible","0066daa0","","Global","FUN_00482be0","00482be0","0"
"","PhyreScene","setMinimapCameraWorldMatrix","0066dad0","","Global","FUN_00482c10","00482c10","0"
"","Global","FUN_0066e680","0066e680","","Global","FUN_0043a360","0043a360","0"
"","Global","FUN_0066e770","0066e770","","Global","FUN_00483330","00483330","0"
"","PhyreScene","setTextureVideoInfo","0066e990","","Global","FUN_004835f0","004835f0","0"
"","Global","FUN_0066ebc0","0066ebc0","","Global","FUN_00483850","00483850","0"
"","Global","FUN_0066f160","0066f160","","Global","FUN_00483cf0","00483cf0","0"
"","Global","FUN_0066f1a0","0066f1a0","","Global","FUN_00483d30","00483d30","0"
"","Global","FUN_00670b00","00670b00","","Global","FUN_00484bd0","00484bd0","0"
"","Global","FUN_00672100","00672100","","Global","FUN_00485df0","00485df0","0"
"","Global","FUN_00672120","00672120","","Global","FUN_00485e10","00485e10","0"
"","Global","FUN_00672210","00672210","","Global","FUN_00485f70","00485f70","0"
"","Phyre::PCamera","updateViewMatrices","00672260","","Global","FUN_0043ab90","0043ab90","0"
"","Global","FUN_00672330","00672330","","Global","FUN_00486020","00486020","0"
"","Global","FUN_00672470","00672470","","Global","FUN_0043ac90","0043ac90","0"
"","Global","FUN_00672490","00672490","","Global","FUN_004862d0","004862d0","0"
"","Global","FUN_006724d0","006724d0","","Global","FUN_0043ad10","0043ad10","0"
"","Global","FUN_00672cd0","00672cd0","","Global","FUN_0048a410","0048a410","0"
"","Global","FUN_006731d0","006731d0","","Global","FUN_0048ac90","0048ac90","0"
"","Global","FUN_006784c0","006784c0","","Global","FUN_00493960","00493960","0"
"","Global","FUN_00678ba0","00678ba0","","Global","FUN_00494040","00494040","0"
"","Global","FUN_00678d80","00678d80","","Global","FUN_00494220","00494220","0"
"","Global","FUN_00679010","00679010","","Global","FUN_004944b0","004944b0","0"
"","Global","FUN_00679270","00679270","","Global","FUN_00494710","00494710","0"
"","Global","FUN_006794e0","006794e0","","Global","FUN_00494980","00494980","0"
"","PhyreFIOS","LoadMagicfilePrx","00679590","","Global","FUN_00494a50","00494a50","0"
"","Global","fiosClose","006796c0","","Global","FUN_00494b80","00494b80","0"
"","Global","fiosFileSize","00679720","","Global","FUN_00494be0","00494be0","0"
"","Global","FUN_00679760","00679760","","Global","FUN_00494c20","00494c20","0"
"","Global","fiosIsFileExist","006798a0","","Global","FUN_00494d60","00494d60","0"
"","Global","fiosLseek","006798c0","","Global","FUN_00494d80","00494d80","0"
"","Global","fiosOpen","006798e0","","Global","FUN_00494da0","00494da0","0"
"","Global","fiosRead","006799b0","","Global","FUN_00494e70","00494e70","0"
"","Global","FUN_00679b90","00679b90","","Global","FUN_00495010","00495010","0"
"","Global","FUN_00679bc0","00679bc0","","Global","FUN_00495040","00495040","0"
"","Global","FUN_00679c60","00679c60","","Global","FUN_004950e0","004950e0","0"
"","Global","FUN_00679d20","00679d20","","Global","FUN_004951a0","004951a0","0"
"","Global","FUN_00679db0","00679db0","","Global","FUN_00495230","00495230","0"
"","Global","FUN_00679e10","00679e10","","Global","FUN_00495290","00495290","0"
"","Global","FUN_00679e60","00679e60","","Global","FUN_004952e0","004952e0","0"
"","Global","FUN_00679f60","00679f60","","Global","FUN_004953e0","004953e0","0"
"","Global","FUN_00679f90","00679f90","","Global","FUN_00495410","00495410","0"
"","Global","FUN_00679fc0","00679fc0","","Global","FUN_00495440","00495440","0"
"","Global","createVsyncEmuThread","0067a010","","Global","FUN_00495490","00495490","0"
"","Global","endVsyncEmuThread","0067a0d0","","Global","FUN_00495550","00495550","0"
"","Global","FUN_0067a130","0067a130","","Global","FUN_004955b0","004955b0","0"
"","Global","iMusicStart","0067a390","","Global","FUN_00495810","00495810","0"
"","Global","iMusicVolumeDirect","0067a440","","Global","FUN_004958c0","004958c0","0"
"","Global","FUN_0067a690","0067a690","","Global","FUN_00495b20","00495b20","0"
"","Global","FUN_0067a7b0","0067a7b0","","Global","FUN_00495c30","00495c30","0"
"","Global","iVoiceDataChange","0067a850","","Global","FUN_00495cd0","00495cd0","0"
"","Global","FUN_0067a920","0067a920","","Global","FUN_00495da0","00495da0","0"
"","Global","FUN_0067a960","0067a960","","Global","FUN_00495de0","00495de0","0"
"","Global","FUN_0067aab0","0067aab0","","Global","FUN_00495f30","00495f30","0"
"","Global","FUN_0067ab10","0067ab10","","Global","FUN_00495f90","00495f90","0"
"","Global","FUN_0067b920","0067b920","","Global","FUN_004bf390","004bf390","0"
"","Global","FUN_0067b9b0","0067b9b0","","Global","FUN_004bf470","004bf470","0"
"","Global","FUN_0067ba00","0067ba00","","Global","FUN_004bf4c0","004bf4c0","0"
"","Global","FUN_0067bb20","0067bb20","","Global","FUN_004bf5e0","004bf5e0","0"
"","Global","FUN_0067d8e0","0067d8e0","","Global","FUN_004c1140","004c1140","0"
"","Global","FUN_0067e640","0067e640","","Global","FUN_004c2310","004c2310","0"
"","MenuManager","SetMenuUiInstanceUnloaded","0067e690","","Global","FUN_004c2370","004c2370","0"
"","Global","FUN_00680020","00680020","","Global","FUN_004960f0","004960f0","0"
"","Global","FUN_006800c0","006800c0","","Global","FUN_00496190","00496190","0"
"","Global","FUN_006801e0","006801e0","","Global","FUN_004962b0","004962b0","0"
"","Global","FUN_006804d0","006804d0","","Global","FUN_004965a0","004965a0","0"
"","Global","FUN_00680550","00680550","","Global","FUN_00496620","00496620","0"
"","Global","FUN_006805c0","006805c0","","Global","FUN_00496690","00496690","0"
"","Global","FUN_00680640","00680640","","Global","FUN_004c33f0","004c33f0","0"
"","Global","FUN_006819e0","006819e0","","Global","FUN_004c4ac0","004c4ac0","0"
"","Global","FUN_00684c00","00684c00","","Global","FUN_005168c0","005168c0","0"
"","Global","FUN_00686f40","00686f40","","Global","FUN_004c6480","004c6480","0"
"","Global","FUN_00686fa0","00686fa0","","Global","FUN_00519c90","00519c90","0"
"","Global","FUN_00687210","00687210","","Global","FUN_00496760","00496760","0"
"","Global","FUN_00687230","00687230","","Global","FUN_00496780","00496780","0"
"","Global","FUN_00687250","00687250","","Global","FUN_004967a0","004967a0","0"
"","Global","FUN_006872d0","006872d0","","Global","FUN_00496820","00496820","0"
"","Global","FUN_00687330","00687330","","Global","FUN_00496880","00496880","0"
"","Global","FUN_006873b0","006873b0","","Global","FUN_00496900","00496900","0"
"","Global","FUN_00687430","00687430","","Global","FUN_00496980","00496980","0"
"","Global","FUN_006874b0","006874b0","","Global","FUN_00496a00","00496a00","0"
"","Global","FUN_00687510","00687510","","Global","FUN_00496a60","00496a60","0"
"","Global","FUN_00687650","00687650","","Global","FUN_00496ba0","00496ba0","0"
"","Global","FUN_00687830","00687830","","Global","FUN_00496d80","00496d80","0"
"","Global","FUN_006879f0","006879f0","","Global","FUN_00496f40","00496f40","0"
"","Global","FUN_00687db0","00687db0","","Global","FUN_00497300","00497300","0"
"","Global","FUN_00688030","00688030","","Global","FUN_00497580","00497580","0"
"","Global","FUN_006883c0","006883c0","","Global","FUN_00497910","00497910","0"
"","Global","FUN_006883f0","006883f0","","Global","FUN_00497940","00497940","0"
"","Global","FUN_00688440","00688440","","Global","FUN_00497990","00497990","0"
"","Global","FUN_00688610","00688610","","Global","FUN_00497b60","00497b60","0"
"","Global","FUN_00688680","00688680","","Global","FUN_00497bd0","00497bd0","0"
"","Global","FUN_00688790","00688790","","Global","FUN_00497ce0","00497ce0","0"
"","Global","FUN_00688870","00688870","","Global","FUN_00497dc0","00497dc0","0"
"","Global","FUN_00689070","00689070","","Global","FUN_004985c0","004985c0","0"
"","Global","FUN_00689510","00689510","","Global","FUN_00498a60","00498a60","0"
"","Global","FUN_006896b0","006896b0","","Global","FUN_004a2750","004a2750","0"
"","Global","FUN_00689720","00689720","","Global","FUN_004a27c0","004a27c0","0"
"","Global","FUN_006897c0","006897c0","","Global","FUN_004a2860","004a2860","0"
"","Global","FUN_00689970","00689970","","Global","FUN_004a2a10","004a2a10","0"
"","Global","FUN_00689a70","00689a70","","Global","FUN_004a2b10","004a2b10","0"
"","Global","FUN_00689bb0","00689bb0","","Global","FUN_004a2c50","004a2c50","0"
"","Global","FUN_0068a540","0068a540","","Global","FUN_004a36a0","004a36a0","0"
"","Global","FUN_0068a800","0068a800","","Global","FUN_004a3920","004a3920","0"
"","Global","FUN_0068a970","0068a970","","Global","FUN_004a3a90","004a3a90","0"
"","Global","FUN_0068b570","0068b570","","Global","FUN_004a4580","004a4580","0"
"","Global","FUN_0068b870","0068b870","","Global","FUN_004a4890","004a4890","0"
"","Global","FUN_0068dee0","0068dee0","","Global","FUN_004a49e0","004a49e0","0"
"","Global","FUN_0068df20","0068df20","","Global","FUN_004a4a20","004a4a20","0"
"","Global","FUN_0068df70","0068df70","","Global","FUN_004a4a70","004a4a70","0"
"","Global","FUN_0068dff0","0068dff0","","Global","FUN_004a4af0","004a4af0","0"
"","Global","FUN_0068e090","0068e090","","Global","FUN_004a4b90","004a4b90","0"
"","Global","FUN_0068e140","0068e140","","Global","FUN_004a4c40","004a4c40","0"
"","Global","FUN_0068e150","0068e150","","Global","FUN_004a4c50","004a4c50","0"
"","Global","FUN_0068e170","0068e170","","Global","FUN_004a4c70","004a4c70","0"
"","Global","FUN_0068e300","0068e300","","Global","FUN_004a4e00","004a4e00","0"
"","Global","FUN_0068e370","0068e370","","Global","FUN_004a4e70","004a4e70","0"
"","Global","FUN_0068e3f0","0068e3f0","","Global","FUN_004a4ef0","004a4ef0","0"
"","Global","FUN_0068e430","0068e430","","Global","FUN_004a4f30","004a4f30","0"
"","Global","FUN_0068e4e0","0068e4e0","","Global","FUN_004a4ff0","004a4ff0","0"
"","Global","FUN_0068e500","0068e500","","Global","FUN_004a5010","004a5010","0"
"","Global","FUN_0068e580","0068e580","","Global","FUN_004a5090","004a5090","0"
"","Global","FUN_0068e620","0068e620","","Global","FUN_004a5130","004a5130","0"
"","Global","FUN_0068e6b0","0068e6b0","","Global","FUN_004a51c0","004a51c0","0"
"","Global","FUN_0068e6e0","0068e6e0","","Global","FUN_004a51f0","004a51f0","0"
"","Global","FUN_0068e870","0068e870","","Global","FUN_004a53b0","004a53b0","0"
"","Global","FUN_0068f540","0068f540","","Global","FUN_004a6080","004a6080","0"
"","Global","FUN_0068f790","0068f790","","Global","FUN_004a62d0","004a62d0","0"
"","Global","FUN_0068f830","0068f830","","Global","FUN_004a6370","004a6370","0"
"","Global","FUN_0068f850","0068f850","","Global","FUN_004a6390","004a6390","0"
"","Global","FUN_0068f890","0068f890","","Global","FUN_004a63d0","004a63d0","0"
"","Global","FUN_0068fa70","0068fa70","","Global","FUN_004a65b0","004a65b0","0"
"","Global","FUN_0068fb30","0068fb30","","Global","FUN_004a6680","004a6680","0"
"","Global","FUN_0068fb60","0068fb60","","Global","FUN_004a66b0","004a66b0","0"
"","Global","FUN_0068fc80","0068fc80","","Global","FUN_004a67d0","004a67d0","0"
"","Global","FUN_0068fca0","0068fca0","","Global","FUN_004a67f0","004a67f0","0"
"","Global","FUN_0068fe70","0068fe70","","Global","FUN_004a69c0","004a69c0","0"
"","Global","FUN_0068fec0","0068fec0","","Global","FUN_004a6a10","004a6a10","0"
"","Global","FUN_006900b0","006900b0","","Global","FUN_004a6bb0","004a6bb0","0"
"","Global","FUN_006905f0","006905f0","","Global","FUN_00518cc0","00518cc0","0"
"","AssetListReader","getPlatformSpecificPath","006906c0","","Global","FUN_00518d90","00518d90","0"
"","Global","FUN_00690800","00690800","","Global","FUN_00498b90","00498b90","0"
"","Global","FUN_00690890","00690890","","Global","FUN_00498c20","00498c20","0"
"","Global","FUN_00690ad0","00690ad0","","Global","FUN_00498f00","00498f00","0"
"","AsyncLoadManager","createChildrenRequestList","006910a0","","Global","FUN_004996e0","004996e0","0"
"","Global","FUN_00691120","00691120","","Global","FUN_00499760","00499760","0"
"","Global","FUN_006911f0","006911f0","","Global","FUN_00499830","00499830","0"
"","Global","FUN_00691320","00691320","","Global","FUN_00499970","00499970","0"
"","Global","FUN_00691390","00691390","","Global","FUN_004999e0","004999e0","0"
"","Global","FUN_006913f0","006913f0","","Global","FUN_00499a50","00499a50","0"
"","Global","FUN_00691400","00691400","","Global","FUN_00499a70","00499a70","0"
"","Global","FUN_00691480","00691480","","Global","FUN_00499c70","00499c70","0"
"","Global","FUN_00691680","00691680","","Global","FUN_0049a040","0049a040","0"
"","Global","FUN_00691710","00691710","","Global","FUN_0049a120","0049a120","0"
"","AsyncLoadManager","loadCluster","00691790","","Global","FUN_0049a240","0049a240","0"
"","Global","FUN_00691c30","00691c30","","Global","FUN_0049a920","0049a920","0"
"","Global","FUN_00691e70","00691e70","","Global","FUN_0049ad50","0049ad50","0"
"","Global","FUN_00692540","00692540","","Global","FUN_004a7780","004a7780","0"
"","Global","FUN_00692950","00692950","","Global","FUN_004a7bb0","004a7bb0","0"
"","Global","FUN_00692a80","00692a80","","Global","FUN_004a7ce0","004a7ce0","0"
"","Global","FUN_00692b90","00692b90","","Global","FUN_004a7e10","004a7e10","0"
"","Global","FUN_006932d0","006932d0","","Global","FUN_004a8b70","004a8b70","0"
"","Global","FUN_006937c0","006937c0","","Global","FUN_004a9020","004a9020","0"
"","Global","FUN_006937e0","006937e0","","Global","FUN_004a9040","004a9040","0"
"","Global","FUN_00693850","00693850","","Global","FUN_004a90d0","004a90d0","0"
"","Global","FUN_00694d90","00694d90","","Global","FUN_004aa6b0","004aa6b0","0"
"","Global","FUN_00695040","00695040","","Global","FUN_004aa960","004aa960","0"
"","Global","FUN_00695570","00695570","","Global","FUN_004aae90","004aae90","0"
"","Global","FUN_00695800","00695800","","Global","FUN_004ab120","004ab120","0"
"","Global","FUN_006981e0","006981e0","","Global","FUN_004adca0","004adca0","0"
"","Global","FUN_00698250","00698250","","Global","FUN_004add10","004add10","0"
"","Global","FUN_006984b0","006984b0","","Global","FUN_004adf70","004adf70","0"
"","Global","FUN_00698540","00698540","","Global","FUN_004ae010","004ae010","0"
"","Global","FUN_00698630","00698630","","Global","FUN_004ae100","004ae100","0"
"","PostProcessManager","setHDAOSetting","00698710","","Global","FUN_004ae1b0","004ae1b0","0"
"","Global","FUN_00698b00","00698b00","","Global","FUN_004ae5d0","004ae5d0","0"
"","Global","FUN_00698b50","00698b50","","Global","FUN_004ae650","004ae650","0"
"","Global","FUN_00698bf0","00698bf0","","Global","FUN_004ae700","004ae700","0"
"","Global","FUN_00699050","00699050","","Global","FUN_004aeb60","004aeb60","0"
"","Global","FUN_006990e0","006990e0","","Global","FUN_004aebf0","004aebf0","0"
"","Global","FUN_0069aa90","0069aa90","","Global","FUN_0049d800","0049d800","0"
"","Global","FUN_0069ace0","0069ace0","","Global","FUN_0049da70","0049da70","0"
"","Global","FUN_0069b970","0069b970","","Global","FUN_0049e780","0049e780","0"
"","ChrResourceCacheManager","onLoadPCluster","0069bcc0","","Global","FUN_0049ead0","0049ead0","0"
"","Global","FUN_0069be70","0069be70","","Global","FUN_0049ec80","0049ec80","0"
"","Global","FUN_0069c150","0069c150","","Global","FUN_0049f010","0049f010","0"
"","Global","FUN_0069c1e0","0069c1e0","","Global","FUN_0049f0b0","0049f0b0","0"
"","Global","FUN_0069c4a0","0069c4a0","","Global","FUN_004af150","004af150","0"
"","Global","FUN_0069c6c0","0069c6c0","","Global","FUN_004af3a0","004af3a0","0"
"","Global","FUN_0069cc30","0069cc30","","Global","FUN_004afb40","004afb40","0"
"","Global","FUN_0069d120","0069d120","","Global","FUN_004b02d0","004b02d0","0"
"","Global","FUN_0069dad0","0069dad0","","Global","FUN_004b0df0","004b0df0","0"
"","Global","FUN_0069e1c0","0069e1c0","","Global","FUN_004b1770","004b1770","0"
"","Global","FUN_0069e9e0","0069e9e0","","Global","FUN_004b20e0","004b20e0","0"
"","Global","FUN_0069ea40","0069ea40","","Global","FUN_004b2140","004b2140","0"
"","Global","FUN_0069eea0","0069eea0","","Global","FUN_004b2760","004b2760","0"
"","Global","FUN_0069eee0","0069eee0","","Global","FUN_00441a20","00441a20","0"
"","Global","FUN_0069f000","0069f000","","Global","FUN_004b2890","004b2890","0"
"","Global","FUN_0069f070","0069f070","","Global","FUN_004b2900","004b2900","0"
"","Global","FUN_0069f4e0","0069f4e0","","Global","FUN_004b2df0","004b2df0","0"
"","Global","FUN_0069f580","0069f580","","Global","FUN_004b2e90","004b2e90","0"
"","Global","FUN_0069f680","0069f680","","Global","FUN_004b2f90","004b2f90","0"
"","Global","FUN_0069f6c0","0069f6c0","","Global","FUN_004b2fd0","004b2fd0","0"
"","ClassVFXRenderDataTable","GetDynamicGeometryByInstance","0069f760","","Global","FUN_004b3050","004b3050","0"
"","ClassVFXRenderDataTable","GetVFXDataByInstance","0069f820","","Global","FUN_004b3130","004b3130","0"
"","ClassVFXRenderDataTable","Insert","0069f9d0","","Global","FUN_004b31b0","004b31b0","0"
"","Global","FUN_0069fa40","0069fa40","","Global","FUN_004b3220","004b3220","0"
"","Global","FUN_0069fdf0","0069fdf0","","Global","FUN_004b3560","004b3560","0"
"","Global","FUN_0069ff00","0069ff00","","Global","FUN_004b3670","004b3670","0"
"","Global","FUN_006a01b0","006a01b0","","Global","FUN_004b3870","004b3870","0"
"","Global","FUN_006a0910","006a0910","","Global","FUN_004b42f0","004b42f0","0"
"","Global","FUN_006a0e40","006a0e40","","Global","FUN_004b4990","004b4990","0"
"","ClassCharacter","clearInstanceList","006a1340","","Global","FUN_004b5470","004b5470","0"
"","Global","FUN_006a1370","006a1370","","Global","FUN_004b5560","004b5560","0"
"","Global","FUN_006a1460","006a1460","","Global","FUN_004b5720","004b5720","0"
"","ClassCharacterInstance","destroyClothInstances","006a16d0","","Global","FUN_004b59d0","004b59d0","0"
"","ClassCharacterInstance","destroyMeshes","006a1720","","Global","FUN_004b5a20","004b5a20","0"
"","Global","FUN_006a1e10","006a1e10","","Global","FUN_004b6480","004b6480","0"
"","Global","FUN_006a1e50","006a1e50","","Global","FUN_004b64c0","004b64c0","0"
"","Global","FUN_006a1ed0","006a1ed0","","Global","FUN_004b6540","004b6540","0"
"","ClassLoadedCharacterTable","existPrototype","006a1fc0","","Global","FUN_004b6630","004b6630","0"
"","Global","FUN_006a20a0","006a20a0","","Global","FUN_004b6780","004b6780","0"
"","ClassLoadedCharacterTable","getPrototypeByFilename","006a2250","","Global","FUN_004b6950","004b6950","0"
"","Global","FUN_006a28d0","006a28d0","","Global","FUN_004466f0","004466f0","0"
"","ClassLoadedCharacterTable","insertPrototype","006a29f0","","Global","FUN_004b72a0","004b72a0","0"
"","Global","FUN_006a2ae0","006a2ae0","","Global","FUN_004b7390","004b7390","0"
"","Global","FUN_006a2b50","006a2b50","","Global","FUN_004b74c0","004b74c0","0"
"","ClassCharacter","removeInstance","006a2cd0","","Global","FUN_004b7690","004b7690","0"
"","MenuDynamicGeometry","resetMaterials","006a2da0","","Global","FUN_004b77c0","004b77c0","0"
"","Global","FUN_006a4620","006a4620","","Global","FUN_004b9730","004b9730","0"
"","Global","FUN_006a4810","006a4810","","Global","FUN_004b9920","004b9920","0"
"","Global","FUN_006a5b20","006a5b20","","Global","FUN_004bad20","004bad20","0"
"","Global","FUN_006a6760","006a6760","","Global","FUN_004c8ab0","004c8ab0","0"
"","Global","FUN_006a6b00","006a6b00","","Global","FUN_004c8ea0","004c8ea0","0"
"","Global","FUN_006a6d00","006a6d00","","Global","FUN_004c9410","004c9410","0"
"","Global","FUN_006a73d0","006a73d0","","Global","FUN_004c9840","004c9840","0"
"","Phyre::CharacterLighting","calcShadeCoeffWithConfidence","006a78f0","","Global","FUN_004c9d30","004c9d30","0"
"","Global","FUN_006a7900","006a7900","","Global","FUN_005044c0","005044c0","0"
"","Global","FUN_006a79a0","006a79a0","","Global","FUN_004c9dc0","004c9dc0","0"
"","Global","FUN_006a8590","006a8590","","Global","FUN_004ca9d0","004ca9d0","0"
"","Global","FUN_006a8620","006a8620","","Global","FUN_004caa60","004caa60","0"
"","Global","FUN_006a86d0","006a86d0","","Global","FUN_004cab20","004cab20","0"
"","Global","FUN_006a8bf0","006a8bf0","","Global","FUN_004cb0b0","004cb0b0","0"
"","Global","FUN_006a8c50","006a8c50","","Global","FUN_004cb110","004cb110","0"
"","Global","FUN_006a8c90","006a8c90","","Global","FUN_004cb150","004cb150","0"
"","Global","FUN_006a8d10","006a8d10","","Global","FUN_004cb1d0","004cb1d0","0"
"","Global","FUN_006a8f90","006a8f90","","Global","FUN_004cb3a0","004cb3a0","0"
"","Global","FUN_006a90d0","006a90d0","","Global","FUN_004cb4e0","004cb4e0","0"
"","Global","FUN_006a9330","006a9330","","Global","FUN_004cb740","004cb740","0"
"","Global","FUN_006a97a0","006a97a0","","Global","FUN_004cbba0","004cbba0","0"
"","Global","FUN_006a9800","006a9800","","Global","FUN_004cbc00","004cbc00","0"
"","Global","FUN_006a9c30","006a9c30","","Global","FUN_004cc030","004cc030","0"
"","Global","FUN_006a9ff0","006a9ff0","","Global","FUN_004cc430","004cc430","0"
"","Global","FUN_006aa050","006aa050","","Global","FUN_004cc490","004cc490","0"
"","Global","FUN_006aa3b0","006aa3b0","","Global","FUN_004cc7e0","004cc7e0","0"
"","Global","FUN_006aa560","006aa560","","Global","FUN_004cca10","004cca10","0"
"","Global","FUN_006aa650","006aa650","","Global","FUN_004ccb00","004ccb00","0"
"","Global","FUN_006aa6d0","006aa6d0","","Global","FUN_004ccb80","004ccb80","0"
"","Global","FUN_006aaa10","006aaa10","","Global","FUN_004ccde0","004ccde0","0"
"","Global","FUN_006aaa70","006aaa70","","Global","FUN_004cce40","004cce40","0"
"","Global","FUN_006aaa90","006aaa90","","Global","FUN_004cce60","004cce60","0"
"","Global","FUN_006aac90","006aac90","","Global","FUN_004cd080","004cd080","0"
"","Global","FUN_006aad40","006aad40","","Global","FUN_004cd130","004cd130","0"
"","Global","FUN_006aae70","006aae70","","Global","FUN_004cd310","004cd310","0"
"","Global","FUN_006aaee0","006aaee0","","Global","FUN_004cd380","004cd380","0"
"","Global","FUN_006aaf90","006aaf90","","Global","FUN_004cd430","004cd430","0"
"","Global","FUN_006aaff0","006aaff0","","Global","FUN_004cd4b0","004cd4b0","0"
"","Phyre::CharacterLightingTweakUtil","setShadeCoeff_dbgHook","006ab110","","Global","FUN_004cd700","004cd700","0"
"","Phyre::CharacterLighting","setShadeColor","006ab160","","Global","FUN_004cd750","004cd750","0"
"","Global","FUN_006ab2d0","006ab2d0","","Global","FUN_004cd810","004cd810","0"
"","Global","FUN_006ab670","006ab670","","Global","FUN_00505330","00505330","0"
"","Global","FUN_006ab690","006ab690","","Global","FUN_004cdbb0","004cdbb0","0"
"","Global","FUN_006ab710","006ab710","","Global","FUN_004cdc30","004cdc30","0"
"","Global","FUN_006ab8f0","006ab8f0","","Global","FUN_004cdd20","004cdd20","0"
"","Global","FUN_006ab960","006ab960","","Global","FUN_004cdd90","004cdd90","0"
"","Global","FUN_006aba10","006aba10","","Global","FUN_004cde80","004cde80","0"
"","Global","FUN_006abaa0","006abaa0","","Global","FUN_004cdf10","004cdf10","0"
"","Global","FUN_006abc30","006abc30","","Global","FUN_004ce0a0","004ce0a0","0"
"","Global","FUN_006abd70","006abd70","","Global","FUN_004ce1e0","004ce1e0","0"
"","Global","FUN_006abf00","006abf00","","Global","FUN_004ce370","004ce370","0"
"","Global","FUN_006abf90","006abf90","","Global","FUN_004ce400","004ce400","0"
"","Global","FUN_006ac0a0","006ac0a0","","Global","FUN_004ce510","004ce510","0"
"","Global","FUN_006ac0d0","006ac0d0","","Global","FUN_004ce540","004ce540","0"
"","Global","FUN_006ac110","006ac110","","Global","FUN_004ce580","004ce580","0"
"","Global","FUN_006ac300","006ac300","","Global","FUN_004ce730","004ce730","0"
"","Global","FUN_006ac5f0","006ac5f0","","Global","FUN_004cea20","004cea20","0"
"","MorphManager","reset","006ac680","","Global","FUN_004ceab0","004ceab0","0"
"","Global","FUN_006ac9c0","006ac9c0","","Global","FUN_004cedf0","004cedf0","0"
"","Global","FUN_006aca50","006aca50","","Global","FUN_004cee80","004cee80","0"
"","Global","FUN_006acb60","006acb60","","Global","FUN_004cef90","004cef90","0"
"","Global","FUN_006acd20","006acd20","","Global","FUN_004cf150","004cf150","0"
"","Global","FUN_006ace70","006ace70","","Global","FUN_004cf2a0","004cf2a0","0"
"","Global","FUN_006ad310","006ad310","","Global","FUN_004cf790","004cf790","0"
"","Global","FUN_006ad6e0","006ad6e0","","Global","FUN_004cfb60","004cfb60","0"
"","Global","FUN_006add90","006add90","","Global","FUN_004d0170","004d0170","0"
"","Global","FUN_006adde0","006adde0","","Global","FUN_004d01c0","004d01c0","0"
"","RenderDelegationHelper","registerDelegation","006adf70","","Global","FUN_004d0350","004d0350","0"
"","Global","FUN_006ae2f0","006ae2f0","","Global","FUN_004d08c0","004d08c0","0"
"","Global","FUN_006ae390","006ae390","","Global","FUN_004d0960","004d0960","0"
"","RenderDelegationHelper","unregisterDelegationOfGivenTaskAndData","006ae490","","Global","FUN_004d0a60","004d0a60","0"
"","Global","FUN_006ae680","006ae680","","Global","FUN_004d0c50","004d0c50","0"
"","ScreenFadeDelegations","registerDelegation","006ae7a0","","Global","FUN_004d0d90","004d0d90","0"
"","Global","FUN_006aeb10","006aeb10","","Global","FUN_004d10e0","004d10e0","0"
"","Global","FUN_006aec70","006aec70","","Global","FUN_004d1240","004d1240","0"
"","Global","FUN_006af220","006af220","","Global","FUN_004d17d0","004d17d0","0"
"","Global","FUN_006af310","006af310","","Global","FUN_004d18c0","004d18c0","0"
"","Global","FUN_006af3c0","006af3c0","","Global","FUN_004d1970","004d1970","0"
"","Global","FUN_006af490","006af490","","Global","FUN_004d1a40","004d1a40","0"
"","Global","FUN_006af570","006af570","","Global","FUN_004d1b20","004d1b20","0"
"","Global","FUN_006af8b0","006af8b0","","Global","FUN_004d1ec0","004d1ec0","0"
"","Global","FUN_006af940","006af940","","Global","FUN_004d1f50","004d1f50","0"
"","Global","FUN_006afaf0","006afaf0","","Global","FUN_004d2100","004d2100","0"
"","Global","FUN_006afeb0","006afeb0","","Global","FUN_004d25b0","004d25b0","0"
"","Global","FUN_006affb0","006affb0","","Global","FUN_004d26b0","004d26b0","0"
"","Global","FUN_006b01f0","006b01f0","","Global","FUN_004d2960","004d2960","0"
"","Global","FUN_006b0270","006b0270","","Global","FUN_004d29e0","004d29e0","0"
"","Global","FUN_006b04f0","006b04f0","","Global","FUN_004d2cc0","004d2cc0","0"
"","Global","FUN_006b1bc0","006b1bc0","","Global","FUN_004d4460","004d4460","0"
"","Global","FUN_006b1cb0","006b1cb0","","Global","FUN_004d4550","004d4550","0"
"","Global","FUN_006b1d90","006b1d90","","Global","FUN_004d4630","004d4630","0"
"","Global","FUN_006b20f0","006b20f0","","Global","FUN_004d49c0","004d49c0","0"
"","Global","FUN_006b22f0","006b22f0","","Global","FUN_004d4bc0","004d4bc0","0"
"","Global","FUN_006b2320","006b2320","","Global","FUN_004d4bf0","004d4bf0","0"
"","Global","FUN_006b23f0","006b23f0","","Global","FUN_004d4cd0","004d4cd0","0"
"","Global","FUN_006b2410","006b2410","","Global","FUN_004d4cf0","004d4cf0","0"
"","Global","FUN_006b24d0","006b24d0","","Global","FUN_004d4db0","004d4db0","0"
"","Global","FUN_006b24f0","006b24f0","","Global","FUN_004d4dd0","004d4dd0","0"
"","Global","FUN_006b2550","006b2550","","Global","FUN_004d4e30","004d4e30","0"
"","Global","FUN_006b2ea0","006b2ea0","","Global","FUN_004d5820","004d5820","0"
"","Global","FUN_006b4090","006b4090","","Global","FUN_004d7340","004d7340","0"
"","Global","FUN_006b43a0","006b43a0","","Global","FUN_004d76a0","004d76a0","0"
"","Global","FUN_006b4aa0","006b4aa0","","Global","FUN_004c7fe0","004c7fe0","0"
"","Global","FUN_006b4be0","006b4be0","","Global","FUN_004c8060","004c8060","0"
"","Global","FUN_006b5500","006b5500","","Global","FUN_004ebe10","004ebe10","0"
"","Global","FUN_006b5670","006b5670","","Global","FUN_004ebf80","004ebf80","0"
"","Global","FUN_006b5920","006b5920","","Global","FUN_004ec250","004ec250","0"
"","Global","FUN_006b5a80","006b5a80","","Global","FUN_004ec3c0","004ec3c0","0"
"","Global","FUN_006b5b60","006b5b60","","Global","FUN_004ec4a0","004ec4a0","0"
"","Global","FUN_006b5bc0","006b5bc0","","Global","FUN_004ec500","004ec500","0"
"","Global","FUN_006b5c70","006b5c70","","Global","FUN_004ec5b0","004ec5b0","0"
"","Global","FUN_006b5d90","006b5d90","","Global","FUN_004ec6d0","004ec6d0","0"
"","Global","FUN_006b6230","006b6230","","Global","FUN_004ecb70","004ecb70","0"
"","Global","FUN_006b62f0","006b62f0","","Global","FUN_004ecc30","004ecc30","0"
"","Global","FUN_006b6550","006b6550","","Global","FUN_004ece90","004ece90","0"
"","Global","FUN_006b6a00","006b6a00","","Global","FUN_004ed2d0","004ed2d0","0"
"","Global","FUN_006b7140","006b7140","","Global","FUN_004ed9d0","004ed9d0","0"
"","Global","FUN_006b8960","006b8960","","Global","FUN_004ef310","004ef310","0"
"","Global","FUN_006b92a0","006b92a0","","Global","FUN_004efe20","004efe20","0"
"","Global","FUN_006b95e0","006b95e0","","Global","FUN_004f0170","004f0170","0"
"","Global","FUN_006b9930","006b9930","","Global","FUN_004f0500","004f0500","0"
"","Global","FUN_006b9e10","006b9e10","","Global","FUN_004f0020","004f0020","0"
"","Global","FUN_006ba420","006ba420","","Global","FUN_004f10a0","004f10a0","0"
"","Global","FUN_006ba750","006ba750","","Global","FUN_004f13d0","004f13d0","0"
"","Global","FUN_006ba880","006ba880","","Global","FUN_004f1500","004f1500","0"
"","Global","FUN_006babe0","006babe0","","Global","FUN_004f1860","004f1860","0"
"","Global","FUN_006bacd0","006bacd0","","Global","FUN_004f1950","004f1950","0"
"","Global","FUN_006bada0","006bada0","","Global","FUN_004f1a20","004f1a20","0"
"","Global","FUN_006bae70","006bae70","","Global","FUN_004f1af0","004f1af0","0"
"","Global","FUN_006bb030","006bb030","","Global","FUN_004f1cb0","004f1cb0","0"
"","Global","FUN_006bb0a0","006bb0a0","","Global","FUN_004f1d20","004f1d20","0"
"","Global","FUN_006bb4f0","006bb4f0","","Global","FUN_004f2170","004f2170","0"
"","Global","FUN_006bb730","006bb730","","Global","FUN_004f23a0","004f23a0","0"
"","Global","FUN_006bb810","006bb810","","Global","FUN_004f2480","004f2480","0"
"","Global","FUN_006bb900","006bb900","","Global","FUN_004f2570","004f2570","0"
"","Global","FUN_006bbab0","006bbab0","","Global","FUN_004f2720","004f2720","0"
"","Global","FUN_006bbbd0","006bbbd0","","Global","FUN_004f2840","004f2840","0"
"","Global","FUN_006bbc70","006bbc70","","Global","FUN_004f28e0","004f28e0","0"
"","Global","FUN_006bbf30","006bbf30","","Global","FUN_004f2b90","004f2b90","0"
"","Global","FUN_006bc230","006bc230","","Global","FUN_004f2e80","004f2e80","0"
"","Global","FUN_006bc270","006bc270","","Global","FUN_004f2ec0","004f2ec0","0"
"","Global","FUN_006bc480","006bc480","","Global","FUN_004f30a0","004f30a0","0"
"","Global","FUN_006bc630","006bc630","","Global","FUN_004f3250","004f3250","0"
"","Global","FUN_006bc700","006bc700","","Global","FUN_004f3320","004f3320","0"
"","Global","FUN_006bc830","006bc830","","Global","FUN_004f3450","004f3450","0"
"","Global","FUN_006bc890","006bc890","","Global","FUN_004f34b0","004f34b0","0"
"","Global","FUN_006bcad0","006bcad0","","Global","FUN_0050c190","0050c190","0"
"","Global","FUN_006bcbd0","006bcbd0","","Global","FUN_0050c270","0050c270","0"
"","Global","FUN_006bcc90","006bcc90","","Global","FUN_0050c330","0050c330","0"
"","Global","FUN_006bcd10","006bcd10","","Global","FUN_0050c3b0","0050c3b0","0"
"","Global","FUN_006bcdf0","006bcdf0","","Global","FUN_0050c4a0","0050c4a0","0"
"","Global","FUN_006bcf00","006bcf00","","Global","FUN_0050c5b0","0050c5b0","0"
"","Global","FUN_006bd2a0","006bd2a0","","Global","FUN_00479a90","00479a90","0"
"","Global","FUN_006bd320","006bd320","","Global","FUN_0050c960","0050c960","0"
"","Global","FUN_006bd470","006bd470","","Global","FUN_004d8110","004d8110","0"
"","Global","FUN_006bd4b0","006bd4b0","","Global","FUN_004d85e0","004d85e0","0"
"","Global","FUN_006bd5a0","006bd5a0","","Global","FUN_004d86d0","004d86d0","0"
"","Global","FUN_006bd610","006bd610","","Global","FUN_004d8740","004d8740","0"
"","Global","FUN_006bd830","006bd830","","Global","FUN_004d8960","004d8960","0"
"","Global","FUN_006bd8c0","006bd8c0","","Global","FUN_004d8a70","004d8a70","0"
"","Global","FUN_006bd9e0","006bd9e0","","Global","FUN_004d8b90","004d8b90","0"
"","Global","FUN_006bdae0","006bdae0","","Global","FUN_004d8c90","004d8c90","0"
"","Global","FUN_006bdf70","006bdf70","","Global","FUN_004d9120","004d9120","0"
"","Global","FUN_006be4e0","006be4e0","","Global","FUN_004d9690","004d9690","0"
"","Global","FUN_006be530","006be530","","Global","FUN_004d96e0","004d96e0","0"
"","Global","FUN_006be632","006be632","","Global","FUN_004d97e2","004d97e2","0"
"","Global","FUN_006befc0","006befc0","","Global","FUN_004dabe0","004dabe0","0"
"","Global","FUN_006bf2b0","006bf2b0","","Global","FUN_004daed0","004daed0","0"
"","Global","FUN_006bf4a0","006bf4a0","","Global","FUN_004db270","004db270","0"
"","Global","FUN_006bfb70","006bfb70","","Global","FUN_004db9d0","004db9d0","0"
"","Global","FUN_006bfed0","006bfed0","","Global","FUN_004dbdd0","004dbdd0","0"
"","Global","FUN_006c13c0","006c13c0","","Global","FUN_004dd4b0","004dd4b0","0"
"","Global","FUN_006c1460","006c1460","","Global","FUN_004dd550","004dd550","0"
"","Global","FUN_006c1520","006c1520","","Global","FUN_004dd610","004dd610","0"
"","Global","FUN_006c15e0","006c15e0","","Global","FUN_004dd6f0","004dd6f0","0"
"","Global","FUN_006c1610","006c1610","","Global","FUN_004dd760","004dd760","0"
"","Global","FUN_006c2060","006c2060","","Global","FUN_004dddd0","004dddd0","0"
"","Global","FUN_006c2150","006c2150","","Global","FUN_004f3840","004f3840","0"
"","Global","FUN_006c2350","006c2350","","Global","FUN_004f3a40","004f3a40","0"
"","Global","FUN_006c23f0","006c23f0","","Global","FUN_004f3ae0","004f3ae0","0"
"","Global","FUN_006c2490","006c2490","","Global","FUN_004f3b80","004f3b80","0"
"","Global","FUN_006c25f0","006c25f0","","Global","FUN_004f3ce0","004f3ce0","0"
"","Global","FUN_006c2a20","006c2a20","","Global","FUN_004f4120","004f4120","0"
"","Global","FUN_006c2ad0","006c2ad0","","Global","FUN_004f41d0","004f41d0","0"
"","Global","FUN_006c2cf0","006c2cf0","","Global","FUN_004f43f0","004f43f0","0"
"","Global","FUN_006c2de0","006c2de0","","Global","FUN_004f44e0","004f44e0","0"
"","Global","FUN_006c3130","006c3130","","Global","FUN_004f4800","004f4800","0"
"","Global","FUN_006c3300","006c3300","","Global","FUN_004f49d0","004f49d0","0"
"","Distortion","updateDistortionBlur","006c3370","","Global","FUN_004f4a40","004f4a40","0"
"","Distortion","updateDistortionVertex","006c3380","","Global","FUN_004f4a50","004f4a50","0"
"","Global","FUN_006c3410","006c3410","","Global","FUN_004f5680","004f5680","0"
"","Global","FUN_006c4160","006c4160","","Global","FUN_004f6600","004f6600","0"
"","Global","FUN_006c4760","006c4760","","Global","FUN_004f6c80","004f6c80","0"
"","Global","FUN_006c4820","006c4820","","Global","FUN_004f6d40","004f6d40","0"
"","Global","FUN_006c48e0","006c48e0","","Global","FUN_004f6e20","004f6e20","0"
"","Global","FUN_006c4ae0","006c4ae0","","Global","FUN_004f70c0","004f70c0","0"
"","Global","FUN_006c4bd0","006c4bd0","","Global","FUN_004f71d0","004f71d0","0"
"","Global","FUN_006c4c40","006c4c40","","Global","FUN_004f7240","004f7240","0"
"","Global","FUN_006c4f40","006c4f40","","Global","FUN_004f75d0","004f75d0","0"
"","Global","FUN_006c5080","006c5080","","Global","FUN_004f7710","004f7710","0"
"","Global","FUN_006c50f0","006c50f0","","Global","FUN_004f7780","004f7780","0"
"","Global","FUN_006c51f0","006c51f0","","Global","FUN_004f7880","004f7880","0"
"","Global","FUN_006c54a0","006c54a0","","Global","FUN_004f7ba0","004f7ba0","0"
"","Global","FUN_006c5520","006c5520","","Global","FUN_004f7c20","004f7c20","0"
"","Global","FUN_006c56b0","006c56b0","","Global","FUN_004f7dc0","004f7dc0","0"
"","Global","FUN_006c58a0","006c58a0","","Global","FUN_004f8ae0","004f8ae0","0"
"","Global","FUN_006c5960","006c5960","","Global","FUN_004f8bb0","004f8bb0","0"
"","Global","FUN_006c7310","006c7310","","Global","FUN_004de1c0","004de1c0","0"
"","Global","FUN_006c7390","006c7390","","Global","FUN_004de2e0","004de2e0","0"
"","Global","FUN_006c7460","006c7460","","Global","FUN_004de3b0","004de3b0","0"
"","Global","FUN_006c7550","006c7550","","Global","FUN_004de4a0","004de4a0","0"
"","Global","FUN_006c7610","006c7610","","Global","FUN_004de560","004de560","0"
"","Global","FUN_006c76a0","006c76a0","","Global","FUN_004de5f0","004de5f0","0"
"","Global","FUN_006c77b0","006c77b0","","Global","FUN_004de700","004de700","0"
"","Global","FUN_006c7870","006c7870","","Global","FUN_004de7c0","004de7c0","0"
"","Global","FUN_006c79d0","006c79d0","","Global","FUN_004de920","004de920","0"
"","Global","FUN_006c7a40","006c7a40","","Global","FUN_004de990","004de990","0"
"","Global","FUN_006c7e00","006c7e00","","Global","FUN_004ded30","004ded30","0"
"","Global","FUN_006c8020","006c8020","","Global","FUN_004defd0","004defd0","0"
"","Global","FUN_006c80c0","006c80c0","","Global","FUN_004df090","004df090","0"
"","ShadowManager","AlreadyinShadowMap","006c8180","","Global","FUN_004df270","004df270","0"
"","Global","FUN_006c9060","006c9060","","Global","FUN_004e04c0","004e04c0","0"
"","Global","FUN_006c9090","006c9090","","Global","FUN_004e04f0","004e04f0","0"
"","Global","FUN_006c9620","006c9620","","Global","FUN_004e0810","004e0810","0"
"","Global","FUN_006c96c0","006c96c0","","Global","FUN_004e08b0","004e08b0","0"
"","Global","FUN_006c98c0","006c98c0","","Global","FUN_004e0ab0","004e0ab0","0"
"","Global","FUN_006ccab0","006ccab0","","Global","FUN_004e3e10","004e3e10","0"
"","Global","FUN_006ccb30","006ccb30","","Global","FUN_004e3eb0","004e3eb0","0"
"","Global","FUN_006ccdf0","006ccdf0","","Global","FUN_004e4130","004e4130","0"
"","Global","FUN_006ce1f0","006ce1f0","","Global","FUN_004e5cd0","004e5cd0","0"
"","Global","FUN_006ce260","006ce260","","Global","FUN_004e64f0","004e64f0","0"
"","ShadowManager","InsertIntoShadowMap_Double","006ce510","","Global","FUN_004e67e0","004e67e0","0"
"","ShadowManager","InsertIntoShadowMap","006ce620","","Global","FUN_004e68f0","004e68f0","0"
"","Global","FUN_006ce700","006ce700","","Global","FUN_004e69f0","004e69f0","0"
"","Global","FUN_006ce7c0","006ce7c0","","Global","FUN_004e6a50","004e6a50","0"
"","Global","FUN_006ceab0","006ceab0","","Global","FUN_004e6c90","004e6c90","0"
"","ShadowManager","RemoveFromShadowMap","006ceb00","","Global","FUN_004e6d20","004e6d20","0"
"","Global","FUN_006cebd0","006cebd0","","Global","FUN_004e6df0","004e6df0","0"
"","Global","FUN_006d1420","006d1420","","Global","FUN_004e9780","004e9780","0"
"","Global","FUN_006d1660","006d1660","","Global","FUN_004e99c0","004e99c0","0"
"","Global","FUN_006d1930","006d1930","","Global","FUN_004e9cc0","004e9cc0","0"
"","Global","FUN_006d19e0","006d19e0","","Global","FUN_004e9d70","004e9d70","0"
"","Global","FUN_006d2440","006d2440","","Global","FUN_004e9fc0","004e9fc0","0"
"","Global","FUN_006d24d0","006d24d0","","Global","FUN_004ea080","004ea080","0"
"","Global","FUN_006d2500","006d2500","","Global","FUN_004ea0b0","004ea0b0","0"
"","Global","FUN_006d2660","006d2660","","Global","FUN_004ea220","004ea220","0"
"","Global","FUN_006d2910","006d2910","","Global","FUN_004ea4d0","004ea4d0","0"
"","Global","FUN_006d2c80","006d2c80","","Global","FUN_004ea850","004ea850","0"
"","Global","FUN_006d2f20","006d2f20","","Global","FUN_004ead70","004ead70","0"
"","Global","FUN_006d3100","006d3100","","Global","FUN_004eaf60","004eaf60","0"
"","Global","FUN_006d45f0","006d45f0","","Global","FUN_004fafb0","004fafb0","0"
"","Global","FUN_006d5d90","006d5d90","","Global","FUN_00430f40","00430f40","0"
"","Global","FUN_006d6120","006d6120","","Global","FUN_004312d0","004312d0","0"
"","Global","FUN_006d6660","006d6660","","Global","FUN_004318e0","004318e0","0"
"","Global","FUN_006d6dd0","006d6dd0","","Global","FUN_00433040","00433040","0"
"","Global","FUN_006d6e00","006d6e00","","Global","FUN_004332f0","004332f0","0"
"","Global","FUN_006d6e30","006d6e30","","Global","FUN_00433320","00433320","0"
"","Global","FUN_006d71f0","006d71f0","","Global","FUN_00433fb0","00433fb0","0"
"","Global","FUN_006d7ec0","006d7ec0","","Global","FUN_00435d20","00435d20","0"
"","Global","FUN_006d80e0","006d80e0","","Global","FUN_00436120","00436120","0"
"","Global","FUN_006d8420","006d8420","","Global","FUN_00436460","00436460","0"
"","Global","FUN_006d8810","006d8810","","Global","FUN_004368a0","004368a0","0"
"","Global","FUN_006d8de0","006d8de0","","Global","FUN_00436ea0","00436ea0","0"
"","Global","FUN_006d9060","006d9060","","Global","FUN_004371f0","004371f0","0"
"","Global","FUN_006d90b0","006d90b0","","Global","FUN_00437240","00437240","0"
"","Global","FUN_006d92b0","006d92b0","","Global","FUN_00437410","00437410","0"
"","Global","FUN_006d94d0","006d94d0","","Global","FUN_00437af0","00437af0","0"
"","PhyFMVPlayerManager","getVideoName","006d9510","","Global","FUN_00437b90","00437b90","0"
"","Global","FUN_006d9590","006d9590","","Global","FUN_00437dc0","00437dc0","0"
"","Global","FUN_006d96a0","006d96a0","","Global","FUN_00437f20","00437f20","0"
"","Global","FUN_006da2d0","006da2d0","","Global","FUN_00438ff0","00438ff0","0"
"","Global","FUN_006da300","006da300","","Global","FUN_004390b0","004390b0","0"
"","Global","FUN_006da320","006da320","","Global","FUN_004390d0","004390d0","0"
"","Global","FUN_006da370","006da370","","Global","FUN_00439150","00439150","0"
"","Global","FUN_006da3d0","006da3d0","","Global","FUN_004391b0","004391b0","0"
"","Global","FUN_006da430","006da430","","Global","FUN_00439210","00439210","0"
"","Global","FUN_006da590","006da590","","Global","FUN_00439430","00439430","0"
"","PhyFMVPlayerManager","pauseMovie","006da5e0","","Global","FUN_00439490","00439490","0"
"","Global","FUN_006da9e0","006da9e0","","Global","FUN_004399e0","004399e0","0"
"","Global","FUN_006daa30","006daa30","","Global","FUN_00439c60","00439c60","0"
"","Global","FUN_006dad20","006dad20","","Global","FUN_0043a600","0043a600","0"
"","Global","FUN_006dae60","006dae60","","Global","FUN_0043a9c0","0043a9c0","0"
"","Global","FUN_006db010","006db010","","Global","FUN_004a0030","004a0030","0"
"","Global","FUN_006db060","006db060","","Global","FUN_004a00e0","004a00e0","0"
"","Global","FUN_006db2b0","006db2b0","","Global","FUN_004a0660","004a0660","0"
"","Global","FUN_006db620","006db620","","Global","FUN_004fd1c0","004fd1c0","0"
"","Global","FUN_006db690","006db690","","Global","FUN_004fd230","004fd230","0"
"","Global","FUN_006db7a0","006db7a0","","Global","FUN_004fd340","004fd340","0"
"","Global","FUN_006db860","006db860","","Global","FUN_004fd400","004fd400","0"
"","Global","FUN_006db8d0","006db8d0","","Global","FUN_004fd470","004fd470","0"
"","Global","FUN_006db930","006db930","","Global","FUN_004fd4d0","004fd4d0","0"
"","Global","FUN_006db9a0","006db9a0","","Global","FUN_004fd540","004fd540","0"
"","Global","FUN_006db9d0","006db9d0","","Global","FUN_004fd570","004fd570","0"
"","Global","FUN_006dba30","006dba30","","Global","FUN_004fd5d0","004fd5d0","0"
"","Global","FUN_006dbb50","006dbb50","","Global","FUN_004fd6f0","004fd6f0","0"
"","Global","FUN_006dbc80","006dbc80","","Global","FUN_004fd820","004fd820","0"
"","Global","FUN_006dbd60","006dbd60","","Global","FUN_004fd900","004fd900","0"
"","Global","FUN_006dbe40","006dbe40","","Global","FUN_004fd9e0","004fd9e0","0"
"","Global","FUN_006dbf30","006dbf30","","Global","FUN_004fdad0","004fdad0","0"
"","Global","FUN_006dbfb0","006dbfb0","","Global","FUN_004fdb50","004fdb50","0"
"","Global","FUN_006dc060","006dc060","","Global","FUN_004fdc00","004fdc00","0"
"","JobSchedule::JobScheduler","waitForComplete","006dc080","","Global","FUN_004fdc20","004fdc20","0"
"","Global","FUN_006dc4a0","006dc4a0","","Global","FUN_004fe040","004fe040","0"
"","Global","FUN_006dc4d0","006dc4d0","","Global","FUN_004fe070","004fe070","0"
"","Global","FUN_006dc550","006dc550","","Global","FUN_004fe0f0","004fe0f0","0"
"","Global","FUN_006dc580","006dc580","","Global","FUN_004fe120","004fe120","0"
"","Global","FUN_006dc800","006dc800","","Global","FUN_004fe3a0","004fe3a0","0"
"","Global","FUN_006dc930","006dc930","","Global","FUN_004fe4e0","004fe4e0","0"
"","Global","FUN_006dc9a0","006dc9a0","","Global","FUN_004fe550","004fe550","0"
"","Global","FUN_006dcbe0","006dcbe0","","Global","FUN_004fe790","004fe790","0"
"","Global","FUN_006dccc0","006dccc0","","Global","FUN_004fe870","004fe870","0"
"","Global","FUN_006dcdc0","006dcdc0","","Global","FUN_004fe970","004fe970","0"
"","Global","FUN_006dce80","006dce80","","Global","FUN_004fea30","004fea30","0"
"","Global","FUN_006dcef0","006dcef0","","Global","FUN_004feaa0","004feaa0","0"
"","Global","FUN_006dcf80","006dcf80","","Global","FUN_004feb30","004feb30","0"
"","Global","FUN_006dd110","006dd110","","Global","FUN_004fecc0","004fecc0","0"
"","Global","FUN_006dd330","006dd330","","Global","FUN_004feee0","004feee0","0"
"","Global","FUN_006dd360","006dd360","","Global","FUN_004fef10","004fef10","0"
"","Global","FUN_006dd4e0","006dd4e0","","Global","FUN_004ff090","004ff090","0"
"","Global","FUN_006dd5e0","006dd5e0","","Global","FUN_004ff190","004ff190","0"
"","Global","FUN_006dd6d0","006dd6d0","","Global","FUN_004ff280","004ff280","0"
"","Global","FUN_006dd990","006dd990","","Global","FUN_004ff540","004ff540","0"
"","Global","FUN_006dd9d0","006dd9d0","","Global","FUN_004ff580","004ff580","0"
"","Global","FUN_006dda50","006dda50","","Global","FUN_004ff600","004ff600","0"
"","Global","FUN_006ddcb0","006ddcb0","","Global","FUN_004ff840","004ff840","0"
"","Global","FUN_006ddd20","006ddd20","","Global","FUN_004ff8b0","004ff8b0","0"
"","Global","FUN_006dddb0","006dddb0","","Global","FUN_004ff940","004ff940","0"
"","Global","FUN_006dde90","006dde90","","Global","FUN_004ffa20","004ffa20","0"
"","Global","FUN_006ddfb0","006ddfb0","","Global","FUN_004ffb40","004ffb40","0"
"","Global","FUN_006ddfe0","006ddfe0","","Global","FUN_004ffb70","004ffb70","0"
"","Global","FUN_006de000","006de000","","Global","FUN_004ffb90","004ffb90","0"
"","Global","FUN_006de050","006de050","","Global","FUN_004ffbe0","004ffbe0","0"
"","Global","FUN_006de070","006de070","","Global","FUN_004ffc00","004ffc00","0"
"","Global","FUN_006de0d0","006de0d0","","Global","FUN_004ffc60","004ffc60","0"
"","Global","FUN_006de100","006de100","","Global","FUN_004ffc90","004ffc90","0"
"","Global","FUN_006de140","006de140","","Global","FUN_004ffcd0","004ffcd0","0"
"","Global","FUN_006de300","006de300","","Global","FUN_0049f240","0049f240","0"
"","Global","FUN_006de4d0","006de4d0","","Global","FUN_0049f410","0049f410","0"
"","Global","FUN_006de500","006de500","","Global","FUN_0049f440","0049f440","0"
"","Global","FUN_006de550","006de550","","Global","FUN_0049f490","0049f490","0"
"","Global","FUN_006de610","006de610","","Global","FUN_0049f550","0049f550","0"
"","Global","FUN_006de660","006de660","","Global","FUN_0049f5a0","0049f5a0","0"
"","Global","FUN_006dea40","006dea40","","Global","FUN_0049f950","0049f950","0"
"","DynGeoMemManager","lockForRecordNumInKeLns","006dec20","","Global","FUN_0049fbd0","0049fbd0","0"
"","Global","FUN_006ded50","006ded50","","Global","FUN_0049fcf0","0049fcf0","0"
"","Global","FUN_006df750","006df750","","Global","FUN_00503d30","00503d30","0"
"","Global","FUN_006e0960","006e0960","","Global","FUN_00500790","00500790","0"
"","Global","FUN_006e0990","006e0990","","Global","FUN_005007c0","005007c0","0"
"","Global","FUN_006e0be0","006e0be0","","Global","FUN_00500a10","00500a10","0"
"","Global","FUN_006e0c80","006e0c80","","Global","FUN_00500ab0","00500ab0","0"
"","Global","FUN_006e0fd0","006e0fd0","","Global","FUN_00500e30","00500e30","0"
"","Global","FUN_006e1920","006e1920","","Global","FUN_00501790","00501790","0"
"","Global","FUN_006e1e70","006e1e70","","Global","FUN_00501ce0","00501ce0","0"
"","Global","FUN_006e1ea0","006e1ea0","","Global","FUN_00501d10","00501d10","0"
"","Global","FUN_006e1f70","006e1f70","","Global","FUN_00501de0","00501de0","0"
"","Global","FUN_006e2110","006e2110","","Global","FUN_00501f80","00501f80","0"
"","Global","FUN_006e2130","006e2130","","Global","FUN_00501fa0","00501fa0","0"
"","Global","FUN_006e2280","006e2280","","Global","FUN_005020f0","005020f0","0"
"","Global","FUN_006e22c0","006e22c0","","Global","FUN_00502130","00502130","0"
"","Global","FUN_006e22f0","006e22f0","","Global","FUN_00502160","00502160","0"
"","Global","FUN_006e23a0","006e23a0","","Global","FUN_00502210","00502210","0"
"","Global","FUN_006e2430","006e2430","","Global","FUN_005022a0","005022a0","0"
"","Global","FUN_006e2500","006e2500","","Global","FUN_00502370","00502370","0"
"","Global","FUN_006e2630","006e2630","","Global","FUN_005024c0","005024c0","0"
"","Global","FUN_006e2710","006e2710","","Global","FUN_005025a0","005025a0","0"
"","Global","FUN_006e2730","006e2730","","Global","FUN_005025e0","005025e0","0"
"","Global","FUN_006e2990","006e2990","","Global","FUN_00502840","00502840","0"
"","Global","FUN_006e2a20","006e2a20","","Global","FUN_005028d0","005028d0","0"
"","Global","FUN_006e2bf0","006e2bf0","","Global","FUN_00502aa0","00502aa0","0"
"","Global","FUN_006e2c40","006e2c40","","Global","FUN_00502af0","00502af0","0"
"","Global","FUN_006e2c60","006e2c60","","Global","FUN_00502b10","00502b10","0"
"","Global","FUN_006e2f20","006e2f20","","Global","FUN_00502dd0","00502dd0","0"
"","Global","FUN_006e2f50","006e2f50","","Global","FUN_00502e00","00502e00","0"
"","Phyre::ClothInstancing","terminate","006e2f70","","Global","FUN_00502e20","00502e20","0"
"","Global","FUN_006e30a0","006e30a0","","Global","FUN_00502f50","00502f50","0"
"","Global","FUN_006e3400","006e3400","","Global","FUN_00504470","00504470","0"
"","Global","FUN_006e3450","006e3450","","Global","FUN_005044f0","005044f0","0"
"","Global","FUN_006e3530","006e3530","","Global","FUN_00504600","00504600","0"
"","Global","FUN_006e35b0","006e35b0","","Global","FUN_00504680","00504680","0"
"","Global","FUN_006e3620","006e3620","","Global","FUN_00504770","00504770","0"
"","Global","FUN_006e36f0","006e36f0","","Global","FUN_00504840","00504840","0"
"","Global","FUN_006e3820","006e3820","","Global","FUN_00504940","00504940","0"
"","Global","FUN_006e3900","006e3900","","Global","FUN_00504a20","00504a20","0"
"","Global","FUN_006e3cb0","006e3cb0","","Global","FUN_00504dd0","00504dd0","0"
"","Global","FUN_006e4040","006e4040","","Global","FUN_00505350","00505350","0"
"","Global","FUN_006e4150","006e4150","","Global","FUN_00466480","00466480","0"
"","DepthBiasHooks","clearDepthBias","006e41e0","","Global","FUN_00507de0","00507de0","0"
"","Global","FUN_006e5100","006e5100","","Global","FUN_005090e0","005090e0","0"
"","Global","FUN_006e5120","006e5120","","Global","FUN_00509100","00509100","0"
"","Global","FUN_006e54f0","006e54f0","","Global","FUN_004eb650","004eb650","0"
"","Global","FUN_006e55c0","006e55c0","","Global","FUN_004eb720","004eb720","0"
"","Global","FUN_006e55f0","006e55f0","","Global","FUN_004eb750","004eb750","0"
"","Global","FUN_006e5740","006e5740","","Global","FUN_004eb8a0","004eb8a0","0"
"","Global","FUN_006e57d0","006e57d0","","Global","FUN_0049f0d0","0049f0d0","0"
"","Global","FUN_006e5990","006e5990","","Global","FUN_00503890","00503890","0"
"","Global","FUN_006e59b0","006e59b0","","Global","FUN_005038b0","005038b0","0"
"","Global","FUN_006e59f0","006e59f0","","Global","FUN_005038f0","005038f0","0"
"","Global","FUN_006e5af0","006e5af0","","Global","FUN_00503a60","00503a60","0"
"","Global","FUN_006e6290","006e6290","","Global","FUN_00504060","00504060","0"
"","Global","FUN_006e6520","006e6520","","Global","FUN_0050cac0","0050cac0","0"
"","RemapButtonIcon","remapButtonIcon","006e6b10","","Global","FUN_0050d2e0","0050d2e0","0"
"","Global","FUN_006e6b50","006e6b50","","Global","FUN_0050d320","0050d320","0"
"","RemapButtonIcon","resetButtonIconScale","006e77e0","","Global","FUN_0050e090","0050e090","0"
"","Global","FUN_006e7870","006e7870","","Global","FUN_0050e120","0050e120","0"
"","Global","FUN_006e7900","006e7900","","Global","FUN_004a17d0","004a17d0","0"
"","Global","FUN_006e79d0","006e79d0","","Global","FUN_004a18a0","004a18a0","0"
"","Global","FUN_006e79f0","006e79f0","","Global","FUN_004a18c0","004a18c0","0"
"","Global","FUN_006e7a10","006e7a10","","Global","FUN_004a1900","004a1900","0"
"","Global","FUN_006e7a70","006e7a70","","Global","FUN_004a1960","004a1960","0"
"","Global","FUN_006e7e70","006e7e70","","Global","FUN_004a1d50","004a1d50","0"
"","Global","FUN_006e8040","006e8040","","Global","FUN_004a1f20","004a1f20","0"
"","Global","FUN_006e8160","006e8160","","Global","FUN_004a2040","004a2040","0"
"","Global","FUN_006e8280","006e8280","","Global","FUN_004a2160","004a2160","0"
"","Global","FUN_006e8330","006e8330","","Global","FUN_004a2210","004a2210","0"
"","Global","FUN_006e84d0","006e84d0","","Global","FUN_004a23b0","004a23b0","0"
"","Global","FUN_006e8680","006e8680","","Global","FUN_004a2560","004a2560","0"
"","Global","FUN_006e8730","006e8730","","Global","FUN_0050f040","0050f040","0"
"","Global","FUN_006e8840","006e8840","","Global","FUN_0050f150","0050f150","0"
"","Global","FUN_006e8950","006e8950","","Global","FUN_0050f270","0050f270","0"
"","Global","FUN_006e89d0","006e89d0","","Global","FUN_0050f420","0050f420","0"
"","Global","FUN_006e89f0","006e89f0","","Global","FUN_0050f440","0050f440","0"
"","Global","FUN_006e8ab0","006e8ab0","","Global","FUN_0050f500","0050f500","0"
"","Global","FUN_006e9190","006e9190","","Global","FUN_0050fbe0","0050fbe0","0"
"","Global","FUN_006e92c0","006e92c0","","Global","FUN_0050fd10","0050fd10","0"
"","Global","FUN_006e9390","006e9390","","Global","FUN_0050fe30","0050fe30","0"
"","Global","FUN_006e9530","006e9530","","Global","FUN_0050ffd0","0050ffd0","0"
"","Global","FUN_006e9650","006e9650","","Global","FUN_005100f0","005100f0","0"
"","Global","FUN_006e96b0","006e96b0","","Global","FUN_00510150","00510150","0"
"","Global","FUN_006e96d0","006e96d0","","Global","FUN_00510170","00510170","0"
"","Global","FUN_006e9800","006e9800","","Global","FUN_005102a0","005102a0","0"
"","Global","FUN_006e9840","006e9840","","Global","FUN_005102e0","005102e0","0"
"","Global","FUN_006e98f0","006e98f0","","Global","FUN_00510390","00510390","0"
"","Global","FUN_006e9c20","006e9c20","","Global","FUN_00511260","00511260","0"
"","Global","FUN_006e9ea0","006e9ea0","","Global","FUN_005114e0","005114e0","0"
"","Global","FUN_006e9f10","006e9f10","","Global","FUN_00511550","00511550","0"
"","Global","FUN_006e9f40","006e9f40","","Global","FUN_00511580","00511580","0"
"","Global","FUN_006ea170","006ea170","","Global","FUN_005117b0","005117b0","0"
"","Global","FUN_006ea190","006ea190","","Global","FUN_005117d0","005117d0","0"
"","Global","FUN_006ea280","006ea280","","Global","FUN_005118c0","005118c0","0"
"","Global","FUN_006ea2c0","006ea2c0","","Global","FUN_00511900","00511900","0"
"","Global","FUN_006ea3c0","006ea3c0","","Global","FUN_00511a00","00511a00","0"
"","Global","FUN_006ea590","006ea590","","Global","FUN_00511bd0","00511bd0","0"
"","Global","FUN_006ea730","006ea730","","Global","FUN_00511d70","00511d70","0"
"","Global","FUN_006ea940","006ea940","","Global","FUN_00511f80","00511f80","0"
"","Global","FUN_006ea954","006ea954","","Global","FUN_00511f94","00511f94","0"
"","Global","FUN_006eab70","006eab70","","Global","FUN_005121b0","005121b0","0"
"","Global","FUN_006eac10","006eac10","","Global","FUN_00512250","00512250","0"
"","Global","FUN_006eac50","006eac50","","Global","FUN_00512290","00512290","0"
"","Global","FUN_006eafb0","006eafb0","","Global","FUN_005125f0","005125f0","0"
"","Global","FUN_006eb2e0","006eb2e0","","Global","FUN_00512920","00512920","0"
"","Global","FUN_006eb310","006eb310","","Global","FUN_00512950","00512950","0"
"","Global","FUN_006eb520","006eb520","","Global","FUN_00512b60","00512b60","0"
"","Global","FUN_006eb680","006eb680","","Global","FUN_00512cc0","00512cc0","0"
"","Global","FUN_006eba90","006eba90","","Global","FUN_005130d0","005130d0","0"
"","Global","FUN_006ebc80","006ebc80","","Global","FUN_005132c0","005132c0","0"
"","Global","FUN_006ebce0","006ebce0","","Global","FUN_00513320","00513320","0"
"","Global","FUN_006ebd40","006ebd40","","Global","FUN_00513380","00513380","0"
"","Global","FUN_006ebdc0","006ebdc0","","Global","FUN_00513400","00513400","0"
"","Global","FUN_006ebe70","006ebe70","","Global","FUN_005134b0","005134b0","0"
"","Global","FUN_006ebee0","006ebee0","","Global","FUN_00513520","00513520","0"
"","Global","FUN_006ebf80","006ebf80","","Global","FUN_005135c0","005135c0","0"
"","Global","mspace_free","006ec020","","Global","FUN_00513660","00513660","0"
"","Global","FUN_006ec680","006ec680","","Global","FUN_00513cc0","00513cc0","0"
"","Global","FUN_006ec6b0","006ec6b0","","Global","FUN_00513cf0","00513cf0","0"
"","Global","FUN_006ec6d0","006ec6d0","","Global","FUN_00513d10","00513d10","0"
"","Global","FUN_006ec700","006ec700","","Global","FUN_00513d40","00513d40","0"
"","Global","mspace_memalign","006eca10","","Global","FUN_00514050","00514050","0"
"","Global","FUN_006eca60","006eca60","","Global","FUN_005140a0","005140a0","0"
"","Global","FUN_006ecac0","006ecac0","","Global","FUN_00514100","00514100","0"
"","Global","FUN_006ecb70","006ecb70","","Global","FUN_005141b0","005141b0","0"
"","Global","FUN_006ecc80","006ecc80","","Global","FUN_005095e0","005095e0","0"
"","Global","FUN_006ecd30","006ecd30","","Global","FUN_00509690","00509690","0"
"","Global","FUN_006ece50","006ece50","","Global","FUN_005097b0","005097b0","0"
"","Global","FUN_006ecea0","006ecea0","","Global","FUN_00509800","00509800","0"
"","Global","FUN_006ecf20","006ecf20","","Global","FUN_00509880","00509880","0"
"","Global","FUN_006ecfa0","006ecfa0","","Global","FUN_00509900","00509900","0"
"","Global","FUN_006ed0c0","006ed0c0","","Global","FUN_00509a40","00509a40","0"
"","Global","FUN_006ed280","006ed280","","Global","FUN_00509c00","00509c00","0"
"","Global","FUN_006ed2c0","006ed2c0","","Global","FUN_00509c40","00509c40","0"
"","Global","FFXVu0AddVector","006ed3d0","","Global","FUN_00509d60","00509d60","0"
"","Global","FFXVu0DivVectorXYZ","006ed560","","Global","FUN_0050a000","0050a000","0"
"","Global","FFXVu0LightColorMatrix","006ed630","","Global","FUN_0050a0c0","0050a0c0","0"
"","Global","FFXVu0MulVector","006ed710","","Global","FUN_0050a1a0","0050a1a0","0"
"","Global","FFXVu0OuterProduct","006ed860","","Global","FUN_0050a320","0050a320","0"
"","Global","FFXVu0ScaleVector","006eda30","","Global","FUN_0050a6c0","0050a6c0","0"
"","Global","FFXVu0SubVector","006eda80","","Global","FUN_0050a770","0050a770","0"
"","Global","FUN_006edaf0","006edaf0","","Global","FUN_0050a850","0050a850","0"
"","Global","FUN_006edb20","006edb20","","Global","FUN_0050a880","0050a880","0"
"","Global","FUN_006ee3b0","006ee3b0","","Global","FUN_0050b110","0050b110","0"
"","Global","FUN_006ee6b0","006ee6b0","","Global","FUN_0050b410","0050b410","0"
"","Global","FUN_006eef80","006eef80","","Global","FUN_0050bce0","0050bce0","0"
"","Global","crossAssertIsValidFloat","006ef410","","Global","FUN_004a7090","004a7090","0"
"","Global","FUN_006ef460","006ef460","","Global","FUN_0051c5d0","0051c5d0","0"
"","Global","FUN_006ef770","006ef770","","Global","FUN_0051c8f0","0051c8f0","0"
"","Global","FUN_006f0160","006f0160","","Global","FUN_0051cff0","0051cff0","0"
"","Global","FUN_006f0190","006f0190","","Global","FUN_0051d020","0051d020","0"
"","Global","FUN_006f01b0","006f01b0","","Global","FUN_0051d040","0051d040","0"
"","Global","FUN_006f03d0","006f03d0","","Global","FUN_0051d270","0051d270","0"
"","Global","FUN_006f0600","006f0600","","Global","FUN_0051d4c0","0051d4c0","0"
"","Global","FUN_006f0650","006f0650","","Global","FUN_0051d510","0051d510","0"
"","Global","FUN_006f0770","006f0770","","Global","FUN_0051d630","0051d630","0"
"","Global","FUN_006f07b0","006f07b0","","Global","FUN_0051d670","0051d670","0"
"","Global","FUN_006f0820","006f0820","","Global","FUN_0051d6e0","0051d6e0","0"
"","Global","FUN_006f12b0","006f12b0","","Global","FUN_0050e770","0050e770","0"
"","Global","FUN_006f12e0","006f12e0","","Global","FUN_0050e7a0","0050e7a0","0"
"","Global","FUN_006f14b0","006f14b0","","Global","FUN_0050e970","0050e970","0"
"","Global","FUN_006f1500","006f1500","","Global","FUN_0050e9c0","0050e9c0","0"
"","Global","FUN_006f1560","006f1560","","Global","FUN_0050ea20","0050ea20","0"
"","Global","FUN_006f1650","006f1650","","Global","FUN_0050ebd0","0050ebd0","0"
"","Global","+AchievementTryObtainPlat","006f1690","","Global","FUN_0050ec10","0050ec10","0"
"","Global","FUN_006f1730","006f1730","","Global","FUN_0050ecb0","0050ecb0","0"
"","Global","FUN_006f19f0","006f19f0","","Global","FUN_0050ef70","0050ef70","0"
"","Global","FUN_006f1a40","006f1a40","","Global","FUN_0050efc0","0050efc0","0"
"","Global","FUN_006f1c40","006f1c40","","Global","FUN_0051e5c0","0051e5c0","0"
"","Global","FUN_006f1d00","006f1d00","","Global","FUN_0051e680","0051e680","0"
"","Global","FUN_006f1d50","006f1d50","","Global","FUN_0051e6d0","0051e6d0","0"
"","Global","FUN_006f1f50","006f1f50","","Global","FUN_0051e900","0051e900","0"
"","Global","FUN_006f1f80","006f1f80","","Global","FUN_0051e930","0051e930","0"
"","Global","FUN_006f1fd0","006f1fd0","","Global","FUN_0051e980","0051e980","0"
"","Global","FUN_006f22a0","006f22a0","","Global","FUN_0051ec20","0051ec20","0"
"","Global","FUN_006f2370","006f2370","","Global","FUN_0051ed00","0051ed00","0"
"","Global","FUN_006f23a0","006f23a0","","Global","FUN_0051ed30","0051ed30","0"
"","SaveDataManager","preDebugSave","006f2550","","Global","FUN_0051eee0","0051eee0","0"
"","Global","FUN_006f2570","006f2570","","Global","FUN_0051ef00","0051ef00","0"
"","Global","FUN_006f2590","006f2590","","Global","FUN_0051ef20","0051ef20","0"
"","SaveDataManager","setSaveDataIconString","006f2670","","Global","FUN_0051eff0","0051eff0","0"
"","SaveDataManager","setSaveDataInfo","006f26a0","","Global","FUN_0051f020","0051f020","0"
"","Global","FUN_006f2730","006f2730","","Global","FUN_0051f0a0","0051f0a0","0"
"","Global","FUN_006f2770","006f2770","","Global","FUN_0051f0e0","0051f0e0","0"
"","Global","FUN_006f2890","006f2890","","Global","FUN_0051f200","0051f200","0"
"","Global","FUN_006f2910","006f2910","","Global","FUN_005142b0","005142b0","0"
"","Global","FUN_006f2a40","006f2a40","","Global","FUN_00514410","00514410","0"
"","Global","FUN_006f2ab0","006f2ab0","","Global","FUN_00514480","00514480","0"
"","Global","FUN_006f2b30","006f2b30","","Global","FUN_00514500","00514500","0"
"","Global","FUN_006f2bc0","006f2bc0","","Global","FUN_00514570","00514570","0"
"","Global","FUN_006f2bf0","006f2bf0","","Global","FUN_004a0f20","004a0f20","0"
"","Global","FUN_006f2c50","006f2c50","","Global","FUN_005145d0","005145d0","0"
"","Global","FUN_006f2ca0","006f2ca0","","Global","FUN_00514620","00514620","0"
"","Global","FUN_006f2d40","006f2d40","","Global","FUN_005146c0","005146c0","0"
"","Global","FUN_006f2d70","006f2d70","","Global","FUN_005146f0","005146f0","0"
"","Global","FUN_006f2e50","006f2e50","","Global","FUN_005147d0","005147d0","0"
"","Global","SleepThreadInMillisecond","006f2e60","","Global","FUN_005147e0","005147e0","0"
"","Global","FUN_006f2e70","006f2e70","","Global","FUN_005147f0","005147f0","0"
"","Global","FUN_006f2e90","006f2e90","","Global","FUN_00514810","00514810","0"
"","Global","FUN_006f2ec0","006f2ec0","","Global","FUN_00514840","00514840","0"
"","Global","FUN_006f2ee0","006f2ee0","","Global","FUN_00514860","00514860","0"
"","Global","FUN_006f2f50","006f2f50","","Global","FUN_005148d0","005148d0","0"
"","Global","FUN_006f2fd0","006f2fd0","","Global","FUN_00514950","00514950","0"
"","Global","FUN_006f3010","006f3010","","Global","FUN_00514990","00514990","0"
"","Global","FUN_006f3040","006f3040","","Global","FUN_005149c0","005149c0","0"
"","Global","FUN_006f30b0","006f30b0","","Global","FUN_00514a30","00514a30","0"
"","Global","FUN_006f3190","006f3190","","Global","FUN_00514b10","00514b10","0"
"","Global","FUN_006f3580","006f3580","","Global","FUN_00518ef0","00518ef0","0"
"","Global","FUN_006f35f0","006f35f0","","Global","FUN_00518f60","00518f60","0"
"","Global","FUN_006f36f0","006f36f0","","Global","FUN_00519060","00519060","0"
"","Global","FUN_006f3b00","006f3b00","","Global","FUN_005195c0","005195c0","0"
"","Global","FUN_006f3c20","006f3c20","","Global","FUN_005196e0","005196e0","0"
"","Global","FUN_006f3da0","006f3da0","","Global","FUN_00519860","00519860","0"
"","Global","FUN_006f4150","006f4150","","Global","FUN_00519c10","00519c10","0"
"","AssetListReader","clear","006f4170","","Global","FUN_00519c30","00519c30","0"
"","Global","FUN_006f4270","006f4270","","Global","FUN_00519d70","00519d70","0"
"","AssetListReader","getAssetCount","006f42b0","","Global","FUN_00519d90","00519d90","0"
"","Global","FUN_006f42d0","006f42d0","","Global","FUN_00519db0","00519db0","0"
"","AssetListReader","getAssetPath","006f42f0","","Global","FUN_00519dd0","00519dd0","0"
"","Global","FUN_006f4340","006f4340","","Global","FUN_00519e20","00519e20","0"
"","AssetListReader","getSymbolId","006f4490","","Global","FUN_00519f70","00519f70","0"
"","Global","FUN_006f4550","006f4550","","Global","FUN_0051a030","0051a030","0"
"","AssetListReader","isModel","006f47f0","","Global","FUN_0051a2d0","0051a2d0","0"
"","Global","FUN_006f54d0","006f54d0","","Global","FUN_0051b160","0051b160","0"
"","Global","FUN_006f5560","006f5560","","Global","FUN_0051b1f0","0051b1f0","0"
"","Global","FUN_006f5630","006f5630","","Global","FUN_0051b2c0","0051b2c0","0"
"","Global","FUN_006f5c20","006f5c20","","Global","FUN_00514c30","00514c30","0"
"","Global","FUN_006f5c90","006f5c90","","Global","FUN_00514cc0","00514cc0","0"
"","Global","FUN_006f5d80","006f5d80","","Global","FUN_00514de0","00514de0","0"
"","Global","FUN_006f5f20","006f5f20","","Global","FUN_00514fe0","00514fe0","0"
"","Global","FUN_006f5f70","006f5f70","","Global","FUN_00515030","00515030","0"
"","Global","FUN_006f61b0","006f61b0","","Global","FUN_00515270","00515270","0"
"","Global","FUN_006f61e0","006f61e0","","Global","FUN_005152a0","005152a0","0"
"","Global","FUN_006f64b0","006f64b0","","Global","FUN_00515590","00515590","0"
"","Global","FUN_006f6530","006f6530","","Global","FUN_005156e0","005156e0","0"
"","Global","FUN_006f6560","006f6560","","Global","FUN_00515710","00515710","0"
"","Global","FUN_006f6600","006f6600","","Global","FUN_005157b0","005157b0","0"
"","Global","FUN_006f6640","006f6640","","Global","FUN_005157f0","005157f0","0"
"","Global","FUN_006f66f0","006f66f0","","Global","FUN_005158a0","005158a0","0"
"","Global","FUN_006f6780","006f6780","","Global","FUN_00515930","00515930","0"
"","Global","FUN_006f67b0","006f67b0","","Global","FUN_00515960","00515960","0"
"","Global","FUN_006f69a0","006f69a0","","Global","FUN_00515b50","00515b50","0"
"","Global","FUN_006f6a70","006f6a70","","Global","FUN_00515c60","00515c60","0"
"","Global","FUN_006f6a90","006f6a90","","Global","FUN_00515cf0","00515cf0","0"
"","Global","FUN_006f6b30","006f6b30","","Global","FUN_00515d90","00515d90","0"
"","Global","FUN_006f6bd0","006f6bd0","","Global","FUN_0051b540","0051b540","0"
"","Global","FUN_006f6d40","006f6d40","","Global","FUN_0051b6b0","0051b6b0","0"
"","Global","FUN_006f72b0","006f72b0","","Global","FUN_0051be40","0051be40","0"
"","Global","FUN_006f7550","006f7550","","Global","FUN_0051c1a0","0051c1a0","0"
"","Global","FUN_006f7850","006f7850","","Global","FUN_0051c310","0051c310","0"
"","Global","FUN_006f7880","006f7880","","Global","FUN_0051c340","0051c340","0"
"","Global","FUN_006f78d0","006f78d0","","Global","FUN_0051c390","0051c390","0"
"","Global","FUN_006f7900","006f7900","","Global","FUN_0051c3c0","0051c3c0","0"
"","Global","FUN_006f7960","006f7960","","Global","FUN_0051c420","0051c420","0"
"","Global","FUN_006f79b0","006f79b0","","Global","FUN_0051c470","0051c470","0"
"","Global","FUN_006f79e0","006f79e0","","Global","FUN_0051c4a0","0051c4a0","0"
"","Global","FUN_006f7a20","006f7a20","","Global","FUN_0051c4e0","0051c4e0","0"
"","Global","FUN_006f7a50","006f7a50","","Global","FUN_0051c510","0051c510","0"
"","Global","FUN_006f7f40","006f7f40","","Global","FUN_0051f750","0051f750","0"
"","Global","FUN_006f81c0","006f81c0","","Global","FUN_0051f9d0","0051f9d0","0"
"","Global","FUN_006f8930","006f8930","","Global","FUN_0051fe90","0051fe90","0"
"","Global","FUN_006f9260","006f9260","","Global","FUN_00520490","00520490","0"
"","Global","FUN_006f9b10","006f9b10","","Global","FUN_00520d40","00520d40","0"
"","Global","FUN_006f9c60","006f9c60","","Global","FUN_0049b870","0049b870","0"
"","PhyreFIOS","LoadPrxInProgress","006f9c80","","Global","FUN_0049b890","0049b890","0"
"","PhyreFIOS","LoadsPrx","006f9ca0","","Global","FUN_0049b8b0","0049b8b0","0"
"","Global","MagicDLLAsyncLoad","006f9da0","","Global","FUN_0049b9b0","0049b9b0","0"
"","PhyreFIOS","UnloadPrx","006f9e00","","Global","FUN_0049ba10","0049ba10","0"
"","PhyreFIOSStreamFile","getFileSize","006f9e30","","Global","FUN_0049ba40","0049ba40","0"
"","PhyreFIOSStreamFile","seek","006f9e60","","Global","FUN_0049ba80","0049ba80","0"
"","Global","FUN_006f9e90","006f9e90","","Global","FUN_004a0c30","004a0c30","0"
"","Global","FUN_006fa050","006fa050","","Global","FUN_004a0e00","004a0e00","0"
"","Global","FUN_006fa150","006fa150","","Global","FUN_004a0f50","004a0f50","0"
"","Global","FUN_006fa210","006fa210","","Global","FUN_004a1010","004a1010","0"
"","Global","FUN_006fa270","006fa270","","Global","FUN_004a1070","004a1070","0"
"","Global","FUN_006fa2f0","006fa2f0","","Global","FUN_004a10f0","004a10f0","0"
"","FmodManager","signalMusicStart","006fa770","","Global","FUN_004a15b0","004a15b0","0"
"","Global","FUN_006fa7a0","006fa7a0","","Global","FUN_004a15e0","004a15e0","0"
"","Global","FUN_006fa7e0","006fa7e0","","Global","FUN_004a1620","004a1620","0"
"","Global","FUN_006fa8c0","006fa8c0","","Global","FUN_004a1700","004a1700","0"
"","Global","FUN_006fa9b0","006fa9b0","","Global","FUN_00520eb0","00520eb0","0"
"","Global","FUN_006fae70","006fae70","","Global","FUN_00521370","00521370","0"
"","Global","FUN_006fafc0","006fafc0","","Global","FUN_005214c0","005214c0","0"
"","SyncManager","syncDataChange","006fb070","","Global","FUN_00521570","00521570","0"
"","SyncManager","syncDataChangeAsync","006fb160","","Global","FUN_00521660","00521660","0"
"","SyncManager","syncDataChangeAsyncTask","006fb210","","Global","FUN_00521710","00521710","0"
"","Global","FUN_006fb240","006fb240","","Global","FUN_00521740","00521740","0"
"","Global","FUN_006fb400","006fb400","","Global","FUN_00521900","00521900","0"
"","Global","FUN_006fb460","006fb460","","Global","FUN_00521960","00521960","0"
"","Global","FUN_006fb4f0","006fb4f0","","Global","FUN_005219f0","005219f0","0"
"","Global","FUN_006fb580","006fb580","","Global","FUN_00521a80","00521a80","0"
"","Global","FUN_006fb5f0","006fb5f0","","Global","FUN_00521af0","00521af0","0"
"","Global","FUN_006fb6b0","006fb6b0","","Global","FUN_00521bb0","00521bb0","0"
"","Global","user_aligned_free","006fb7a0","","Global","FUN_00521ca0","00521ca0","0"
"","Global","FUN_006fb850","006fb850","","Global","FUN_00521d50","00521d50","0"
"","Global","FUN_006fb900","006fb900","","Global","FUN_00521e00","00521e00","0"
"","Global","user_free","006fb990","","Global","FUN_00521e90","00521e90","0"
"","Global","FUN_006fb9f0","006fb9f0","","Global","FUN_00521ef0","00521ef0","0"
"","Global","FUN_006fba90","006fba90","","Global","FUN_00521f90","00521f90","0"
"","Global","FUN_006fbb70","006fbb70","","Global","FUN_00522070","00522070","0"
"","Global","FUN_006fbbe0","006fbbe0","","Global","FUN_005220e0","005220e0","0"
"","Global","FUN_006fcb30","006fcb30","","Global","FUN_00524aa0","00524aa0","0"
"","Global","FUN_006fcbd0","006fcbd0","","Global","FUN_00524b40","00524b40","0"
"","Global","FUN_006fcca0","006fcca0","","Global","FUN_00524c10","00524c10","0"
"","Global","FUN_006fcd40","006fcd40","","Global","FUN_00524cb0","00524cb0","0"
"","Global","FUN_006fcd50","006fcd50","","Global","FUN_00524cc0","00524cc0","0"
"","Global","FUN_006fcd80","006fcd80","","Global","FUN_00524d00","00524d00","0"
"","Global","FUN_006fee40","006fee40","","Global","FUN_00526dd0","00526dd0","0"
"","Global","FUN_006feed0","006feed0","","Global","FUN_00526e60","00526e60","0"
"","Global","FUN_006ff110","006ff110","","Global","FUN_005270a0","005270a0","0"
"","Global","FUN_006ff140","006ff140","","Global","FUN_005270d0","005270d0","0"
"","Global","FUN_006ff290","006ff290","","Global","FUN_00527220","00527220","0"
"","Global","FUN_006ff2c0","006ff2c0","","Global","FUN_00527250","00527250","0"
"","Global","FUN_006ff330","006ff330","","Global","FUN_005272c0","005272c0","0"
"","Global","FUN_006ff370","006ff370","","Global","FUN_00527300","00527300","0"
"","Global","FUN_006ff570","006ff570","","Global","FUN_00527500","00527500","0"
"","Global","FUN_006ff590","006ff590","","Global","FUN_00527520","00527520","0"
"","Global","FUN_006ff6d0","006ff6d0","","Global","FUN_00527660","00527660","0"
"","Global","FUN_006ff700","006ff700","","Global","FUN_00527690","00527690","0"
"","Global","FUN_006ff740","006ff740","","Global","FUN_005276d0","005276d0","0"
"","Global","FUN_006ff850","006ff850","","Global","FUN_005277e0","005277e0","0"
"","Global","FUN_006ffb00","006ffb00","","Global","FUN_00527a90","00527a90","0"
"","Global","FUN_006ffb80","006ffb80","","Global","FUN_00516130","00516130","0"
"","Global","FUN_006ffc90","006ffc90","","Global","FUN_00527b10","00527b10","0"
"","Global","FUN_006ffd10","006ffd10","","Global","FUN_00527bb0","00527bb0","0"
"","Global","FUN_006ffd30","006ffd30","","Global","FUN_00527bd0","00527bd0","0"
"","Global","FUN_006ffd60","006ffd60","","Global","FUN_00527c00","00527c00","0"
"","Global","FUN_007014c0","007014c0","","Global","FUN_00529400","00529400","0"
"","Global","FUN_00701980","00701980","","Global","FUN_005298e0","005298e0","0"
"","Global","FUN_007019b8","007019b8","","Global","FUN_00529918","00529918","0"
"","Global","FUN_00701a10","00701a10","","Global","FUN_00529970","00529970","0"
"","Global","FUN_00701a90","00701a90","","Global","FUN_005299f0","005299f0","0"
"","Global","FUN_00701cc0","00701cc0","","Global","FUN_00529c20","00529c20","0"
"","Global","FUN_00702330","00702330","","Global","FUN_0052a340","0052a340","0"
"","Global","FUN_00702670","00702670","","Global","FUN_0052a6b0","0052a6b0","0"
"","Global","FUN_00702ac0","00702ac0","","Global","FUN_0052ab50","0052ab50","0"
"","Global","FUN_00702cc0","00702cc0","","Global","FUN_0052ae10","0052ae10","0"
"","Global","FUN_00702db0","00702db0","","Global","FUN_0052af00","0052af00","0"
"","Global","FUN_00702e70","00702e70","","Global","FUN_0052b100","0052b100","0"
"","Global","FUN_00702f70","00702f70","","Global","FUN_0052b200","0052b200","0"
"","Global","FUN_00702fe0","00702fe0","","Global","FUN_0052b260","0052b260","0"
"","Global","FUN_007030e0","007030e0","","Global","FUN_0052b400","0052b400","0"
"","Global","FUN_00703160","00703160","","Global","FUN_0052b480","0052b480","0"
"","Global","FUN_00703320","00703320","","Global","FUN_0052b630","0052b630","0"
"","Global","FUN_00703570","00703570","","Global","FUN_0052b880","0052b880","0"
"","Global","FUN_00703a00","00703a00","","Global","FUN_0052bcf0","0052bcf0","0"
"","Global","FUN_00703b10","00703b10","","Global","FUN_0052be00","0052be00","0"
"","Global","FUN_00703b40","00703b40","","Global","FUN_0052be30","0052be30","0"
"","Global","FUN_00703c50","00703c50","","Global","FUN_0052bf40","0052bf40","0"
"","Global","FUN_00703cb0","00703cb0","","Global","FUN_0052bfa0","0052bfa0","0"
"","Global","FUN_00703d20","00703d20","","Global","FUN_0052c010","0052c010","0"
"","Global","FUN_00703de0","00703de0","","Global","FUN_0052c0d0","0052c0d0","0"
"","Global","FUN_00703e20","00703e20","","Global","FUN_0052c110","0052c110","0"
"","Global","FUN_00703e70","00703e70","","Global","FUN_0052c160","0052c160","0"
"","Global","FUN_00703f20","00703f20","","Global","FUN_0052c210","0052c210","0"
"","Global","FUN_00703f90","00703f90","","Global","FUN_0052c280","0052c280","0"
"","Global","FUN_00704090","00704090","","Global","FUN_0052c380","0052c380","0"
"","Global","FUN_00704130","00704130","","Global","FUN_0052c420","0052c420","0"
"","Global","FUN_007041d0","007041d0","","Global","FUN_0052c4c0","0052c4c0","0"
"","Global","FUN_00704250","00704250","","Global","FUN_0052c540","0052c540","0"
"","cdc::Vector","SafeNormalize3","007042f0","","Global","FUN_0052c5e0","0052c5e0","0"
"","Global","FUN_00704390","00704390","","Global","FUN_0052c680","0052c680","0"
"","Global","FUN_00704460","00704460","","Global","FUN_0052c760","0052c760","0"
"","Global","FUN_007044c0","007044c0","","Global","FUN_0052c7c0","0052c7c0","0"
"","Global","FUN_00704530","00704530","","Global","FUN_0052c830","0052c830","0"
"","Global","FUN_007045c0","007045c0","","Global","FUN_0052c8c0","0052c8c0","0"
"","Global","FUN_007045f0","007045f0","","Global","FUN_0052c8f0","0052c8f0","0"
"","Global","FUN_007046f0","007046f0","","Global","FUN_0052c9f0","0052c9f0","0"
"","Global","FUN_00704750","00704750","","Global","FUN_0052ca50","0052ca50","0"
"","Global","FUN_00704850","00704850","","Global","FUN_0052cb50","0052cb50","0"
"","Global","FUN_00704950","00704950","","Global","FUN_0052cc50","0052cc50","0"
"","Global","FUN_007049a0","007049a0","","Global","FUN_0052cca0","0052cca0","0"
"","Global","FUN_00704af0","00704af0","","Global","FUN_0052cdf0","0052cdf0","0"
"","Global","FUN_00704c30","00704c30","","Global","FUN_0052cf30","0052cf30","0"
"","Global","FUN_00704c70","00704c70","","Global","FUN_0052cf70","0052cf70","0"
"","Global","FUN_00704cf0","00704cf0","","Global","FUN_0052cff0","0052cff0","0"
"","Global","FUN_00704da0","00704da0","","Global","FUN_0052d0a0","0052d0a0","0"
"","Global","FUN_00704dc0","00704dc0","","Global","FUN_0052d0c0","0052d0c0","0"
"","cdc","GeneralInverse4x4","00704ec0","","Global","FUN_0052d1a0","0052d1a0","0"
"","Global","FUN_00705600","00705600","","Global","FUN_0052db30","0052db30","0"
"","Global","FUN_007056e0","007056e0","","Global","FUN_0052dc10","0052dc10","0"
"","Global","FUN_00705760","00705760","","Global","FUN_0052dc90","0052dc90","0"
"","Global","FUN_007057c0","007057c0","","Global","FUN_0052dcf0","0052dcf0","0"
"","cdc","Mul3x4","00705940","","Global","FUN_0052de70","0052de70","0"
"","cdc","Mul4x4","007059e0","","Global","FUN_0052df10","0052df10","0"
"","cdc","Mul4x4","00705aa0","","Global","FUN_0052dfd0","0052dfd0","0"
"","Global","FUN_00705d60","00705d60","","Global","FUN_0052e290","0052e290","0"
"","Global","FUN_00705de0","00705de0","","Global","FUN_0052e310","0052e310","0"
"","cdc","OrthonormalInverse3x4","00705ea0","","Global","FUN_0052e3d0","0052e3d0","0"
"","cdc::Matrix","RotX","00705fc0","","Global","FUN_0052e4f0","0052e4f0","0"
"","cdc::Matrix","RotY","00706090","","Global","FUN_0052e5c0","0052e5c0","0"
"","cdc::Matrix","RotZ","00706160","","Global","FUN_0052e690","0052e690","0"
"","Global","FUN_007062b0","007062b0","","Global","FUN_0052e7e0","0052e7e0","0"
"","Global","FUN_007063a0","007063a0","","Global","FUN_0052e8d0","0052e8d0","0"
"","Global","FUN_007064b0","007064b0","","Global","FUN_0052e9e0","0052e9e0","0"
"","Global","FUN_007064e0","007064e0","","Global","FUN_0052ea10","0052ea10","0"
"","Global","FUN_00706580","00706580","","Global","FUN_005222e0","005222e0","0"
"","Global","FUN_00706680","00706680","","Global","FUN_005223e0","005223e0","0"
"","Global","FUN_00706790","00706790","","Global","FUN_005224f0","005224f0","0"
"","Global","FUN_007067a0","007067a0","","Global","FUN_00522500","00522500","0"
"","Global","FUN_007067c0","007067c0","","Global","FUN_00522520","00522520","0"
"","Global","FUN_00706800","00706800","","Global","FUN_00522560","00522560","0"
"","Global","FUN_00706820","00706820","","Global","FUN_00522580","00522580","0"
"","Global","FUN_00706910","00706910","","Global","FUN_00522670","00522670","0"
"","Global","FUN_00706a10","00706a10","","Global","FUN_00522770","00522770","0"
"","Global","FUN_00706a70","00706a70","","Global","FUN_005227d0","005227d0","0"
"","Global","FUN_00706af0","00706af0","","Global","FUN_00522850","00522850","0"
"","Global","FUN_00706c20","00706c20","","Global","FUN_00522980","00522980","0"
"","Global","FUN_00706d10","00706d10","","Global","FUN_00522a40","00522a40","0"
"","Global","FUN_00706f10","00706f10","","Global","FUN_00522cc0","00522cc0","0"
"","Global","FUN_00707040","00707040","","Global","FUN_00522dd0","00522dd0","0"
"","Global","FUN_00707060","00707060","","Global","FUN_00522df0","00522df0","0"
"","Global","FUN_00707090","00707090","","Global","FUN_00522e20","00522e20","0"
"","Global","FUN_007070c0","007070c0","","Global","FUN_00522e50","00522e50","0"
"","Global","FUN_007070e0","007070e0","","Global","FUN_00522e70","00522e70","0"
"","Global","FUN_007071c0","007071c0","","Global","FUN_00522f90","00522f90","0"
"","Global","FUN_007072d0","007072d0","","Global","FUN_005230a0","005230a0","0"
"","Global","FUN_007073e0","007073e0","","Global","FUN_005231b0","005231b0","0"
"","Global","FUN_00707510","00707510","","Global","FUN_005232e0","005232e0","0"
"","Global","FUN_00707650","00707650","","Global","FUN_00523420","00523420","0"
"","Global","FUN_00707680","00707680","","Global","FUN_00523450","00523450","0"
"","Global","FUN_00707ac0","00707ac0","","Global","FUN_00523890","00523890","0"
"","Global","FUN_00707b40","00707b40","","Global","FUN_00523910","00523910","0"
"","Global","FUN_00707b90","00707b90","","Global","FUN_00523960","00523960","0"
"","Global","FUN_00707c10","00707c10","","Global","FUN_005239e0","005239e0","0"
"","Global","FUN_00707e60","00707e60","","Global","FUN_00523c20","00523c20","0"
"","Global","FUN_00707f10","00707f10","","Global","FUN_00523cd0","00523cd0","0"
"","Global","FUN_00708140","00708140","","Global","FUN_00523f00","00523f00","0"
"","Global","FUN_00708370","00708370","","Global","FUN_005240f0","005240f0","0"
"","Global","FUN_007083c0","007083c0","","Global","FUN_00524150","00524150","0"
"","Global","FUN_007085c0","007085c0","","Global","FUN_0052eab0","0052eab0","0"
"","Global","FUN_00708600","00708600","","Global","FUN_0052eaf0","0052eaf0","0"
"","Global","FUN_00708690","00708690","","Global","FUN_0052eb80","0052eb80","0"
"","Global","FUN_007086d0","007086d0","","Global","FUN_0052ebc0","0052ebc0","0"
"","Global","FUN_00708f40","00708f40","","Global","FUN_0052f2b0","0052f2b0","0"
"","Global","FUN_00709150","00709150","","Global","FUN_0052f4c0","0052f4c0","0"
"","Global","FUN_00709e70","00709e70","","Global","FUN_00530080","00530080","0"
"","Global","FUN_0070a230","0070a230","","Global","FUN_005303d0","005303d0","0"
"","Global","FUN_0070a420","0070a420","","Global","FUN_005305b0","005305b0","0"
"","Global","FUN_0070a590","0070a590","","Global","FUN_00530720","00530720","0"
"","Global","FUN_0070a680","0070a680","","Global","FUN_00530810","00530810","0"
"","Global","FUN_0070ab20","0070ab20","","Global","FUN_00531250","00531250","0"
"","Global","FUN_0070ade0","0070ade0","","Global","FUN_00531510","00531510","0"
"","Global","FUN_0070b1a0","0070b1a0","","Global","FUN_00531930","00531930","0"
"","Global","FUN_0070b250","0070b250","","Global","FUN_005319e0","005319e0","0"
"","Global","FUN_0070b3a0","0070b3a0","","Global","FUN_00531b30","00531b30","0"
"","Global","FUN_0070b420","0070b420","","Global","FUN_00531bb0","00531bb0","0"
"","Global","FUN_0070b460","0070b460","","Global","FUN_00531bf0","00531bf0","0"
"","Global","FUN_0070b520","0070b520","","Global","FUN_00531c70","00531c70","0"
"","Global","FUN_0070b8e0","0070b8e0","","Global","FUN_00531fe0","00531fe0","0"
"","Global","FUN_0070b970","0070b970","","Global","FUN_00532070","00532070","0"
"","Global","FUN_0070c580","0070c580","","Global","FUN_00532ca0","00532ca0","0"
"","Global","FUN_0070cf70","0070cf70","","Global","FUN_005336b0","005336b0","0"
"","Global","FUN_0070cff0","0070cff0","","Global","FUN_00533800","00533800","0"
"","Global","FUN_0070d9d0","0070d9d0","","Global","FUN_00533f30","00533f30","0"
"","Global","FUN_0070da10","0070da10","","Global","FUN_00533f70","00533f70","0"
"","Global","FUN_0070db70","0070db70","","Global","FUN_005340c0","005340c0","0"
"","Global","FUN_0070dc70","0070dc70","","Global","FUN_005341c0","005341c0","0"
"","Global","FUN_0070dc90","0070dc90","","Global","FUN_005341e0","005341e0","0"
"","Global","FUN_0070ddf0","0070ddf0","","Global","FUN_00534340","00534340","0"
"","Global","FUN_0070e390","0070e390","","Global","FUN_005348a0","005348a0","0"
"","Global","FUN_0070e3b0","0070e3b0","","Global","FUN_005348c0","005348c0","0"
"","Global","FUN_0070e4e0","0070e4e0","","Global","FUN_005349f0","005349f0","0"
"","Global","FUN_0070e530","0070e530","","Global","FUN_00534a40","00534a40","0"
"","Global","FUN_0070e7a0","0070e7a0","","Global","FUN_00534d10","00534d10","0"
"","Global","FUN_0070e7d0","0070e7d0","","Global","FUN_00534d40","00534d40","0"
"","Global","FUN_0070e7f0","0070e7f0","","Global","FUN_00534d60","00534d60","0"
"","Global","FUN_0070e930","0070e930","","Global","FUN_00534ea0","00534ea0","0"
"","Global","FUN_0070ea80","0070ea80","","Global","FUN_00535000","00535000","0"
"","Global","FUN_0070eae0","0070eae0","","Global","FUN_00535060","00535060","0"
"","Global","FUN_0070eb00","0070eb00","","Global","FUN_00535080","00535080","0"
"","Global","FUN_0070eba0","0070eba0","","Global","FUN_00535120","00535120","0"
"","Global","FUN_0070ec20","0070ec20","","Global","FUN_005351a0","005351a0","0"
"","Global","FUN_0070ec70","0070ec70","","Global","FUN_005351f0","005351f0","0"
"","Global","FUN_0070ece0","0070ece0","","Global","FUN_00535260","00535260","0"
"","Global","FUN_0070ed20","0070ed20","","Global","FUN_005352a0","005352a0","0"
"","Global","FUN_0070ee10","0070ee10","","Global","FUN_00535390","00535390","0"
"","Global","FUN_0070ef70","0070ef70","","Global","FUN_005354f0","005354f0","0"
"","Global","FUN_0070f060","0070f060","","Global","FUN_005355e0","005355e0","0"
"","Global","FUN_0070f1e0","0070f1e0","","Global","FUN_00535760","00535760","0"
"","Global","FUN_0070f220","0070f220","","Global","FUN_005357a0","005357a0","0"
"","Global","FUN_0070f280","0070f280","","Global","FUN_00535800","00535800","0"
"","Global","FUN_0070f3f0","0070f3f0","","Global","FUN_00535970","00535970","0"
"","Global","FUN_0070f570","0070f570","","Global","FUN_00535af0","00535af0","0"
"","Global","FUN_0070f660","0070f660","","Global","FUN_00535be0","00535be0","0"
"","Global","FUN_0070f6a0","0070f6a0","","Global","FUN_00535c20","00535c20","0"
"","Global","FUN_0070f840","0070f840","","Global","FUN_00535dc0","00535dc0","0"
"","Global","FUN_0070fa10","0070fa10","","Global","FUN_00535f90","00535f90","0"
"","Global","FUN_0070fb60","0070fb60","","Global","FUN_005360e0","005360e0","0"
"","Global","FUN_0070fc00","0070fc00","","Global","FUN_00536180","00536180","0"
"","Global","FUN_0070fdb0","0070fdb0","","Global","FUN_00536330","00536330","0"
"","Global","FUN_00710030","00710030","","Global","FUN_005365b0","005365b0","0"
"","Global","FUN_00710260","00710260","","Global","FUN_005367e0","005367e0","0"
"","Global","FUN_00710370","00710370","","Global","FUN_005368f0","005368f0","0"
"","Global","FUN_00710450","00710450","","Global","FUN_005369d0","005369d0","0"
"","Global","FUN_00710860","00710860","","Global","FUN_00536de0","00536de0","0"
"","Global","FUN_00710a40","00710a40","","Global","FUN_00536fc0","00536fc0","0"
"","Global","FUN_00710bc0","00710bc0","","Global","FUN_00537140","00537140","0"
"","Global","FUN_00710d30","00710d30","","Global","FUN_005372b0","005372b0","0"
"","Global","FUN_00711060","00711060","","Global","FUN_007fda80","007fda80","0"
"","Global","InitVFXRenderDataRects","00711430","","Global","FUN_007fdde0","007fdde0","0"
"","Global","InitVFXRenderDataShapeField","007114b0","","Global","FUN_007fde60","007fde60","0"
"","Global","FUN_007116f0","007116f0","","Global","FUN_007fe210","007fe210","0"
"","Global","FUN_00711760","00711760","","Global","FUN_007fe340","007fe340","0"
"","Global","FUN_00711910","00711910","","Global","FUN_007fe650","007fe650","0"
"","Global","UpdatePhyreViewProjectionMatrix","007119f0","","Global","FUN_007fe730","007fe730","0"
"","Global","calculateVFXSP_ZMat","00712de0","","Global","FUN_00800070","00800070","0"
"","Global","getAlphaForShpIgnoreAnFormatBaseOnSh","00716630","","Global","FUN_00804200","00804200","0"
"","Global","hashU","00716650","","Global","FUN_008042a0","008042a0","0"
"","Global","pppMemAlloc","00716b10","","Global","FUN_008059c0","008059c0","0"
"","Global","pppMemFree","00716b70","","Global","FUN_00805a20","00805a20","0"
"","Global","pppOtFunc_InitEnv","00716c50","","Global","FUN_00805bc0","00805bc0","0"
"","Global","FUN_0071e410","0071e410","","Global","FUN_0080e9d0","0080e9d0","0"
"","Global","useExtendedAlpha","0071e540","","Global","FUN_0080eb00","0080eb00","0"
"","Global","FUN_0071ef60","0071ef60","","Global","FUN_007f4b00","007f4b00","0"
"","Global","FUN_00726a90","00726a90","","Global","FUN_007f9fe0","007f9fe0","0"
"","Global","FUN_007288a0","007288a0","","Global","FUN_007fd5e0","007fd5e0","0"
"","Global","FUN_00728b50","00728b50","","Global","FUN_00656140","00656140","0"
"","Global","FUN_00728b80","00728b80","","Global","FUN_00656430","00656430","0"
"","Global","FUN_00728e60","00728e60","","Global","FUN_0080f2b0","0080f2b0","0"
"","Global","pppFpGetHeapSize","00729380","","Global","FUN_0080f7f0","0080f7f0","0"
"","Global","pppFpInitHeapDisplay","00729ad0","","Global","FUN_008101c0","008101c0","0"
"","Global","pppFpPointLightProc","0072a080","","Global","FUN_00810720","00810720","0"
"","Global","FUN_0072a8a0","0072a8a0","","Global","FUN_00811090","00811090","0"
"","Global","FUN_0072ab30","0072ab30","","Global","FUN_008114a0","008114a0","0"
"","Global","FUN_0072abb0","0072abb0","","Global","FUN_00811520","00811520","0"
"","Global","FUN_0072c5c0","0072c5c0","","Global","FUN_00813ed0","00813ed0","0"
"","Global","pppFree","0072c600","","Global","FUN_00813f10","00813f10","0"
"","Global","pppGetRotMatrixX","0072c820","","Global","FUN_00813fe0","00813fe0","0"
"","Global","pppGetRotMatrixY","0072ca10","","Global","FUN_008141d0","008141d0","0"
"","Global","pppGetRotMatrixZ","0072cc00","","Global","FUN_008143c0","008143c0","0"
"","Global","FUN_00731410","00731410","","Global","FUN_0081dfa0","0081dfa0","0"
"","Global","pppSRandFV","007326c0","","Global","FUN_0081f530","0081f530","0"
"","Global","FUN_00732ea0","00732ea0","","Global","FUN_0081fde0","0081fde0","0"
"","Global","FUN_007337b0","007337b0","","Global","FUN_008207c0","008207c0","0"
"","Global","FUN_007341c0","007341c0","","Global","FUN_00821410","00821410","0"
"","Global","pppMatrixLoc","00734200","","Global","FUN_00821450","00821450","0"
"","Global","pppMatrixScl","00734240","","Global","FUN_00821490","00821490","0"
"","Global","FUN_007342b0","007342b0","","Global","FUN_00821500","00821500","0"
"","Global","FUN_007344d0","007344d0","","Global","FUN_00821720","00821720","0"
"","Global","FUN_00734b70","00734b70","","Global","FUN_00822500","00822500","0"
"","Global","FUN_007351d0","007351d0","","Global","FUN_00655b00","00655b00","0"
"","Global","pppKeThCon","00736520","","Global","FUN_00815b30","00815b30","0"
"","Global","pppKeThCon2","007365a0","","Global","FUN_00815bb0","00815bb0","0"
"","Global","FUN_00736db0","00736db0","","Global","FUN_008163d0","008163d0","0"
"","Global","FUN_00736ef0","00736ef0","","Global","FUN_00816500","00816500","0"
"","Global","pppKeThTpCon","00736f20","","Global","FUN_00816530","00816530","0"
"","Global","pppKeThSft","00736f50","","Global","FUN_008242b0","008242b0","0"
"","Global","pppKeThSftCon","007371f0","","Global","FUN_00824550","00824550","0"
"","Global","FUN_007374e0","007374e0","","Global","FUN_00822ef0","00822ef0","0"
"","Global","FUN_00737510","00737510","","Global","FUN_0067cf10","0067cf10","0"
"","Global","FUN_00737690","00737690","","Global","FUN_006b40c0","006b40c0","0"
"","Global","FUN_0073abc0","0073abc0","","Global","FUN_008270f0","008270f0","0"
"","Global","FUN_0073b870","0073b870","","Global","FUN_00827a10","00827a10","0"
"","Global","FUN_007404b0","007404b0","","Global","FUN_0082b9a0","0082b9a0","0"
"","Global","FUN_00740a20","00740a20","","Global","FUN_0082bcd0","0082bcd0","0"
"","Global","FUN_00741630","00741630","","Global","FUN_0082d490","0082d490","0"
"","Global","FUN_00741aa0","00741aa0","","Global","FUN_0082d750","0082d750","0"
"","Global","FUN_007431b0","007431b0","","Global","FUN_0082e920","0082e920","0"
"","Global","FUN_007456d0","007456d0","","Global","FUN_00830880","00830880","0"
"","Global","FUN_0074b740","0074b740","","Global","FUN_006564f0","006564f0","0"
"","Global","FUN_00750120","00750120","","Global","FUN_0083bc00","0083bc00","0"
"","Global","pppKeShpTail3","00750390","","Global","FUN_0083be10","0083be10","0"
"","Global","FUN_00753170","00753170","","Global","FUN_0083ed90","0083ed90","0"
"","Global","FUN_00753f80","00753f80","","Global","FUN_00840db0","00840db0","0"
"","Global","FUN_00753fb0","00753fb0","","Global","FUN_00840de0","00840de0","0"
"","Global","FUN_00754000","00754000","","Global","FUN_00840e30","00840e30","0"
"","Global","FUN_00754270","00754270","","Global","FUN_008410a0","008410a0","0"
"","Global","FUN_00754350","00754350","","Global","FUN_00841180","00841180","0"
"","Global","FUN_007550b0","007550b0","","Global","FUN_00841ff0","00841ff0","0"
"","Global","FUN_007567d0","007567d0","","Global","FUN_00842b90","00842b90","0"
"","Global","FUN_00756810","00756810","","Global","FUN_00842bd0","00842bd0","0"
"","Global","FUN_00757290","00757290","","Global","FUN_00843480","00843480","0"
"","Global","FUN_00757340","00757340","","Global","FUN_008425b0","008425b0","0"
"","Global","FUN_00757370","00757370","","Global","FUN_00843550","00843550","0"
"","Global","FUN_00757430","00757430","","Global","FUN_00843610","00843610","0"
"","Global","FUN_007596d0","007596d0","","Global","FUN_008469e0","008469e0","0"
"","Global","pppKeGrvTgt","007598a0","","Global","FUN_008166a0","008166a0","0"
"","Global","FUN_00759920","00759920","","Global","FUN_00816720","00816720","0"
"","Global","FUN_00759cb0","00759cb0","","Global","FUN_00816a40","00816a40","0"
"","Global","pppKeLnsLpSft","0075a020","","Global","FUN_00846fe0","00846fe0","0"
"","Global","pppKeLnsClmCon","0075a460","","Global","FUN_00847450","00847450","0"
"","Global","pppKeLnsClmTCon","0075a590","","Global","FUN_00847580","00847580","0"
"","Global","pppKeLnsLpCon","0075b020","","Global","FUN_00847f80","00847f80","0"
"","Global","FUN_0075bb00","0075bb00","","Global","FUN_006ad580","006ad580","0"
"","Global","FUN_0075c2a0","0075c2a0","","Global","FUN_00817810","00817810","0"
"","Global","FUN_0075c750","0075c750","","Global","FUN_00817ce0","00817ce0","0"
"","Global","FUN_0075cee0","0075cee0","","Global","FUN_00818490","00818490","0"
"","Global","FUN_0075cfb0","0075cfb0","","Global","FUN_00818e70","00818e70","0"
"","Global","FUN_0075d0a0","0075d0a0","","Global","FUN_00818f50","00818f50","0"
"","Global","pppColor","0075d2e0","","Global","FUN_00819180","00819180","0"
"","Global","pppColorCon","0075d330","","Global","FUN_008191d0","008191d0","0"
"","Global","FUN_0075d680","0075d680","","Global","FUN_00819d40","00819d40","0"
"","Global","FUN_0075d6c0","0075d6c0","","Global","FUN_00819d80","00819d80","0"
"","Global","FUN_0075d7f0","0075d7f0","","Global","FUN_00819eb0","00819eb0","0"
"","Global","FUN_0075d8e0","0075d8e0","","Global","FUN_00819fa0","00819fa0","0"
"","Global","pppKeMvYpEff","0075e400","","Global","FUN_0081aa40","0081aa40","0"
"","Global","pppKeDrct","0075e520","","Global","FUN_0081ab60","0081ab60","0"
"","Global","pppKeDrctCon","0075e560","","Global","FUN_0081aba0","0081aba0","0"
"","Global","FUN_0075e580","0075e580","","Global","FUN_00681210","00681210","0"
"","Global","FUN_0075e820","0075e820","","Global","FUN_006c6d50","006c6d50","0"
"","Global","FUN_0075e960","0075e960","","Global","FUN_00656470","00656470","0"
"","Global","FUN_0075ec30","0075ec30","","Global","FUN_008501d0","008501d0","0"
"","Global","FUN_0075ece0","0075ece0","","Global","FUN_00850280","00850280","0"
"","Global","KeVu0AddVecXYZ","0075ed90","","Global","FUN_00850330","00850330","0"
"","Global","FUN_0075ee50","0075ee50","","Global","FUN_008503f0","008503f0","0"
"","Global","KeVu0CopyVecXYZ","0075eed0","","Global","FUN_00850470","00850470","0"
"","Global","FUN_0075ef60","0075ef60","","Global","FUN_00850500","00850500","0"
"","Global","FUN_0075efc0","0075efc0","","Global","FUN_00850560","00850560","0"
"","Global","FUN_0075f0d0","0075f0d0","","Global","FUN_00850670","00850670","0"
"","Global","FUN_0075f100","0075f100","","Global","FUN_008506a0","008506a0","0"
"","Global","FUN_0075f400","0075f400","","Global","FUN_008509a0","008509a0","0"
"","Global","FUN_0075fd00","0075fd00","","Global","FUN_00851190","00851190","0"
"","Global","FUN_0075fdc0","0075fdc0","","Global","FUN_00851250","00851250","0"
"","Global","KeVu0VecLen","0075fe90","","Global","FUN_00851320","00851320","0"
"","Global","FUN_0075ff40","0075ff40","","Global","FUN_0067be40","0067be40","0"
"","Global","FUN_00762640","00762640","","Global","FUN_00811700","00811700","0"
"","Global","FUN_007630e0","007630e0","","Global","FUN_00851380","00851380","0"
"","Global","FUN_00763120","00763120","","Global","FUN_008513c0","008513c0","0"
"","Global","KeThCp_Init","007648f0","","Global","FUN_00852b40","00852b40","0"
"","Global","FUN_00764d30","00764d30","","Global","FUN_00852f00","00852f00","0"
"","Global","FUN_00764e20","00764e20","","Global","FUN_00852ff0","00852ff0","0"
"","Global","FUN_00764e70","00764e70","","Global","FUN_00853040","00853040","0"
"","Global","InitVFXKeThRenderData","007659a0","","Global","FUN_00853c20","00853c20","0"
"","Global","FUN_00766000","00766000","","Global","FUN_00854200","00854200","0"
"","Global","FUN_007665e0","007665e0","","Global","FUN_008549e0","008549e0","0"
"","Global","FUN_00766bd0","00766bd0","","Global","FUN_00854d50","00854d50","0"
"","Global","FUN_00766cd0","00766cd0","","Global","FUN_00854e60","00854e60","0"
"","Global","FUN_00766d10","00766d10","","Global","FUN_00854ea0","00854ea0","0"
"","Global","FUN_00766d40","00766d40","","Global","FUN_00854ed0","00854ed0","0"
"","Global","FUN_00766e00","00766e00","","Global","FUN_00854f90","00854f90","0"
"","Global","FUN_00766f50","00766f50","","Global","FUN_008550e0","008550e0","0"
"","Global","FUN_00767000","00767000","","Global","FUN_00855190","00855190","0"
"","Global","FUN_00767060","00767060","","Global","FUN_008551f0","008551f0","0"
"","Global","KeMdl_MkTkClut","00767610","","Global","FUN_00855570","00855570","0"
"","Global","FUN_007677e0","007677e0","","Global","FUN_00811a10","00811a10","0"
"","Global","FUN_00767800","00767800","","Global","FUN_0067bec0","0067bec0","0"
"","Global","KeLnsClm_Init","00769db0","","Global","FUN_00856170","00856170","0"
"","Global","KeLnsLp_Init","0076a780","","Global","FUN_008569c0","008569c0","0"
"","Global","FUN_0076b2f0","0076b2f0","","Global","FUN_006c6440","006c6440","0"
"","Global","FUN_0076b7a0","0076b7a0","","Global","FUN_006c66e0","006c66e0","0"
"","Global","FUN_0076bee0","0076bee0","","Global","FUN_005383d0","005383d0","0"
"","Global","FUN_0076c550","0076c550","","Global","FUN_00538940","00538940","0"
"","Global","FUN_0076c5a0","0076c5a0","","Global","FUN_00538990","00538990","0"
"","Global","FUN_0076c620","0076c620","","Global","FUN_00538a10","00538a10","0"
"","Global","FUN_0076cf60","0076cf60","","Global","FUN_00538e00","00538e00","0"
"","Global","FUN_0076d0a0","0076d0a0","","Global","FUN_00538f60","00538f60","0"
"","Global","FUN_0076d0c0","0076d0c0","","Global","FUN_00538f80","00538f80","0"
"","Global","FUN_0076d100","0076d100","","Global","FUN_00538ff0","00538ff0","0"
"","Global","FUN_0076d1f0","0076d1f0","","Global","FUN_005390e0","005390e0","0"
"","Global","FUN_0076d250","0076d250","","Global","FUN_00539140","00539140","0"
"","Global","FUN_0076d550","0076d550","","Global","FUN_00539480","00539480","0"
"","Global","cd_file_sector","0076d620","","Global","FUN_00539550","00539550","0"
"","Global","FUN_0076d640","0076d640","","Global","FUN_00539570","00539570","0"
"","Global","FUN_0076d710","0076d710","","Global","FUN_00539640","00539640","0"
"","Global","check_ex_file_size","0076d770","","Global","FUN_005396a0","005396a0","0"
"","Global","FUN_0076dd30","0076dd30","","Global","FUN_00539c00","00539c00","0"
"","Global","FUN_0076de20","0076de20","","Global","FUN_00539d30","00539d30","0"
"","Global","FUN_0076df80","0076df80","","Global","FUN_00539e90","00539e90","0"
"","Global","FUN_0076dfa0","0076dfa0","","Global","FUN_00539eb0","00539eb0","0"
"","Global","FUN_0076dfd0","0076dfd0","","Global","FUN_00539ee0","00539ee0","0"
"","Global","FUN_0076e050","0076e050","","Global","FUN_00539f60","00539f60","0"
"","Global","FUN_0076e090","0076e090","","Global","FUN_00539fa0","00539fa0","0"
"","Global","FUN_0076e240","0076e240","","Global","FUN_0053a150","0053a150","0"
"","Global","sa_read_callback","0076e750","","Global","FUN_0053a6e0","0053a6e0","0"
"","Global","FUN_0076e9a0","0076e9a0","","Global","FUN_0053a9c0","0053a9c0","0"
"","Global","FUN_00773910","00773910","","Global","FUN_0053f600","0053f600","0"
"","Global","FUN_00773990","00773990","","Global","FUN_0053f620","0053f620","0"
"","Global","FUN_00773c20","00773c20","","Global","FUN_0053f420","0053f420","0"
"","Global","FUN_00773d70","00773d70","","Global","FUN_0053f440","0053f440","0"
"","Global","FUN_00777100","00777100","","Global","FUN_0053bb80","0053bb80","0"
"","Global","FUN_00777420","00777420","","Global","FUN_0053beb0","0053beb0","0"
"","Global","FUN_00777480","00777480","","Global","FUN_0053bf10","0053bf10","0"
"","Global","FUN_00777710","00777710","","Global","FUN_0053c090","0053c090","0"
"","Global","FUN_007777a0","007777a0","","Global","FUN_0053c120","0053c120","0"
"","Global","FUN_00777f90","00777f90","","Global","FUN_0053c8f0","0053c8f0","0"
"","Global","get_hdd_name","00777fb0","","Global","FUN_0053c910","0053c910","0"
"","Global","FUN_00777fd0","00777fd0","","Global","FUN_0053c930","0053c930","0"
"","Global","FUN_00778640","00778640","","Global","FUN_0053cfd0","0053cfd0","0"
"","Global","FUN_007786d0","007786d0","","Global","FUN_0053d060","0053d060","0"
"","Global","FUN_007787e0","007787e0","","Global","FUN_0053d180","0053d180","0"
"","Global","FUN_00778a50","00778a50","","Global","FUN_0053d570","0053d570","0"
"","Global","hdd_head_reset","00778ad0","","Global","FUN_0053d630","0053d630","0"
"","Global","hdd_install_init","007793d0","","Global","FUN_0053e090","0053e090","0"
"","Global","hdd_rmode_get","00779660","","Global","FUN_0053e390","0053e390","0"
"","Global","FUN_00779680","00779680","","Global","FUN_0053e3b0","0053e3b0","0"
"","Global","FUN_00779b70","00779b70","","Global","FUN_0053e8f0","0053e8f0","0"
"","Global","FUN_00779e10","00779e10","","Global","FUN_0053eb80","0053eb80","0"
"","Global","FUN_0077a270","0077a270","","Global","FUN_0053b150","0053b150","0"
"","Global","FUN_0077a2c0","0077a2c0","","Global","FUN_0053b1a0","0053b1a0","0"
"","Global","FUN_0077a420","0077a420","","Global","FUN_0053b300","0053b300","0"
"","Global","FUN_0077a480","0077a480","","Global","FUN_0053b360","0053b360","0"
"","Global","FUN_0077a4e0","0077a4e0","","Global","FUN_0053b3c0","0053b3c0","0"
"","Global","FUN_0077a510","0077a510","","Global","FUN_0053b3f0","0053b3f0","0"
"","Global","chr_texanim_del","0077c860","","Global","FUN_0053b470","0053b470","0"
"","Global","FUN_0077c920","0077c920","","Global","FUN_0053b530","0053b530","0"
"","Global","chr_texanim_init","0077c960","","Global","FUN_0053b570","0053b570","0"
"","Global","FUN_0077c9c0","0077c9c0","","Global","FUN_0053b5d0","0053b5d0","0"
"","Global","FUN_0077c9f0","0077c9f0","","Global","FUN_0053b600","0053b600","0"
"","Global","chr_texanim_set","0077ca40","","Global","FUN_0053b650","0053b650","0"
"","Global","FUN_0077cdb0","0077cdb0","","Global","FUN_0053b710","0053b710","0"
"","Global","FUN_0077ceb0","0077ceb0","","Global","FUN_0053b810","0053b810","0"
"","Global","FUN_0077ea10","0077ea10","","Global","FUN_0053b9d0","0053b9d0","0"
"","Global","tex_anim_no_set","0077ea30","","Global","FUN_0053b9f0","0053b9f0","0"
"","Global","FUN_0077ea90","0077ea90","","Global","FUN_0053ba50","0053ba50","0"
"","Global","FUN_0077eac0","0077eac0","","Global","FUN_0053ba80","0053ba80","0"
"","Global","FUN_0077eae0","0077eae0","","Global","FUN_0053baa0","0053baa0","0"
"","Global","FUN_0077eb00","0077eb00","","Global","FUN_0053bac0","0053bac0","0"
"","Global","FUN_0077ebc0","0077ebc0","","Global","FUN_0053f7c0","0053f7c0","0"
"","Global","FUN_0077ec60","0077ec60","","Global","FUN_0053f860","0053f860","0"
"","Global","FUN_0077ecd0","0077ecd0","","Global","FUN_0053f8d0","0053f8d0","0"
"","Global","FUN_0077fcc0","0077fcc0","","Global","FUN_005406e0","005406e0","0"
"","Global","FUN_0077fd60","0077fd60","","Global","FUN_00540780","00540780","0"
"","Global","FUN_0077fe70","0077fe70","","Global","FUN_00540850","00540850","0"
"","Global","tex_anim_timer","0077ff00","","Global","FUN_005408e0","005408e0","0"
"","Global","FUN_0077ff20","0077ff20","","Global","FUN_00540900","00540900","0"
"","Global","FUN_0077ffd0","0077ffd0","","Global","FUN_005409b0","005409b0","0"
"","Global","FUN_00780820","00780820","","Global","FUN_005412a0","005412a0","0"
"","Global","tex_anim_no_set_old","00780890","","Global","FUN_00541310","00541310","0"
"","Global","tex_anim_pos_set_old","007809c0","","Global","FUN_00541440","00541440","0"
"","Global","MsBattleDraw","00780dd0","","Global","FUN_00607360","00607360","0"
"","Global","MsBattleExeClear","00781600","","Global","FUN_00607c60","00607c60","0"
"","Global","MsBattleGetFontAddress","00781750","","Global","FUN_00607e00","00607e00","0"
"","Global","MsBattleMemInit","00781dd0","","Global","FUN_00608380","00608380","0"
"","Global","FUN_00782730","00782730","","Global","FUN_00608c40","00608c40","0"
"","Global","MsGetFileSize","00782ae0","","Global","FUN_006091a0","006091a0","0"
"","Global","FUN_00782c30","00782c30","","Global","FUN_006093c0","006093c0","0"
"","Global","AsyncLoadNewCharacter","00783040","","Global","FUN_00609960","00609960","0"
"","Global","FUN_00783060","00783060","","Global","FUN_00609980","00609980","0"
"","Global","MsBtlReadInit","007830b0","","Global","FUN_006099d0","006099d0","0"
"","Global","FUN_00783e30","00783e30","","Global","FUN_0060a500","0060a500","0"
"","Global","FUN_007844d0","007844d0","","Global","FUN_0060ae50","0060ae50","0"
"","Global","MsAddLoveParam","00784690","","Global","FUN_0060b200","0060b200","0"
"","Global","FUN_007848e0","007848e0","","Global","FUN_0060b940","0060b940","0"
"","Global","FUN_00784910","00784910","","Global","FUN_0060b970","0060b970","0"
"","Global","FUN_00784ce0","00784ce0","","Global","FUN_0060beb0","0060beb0","0"
"","Global","FUN_00784d90","00784d90","","Global","FUN_0060bf50","0060bf50","0"
"","Global","MsGetSaveChrName","00785070","","Global","FUN_0060c3d0","0060c3d0","0"
"","Global","MsGetSaveConfigCursorSave","00785280","","Global","FUN_0060c680","0060c680","0"
"","Global","FUN_00785ce0","00785ce0","","Global","FUN_0060dba0","0060dba0","0"
"","Global","FUN_00785f70","00785f70","","Global","FUN_0060dee0","0060dee0","0"
"","Global","FUN_00786020","00786020","","Global","FUN_0060df50","0060df50","0"
"","Global","MsSetSaveParty","007869f0","","Global","FUN_0060eb00","0060eb00","0"
"","Global","MsSetSavePartyMember","00786a10","","Global","FUN_0060eb20","0060eb20","0"
"","Global","forceAutoBattleOff","007872b0","","Global","FUN_0060f370","0060f370","0"
"","Global","FUN_00787430","00787430","","Global","FUN_0060f4e0","0060f4e0","0"
"","Global","MsEffectCameraCall","00787800","","Global","FUN_00616230","00616230","0"
"","Global","MsEffectCameraGet","00787890","","Global","FUN_006162e0","006162e0","0"
"","Global","MsEffectGetLastMagicNum2","00787cb0","","Global","FUN_00616640","00616640","0"
"","Global","MsGetEffID","00788eb0","","Global","FUN_00616b90","00616b90","0"
"","Global","MsResetAfterImage","00788ef0","","Global","FUN_00616cc0","00616cc0","0"
"","Global","MsResetBindEffect","00788f20","","Global","FUN_00616cf0","00616cf0","0"
"","Global","FUN_0078de80","0078de80","","Global","FUN_0061b4f0","0061b4f0","0"
"","Global","FUN_0078ff20","0078ff20","","Global","FUN_0061d970","0061d970","0"
"","Global","MsGetSaveItemNum","00790500","","Global","FUN_00620bc0","00620bc0","0"
"","Global","FUN_007907f0","007907f0","","Global","FUN_0062a6a0","0062a6a0","0"
"","Global","MsImportantGet","00790850","","Global","FUN_0062a700","0062a700","0"
"","Global","MsImportantRead","00790910","","Global","FUN_0062a7b0","0062a7b0","0"
"","Global","MsImportantSet","00790980","","Global","FUN_0062a820","0062a820","0"
"","Global","MsGetMonsterCapture","00790b40","","Global","FUN_0061c350","0061c350","0"
"","Global","FUN_00791640","00791640","","Global","FUN_0060ac20","0060ac20","0"
"","Global","MsChrCreatePacket","00793da0","","Global","FUN_00610d90","00610d90","0"
"","Global","FUN_007942d0","007942d0","","Global","FUN_00611770","00611770","0"
"","Global","MsGetChrHeadPos","007950c0","","Global","FUN_00612be0","00612be0","0"
"","Global","MsGetChrInfo","00795180","","Global","FUN_00612d50","00612d50","0"
"","Global","MsGetMon","00795ab0","","Global","FUN_006138d0","006138d0","0"
"","Global","FUN_007967b0","007967b0","","Global","FUN_00615170","00615170","0"
"","Global","msSetChrBodyHit","00796f30","","Global","FUN_00615d00","00615d00","0"
"","Global","FUN_00797030","00797030","","Global","FUN_00615e90","00615e90","0"
"","Global","msSetChrWeight","007972d0","","Global","FUN_006161b0","006161b0","0"
"","Global","FUN_00797420","00797420","","Global","FUN_0061f270","0061f270","0"
"","Global","FUN_007974a0","007974a0","","Global","FUN_0061f2f0","0061f2f0","0"
"","Global","MsAtelCamInit","00797510","","Global","FUN_0061f3a0","0061f3a0","0"
"","Global","MsAtelChrInfo","007975d0","","Global","FUN_0061f510","0061f510","0"
"","Global","FUN_00797930","00797930","","Global","FUN_0061f880","0061f880","0"
"","Global","FUN_00797980","00797980","","Global","FUN_0061f8d0","0061f8d0","0"
"","Global","FUN_007979e0","007979e0","","Global","FUN_0061fa60","0061fa60","0"
"","Global","MsAtelRequestCancel","00797ce0","","Global","FUN_0061fdd0","0061fdd0","0"
"","Global","FUN_007984d0","007984d0","","Global","FUN_00620610","00620610","0"
"","Global","FUN_00798730","00798730","","Global","FUN_00620950","00620950","0"
"","Global","FUN_00798770","00798770","","Global","FUN_00620990","00620990","0"
"","Global","FUN_00798960","00798960","","Global","FUN_0061e310","0061e310","0"
"","Global","rnd","007989b0","","Global","FUN_0061e360","0061e360","0"
"","Global","MsBtlStartAP","00798ea0","","Global","FUN_006244d0","006244d0","0"
"","Global","MsMemCheckRegist","00799f10","","Global","FUN_0061e070","0061e070","0"
"","Global","MsMemCheckSum","00799f30","","Global","FUN_0061e090","0061e090","0"
"","Global","FUN_0079a180","0079a180","","Global","FUN_006e5e90","006e5e90","0"
"","Global","FUN_0079a8d0","0079a8d0","","Global","FUN_006255b0","006255b0","0"
"","Global","FUN_0079ace0","0079ace0","","Global","FUN_00625a00","00625a00","0"
"","Global","MsSetMotBinAddress","0079cda0","","Global","FUN_0063b9f0","0063b9f0","0"
"","Global","MsBtlListField","0079d1b0","","Global","FUN_00628bf0","00628bf0","0"
"","Global","MsBtlListFieldNum","0079d1e0","","Global","FUN_00628c20","00628c20","0"
"","Global","MsBtlListInit","0079d270","","Global","FUN_00628cd0","00628cd0","0"
"","Global","FUN_0079d2c0","0079d2c0","","Global","FUN_00628d20","00628d20","0"
"","Global","FUN_0079dd90","0079dd90","","Global","FUN_00628dc0","00628dc0","0"
"","Global","MsBattleSpecialCameraPause","0079ddd0","","Global","FUN_00628e00","00628e00","0"
"","Global","FUN_0079e510","0079e510","","Global","FUN_00621be0","00621be0","0"
"","Global","FUN_0079e5b0","0079e5b0","","Global","FUN_00621c30","00621c30","0"
"","Global","MsEtEffectEncount","0079e600","","Global","FUN_00621c80","00621c80","0"
"","Global","MsEtEffectSet","0079e7c0","","Global","FUN_00621e20","00621e20","0"
"","Global","MsBattleError","0079f230","","Global","FUN_0062a0d0","0062a0d0","0"
"","Global","MsStructFill","0079f280","","Global","FUN_0062a140","0062a140","0"
"","Global","FUN_0079fbe0","0079fbe0","","Global","FUN_0062a5b0","0062a5b0","0"
"","Global","FUN_0079fc20","0079fc20","","Global","FUN_0062a620","0062a620","0"
"","Global","FUN_0079fd10","0079fd10","","Global","FUN_0062a860","0062a860","0"
"","Global","MsMusicVolume","007a00b0","","Global","FUN_0062ad00","0062ad00","0"
"","Global","MsNowMusicStop","007a00d0","","Global","FUN_0062ad20","0062ad20","0"
"","Global","MsRegSEfade","007a00f0","","Global","FUN_0062ad40","0062ad40","0"
"","Global","MsSEPtransInit","007a0520","","Global","FUN_0062b380","0062b380","0"
"","Global","MsSEP3DfadeOutAll","007a0900","","Global","FUN_0062b840","0062b840","0"
"","Global","MsSEP3Dinit","007a0930","","Global","FUN_0062b8b0","0062b8b0","0"
"","Global","FUN_007a0bd0","007a0bd0","","Global","FUN_0062bc10","0062bc10","0"
"","Global","MsStoneEffectCheck","007a2690","","Global","FUN_0062bef0","0062bef0","0"
"","Global","FUN_007a29a0","007a29a0","","Global","FUN_00b59940","00b59940","0"
"","Global","FUN_007a3440","007a3440","","Global","FUN_00b61a90","00b61a90","0"
"","Global","FUN_007a3550","007a3550","","Global","FUN_00b625d0","00b625d0","0"
"","Global","FUN_007a3580","007a3580","","Global","FUN_00b61b90","00b61b90","0"
"","Global","FUN_007a3ae0","007a3ae0","","Global","FUN_00b61750","00b61750","0"
"","Global","FUN_007a3ed0","007a3ed0","","Global","FUN_00b62df0","00b62df0","0"
"","Global","FUN_007a4070","007a4070","","Global","FUN_00b61be0","00b61be0","0"
"","Global","FUN_007a4200","007a4200","","Global","FUN_00b61d10","00b61d10","0"
"","Global","FUN_007a4330","007a4330","","Global","FUN_00b627a0","00b627a0","0"
"","Global","FUN_007a4460","007a4460","","Global","FUN_00b61f50","00b61f50","0"
"","Global","FUN_007a4490","007a4490","","Global","FUN_00b627e0","00b627e0","0"
"","Global","FUN_007a49e0","007a49e0","","Global","FUN_00b62130","00b62130","0"
"","Global","FUN_007a4c50","007a4c50","","Global","FUN_00b63860","00b63860","0"
"","Global","FUN_007a4cf0","007a4cf0","","Global","FUN_00b63a80","00b63a80","0"
"","Global","FUN_007a4d70","007a4d70","","Global","FUN_00b632b0","00b632b0","0"
"","Global","FUN_007a4ec0","007a4ec0","","Global","FUN_00b633a0","00b633a0","0"
"","Global","FUN_007a4f00","007a4f00","","Global","FUN_00b63d10","00b63d10","0"
"","Global","FUN_007a5200","007a5200","","Global","FUN_00b62700","00b62700","0"
"","Global","FUN_007a5290","007a5290","","Global","FUN_00b62d00","00b62d00","0"
"","Global","FUN_007a5380","007a5380","","Global","FUN_00b63670","00b63670","0"
"","Global","FUN_007a5410","007a5410","","Global","FUN_00b62e80","00b62e80","0"
"","Global","FUN_007a55c0","007a55c0","","Global","FUN_00b63020","00b63020","0"
"","Global","FUN_007a56b0","007a56b0","","Global","FUN_00b63ed0","00b63ed0","0"
"","Global","FUN_007a5860","007a5860","","Global","FUN_00b63f60","00b63f60","0"
"","Global","FUN_007a5950","007a5950","","Global","FUN_00b63c60","00b63c60","0"
"","Global","FUN_007a5e10","007a5e10","","Global","FUN_00b64780","00b64780","0"
"","Global","FUN_007a6720","007a6720","","Global","FUN_00b64e60","00b64e60","0"
"","Global","FUN_007a6990","007a6990","","Global","FUN_00b65150","00b65150","0"
"","Global","FUN_007a6a60","007a6a60","","Global","FUN_00b655e0","00b655e0","0"
"","Global","FUN_007a6b00","007a6b00","","Global","FUN_00b653f0","00b653f0","0"
"","Global","FUN_007a6cd0","007a6cd0","","Global","FUN_00b658d0","00b658d0","0"
"","Global","FUN_007a6d20","007a6d20","","Global","FUN_00b64290","00b64290","0"
"","Global","FUN_007a6df0","007a6df0","","Global","FUN_00b65620","00b65620","0"
"","Global","FUN_007a7280","007a7280","","Global","FUN_00b649a0","00b649a0","0"
"","Global","FUN_007a7380","007a7380","","Global","FUN_00b660b0","00b660b0","0"
"","Global","FUN_007a73f0","007a73f0","","Global","FUN_00b65f50","00b65f50","0"
"","Global","FUN_007a7550","007a7550","","Global","FUN_00b5fef0","00b5fef0","0"
"","Global","FUN_007a7710","007a7710","","Global","FUN_00b5fea0","00b5fea0","0"
"","Global","FUN_007a7dc0","007a7dc0","","Global","FUN_00b60430","00b60430","0"
"","Global","FUN_007a8550","007a8550","","Global","FUN_00b60aa0","00b60aa0","0"
"","Global","FUN_007a8700","007a8700","","Global","FUN_00b66120","00b66120","0"
"","Global","FUN_007a8810","007a8810","","Global","FUN_00b66230","00b66230","0"
"","Global","FUN_007a8c00","007a8c00","","Global","FUN_00b66470","00b66470","0"
"","Global","MsGetEscapeDir","007a99d0","","Global","FUN_00630b10","00630b10","0"
"","Global","FUN_007abed0","007abed0","","Global","FUN_0062e5e0","0062e5e0","0"
"","Global","FUN_007ad560","007ad560","","Global","FUN_006214d0","006214d0","0"
"","Global","FUN_007b6e90","007b6e90","","Global","FUN_006465d0","006465d0","0"
"","Global","FUN_007b7e50","007b7e50","","Global","FUN_00649a20","00649a20","0"
"","Global","FUN_007b7e70","007b7e70","","Global","FUN_00649a40","00649a40","0"
"","Global","FUN_007b7eb0","007b7eb0","","Global","FUN_00649a90","00649a90","0"
"","Global","FUN_007b7ed0","007b7ed0","","Global","FUN_00649ab0","00649ab0","0"
"","Global","FUN_007b88a0","007b88a0","","Global","FUN_0064af90","0064af90","0"
"","Global","FUN_007b8a50","007b8a50","","Global","FUN_0064b0f0","0064b0f0","0"
"","Global","FUN_007b8b20","007b8b20","","Global","FUN_0064b1f0","0064b1f0","0"
"","Global","FUN_007b8f90","007b8f90","","Global","FUN_0064b6f0","0064b6f0","0"
"","Global","FUN_007b9030","007b9030","","Global","FUN_0064b7b0","0064b7b0","0"
"","Global","FUN_007b9110","007b9110","","Global","FUN_0064b870","0064b870","0"
"","Global","FUN_007b95b0","007b95b0","","Global","FUN_0064bbc0","0064bbc0","0"
"","Global","FUN_007b9b60","007b9b60","","Global","FUN_0064c220","0064c220","0"
"","Global","FUN_007b9fa0","007b9fa0","","Global","FUN_0064c600","0064c600","0"
"","Global","FUN_007ba080","007ba080","","Global","FUN_0064c6e0","0064c6e0","0"
"","Global","FUN_007ba190","007ba190","","Global","FUN_0064c7f0","0064c7f0","0"
"","Global","FUN_007ba480","007ba480","","Global","FUN_0064d580","0064d580","0"
"","Global","FUN_007ba4c0","007ba4c0","","Global","FUN_0064d5c0","0064d5c0","0"
"","Global","FUN_007ba530","007ba530","","Global","FUN_0064d630","0064d630","0"
"","Global","MsAtelCameraInit","007ba5d0","","Global","FUN_0064d6d0","0064d6d0","0"
"","Global","FUN_007ba650","007ba650","","Global","FUN_0064d750","0064d750","0"
"","Global","MsAtelGetCameraID","007ba700","","Global","FUN_0064d800","0064d800","0"
"","Global","MsAtelResetMoveCameraID","007ba7e0","","Global","FUN_0064d8e0","0064d8e0","0"
"","Global","MsBattleCameraFree","007ba8d0","","Global","FUN_0064d9d0","0064d9d0","0"
"","Global","MsBindCamera","007ba920","","Global","FUN_0064da20","0064da20","0"
"","Global","FUN_007ba940","007ba940","","Global","FUN_0064da40","0064da40","0"
"","Global","FUN_007ba9d0","007ba9d0","","Global","FUN_0064dad0","0064dad0","0"
"","Global","FUN_007baa40","007baa40","","Global","FUN_0064db40","0064db40","0"
"","Global","FUN_007baae0","007baae0","","Global","FUN_0064dbe0","0064dbe0","0"
"","Global","FUN_007bab10","007bab10","","Global","FUN_0064dc10","0064dc10","0"
"","Global","FUN_007babc0","007babc0","","Global","FUN_0064dcc0","0064dcc0","0"
"","Global","FUN_007bac90","007bac90","","Global","FUN_0064dd90","0064dd90","0"
"","Global","FUN_007bb190","007bb190","","Global","FUN_0064df10","0064df10","0"
"","Global","FUN_007bb230","007bb230","","Global","FUN_0064dfb0","0064dfb0","0"
"","Global","FUN_007bb390","007bb390","","Global","FUN_0064e170","0064e170","0"
"","Global","FUN_007bb4a0","007bb4a0","","Global","FUN_0064e280","0064e280","0"
"","Global","FUN_007bb7c0","007bb7c0","","Global","FUN_0064f3a0","0064f3a0","0"
"","Global","FUN_007bb840","007bb840","","Global","FUN_0064f420","0064f420","0"
"","Global","FUN_007bb8f0","007bb8f0","","Global","FUN_0064f4d0","0064f4d0","0"
"","Global","FUN_007bba90","007bba90","","Global","FUN_0064f680","0064f680","0"
"","Global","FUN_007bbb40","007bbb40","","Global","FUN_0064f740","0064f740","0"
"","Global","MsGetScreenData","007bbc80","","Global","FUN_0064f7a0","0064f7a0","0"
"","Global","MsScreenFocusResetAll","007bbd20","","Global","FUN_0064f8d0","0064f8d0","0"
"","Global","FUN_007bbd50","007bbd50","","Global","FUN_0064f900","0064f900","0"
"","Global","FUN_007bbd70","007bbd70","","Global","FUN_0064f920","0064f920","0"
"","Global","FUN_007bbe30","007bbe30","","Global","FUN_0064f9e0","0064f9e0","0"
"","Global","FUN_007bbf40","007bbf40","","Global","FUN_0064faf0","0064faf0","0"
"","Global","FUN_007bbf90","007bbf90","","Global","FUN_0064fb40","0064fb40","0"
"","Global","MsScreenOffset","007bc040","","Global","FUN_0064fbf0","0064fbf0","0"
"","Global","FUN_007bc060","007bc060","","Global","FUN_0064fc10","0064fc10","0"
"","Global","FUN_007bc6d0","007bc6d0","","Global","FUN_00650610","00650610","0"
"","Global","MsSetScreen","007bc770","","Global","FUN_006506d0","006506d0","0"
"","Global","FUN_007bc810","007bc810","","Global","FUN_00650770","00650770","0"
"","Global","FUN_007bc8d0","007bc8d0","","Global","FUN_00650830","00650830","0"
"","Global","FUN_007bca30","007bca30","","Global","FUN_00650860","00650860","0"
"","Global","FUN_007bcb00","007bcb00","","Global","FUN_00650930","00650930","0"
"","Global","FUN_007bccb0","007bccb0","","Global","FUN_00650ae0","00650ae0","0"
"","Global","FUN_007bcd50","007bcd50","","Global","FUN_00650b80","00650b80","0"
"","Global","FUN_007bcda0","007bcda0","","Global","FUN_00650bd0","00650bd0","0"
"","Global","FUN_007bce00","007bce00","","Global","FUN_00650cb0","00650cb0","0"
"","Global","FUN_007bcea0","007bcea0","","Global","FUN_00650d50","00650d50","0"
"","Global","MsCameraGet","007bd090","","Global","FUN_00650f70","00650f70","0"
"","Global","FUN_007bd250","007bd250","","Global","FUN_00651130","00651130","0"
"","Global","FUN_007bd280","007bd280","","Global","FUN_00651160","00651160","0"
"","Global","MsCameraGetPosNow","007bd3f0","","Global","FUN_00651310","00651310","0"
"","Global","FUN_007bd4a0","007bd4a0","","Global","FUN_006513c0","006513c0","0"
"","Global","MsCameraIDcheck","007bd4e0","","Global","FUN_00651400","00651400","0"
"","Global","FUN_007bd750","007bd750","","Global","FUN_00651690","00651690","0"
"","Global","FUN_007bd7e0","007bd7e0","","Global","FUN_00651720","00651720","0"
"","Global","FUN_007bdca0","007bdca0","","Global","FUN_00651bf0","00651bf0","0"
"","Global","FUN_007bdd60","007bdd60","","Global","FUN_00651cb0","00651cb0","0"
"","Global","FUN_007bddd0","007bddd0","","Global","FUN_00651d20","00651d20","0"
"","Global","FUN_007bdf10","007bdf10","","Global","FUN_00651e60","00651e60","0"
"","Global","FUN_007bdf60","007bdf60","","Global","FUN_00651eb0","00651eb0","0"
"","Global","FUN_007bdfa0","007bdfa0","","Global","FUN_00651ef0","00651ef0","0"
"","Global","FUN_007bec10","007bec10","","Global","FUN_00652a80","00652a80","0"
"","Global","FUN_007bec90","007bec90","","Global","FUN_00652b00","00652b00","0"
"","Global","FUN_007bedd0","007bedd0","","Global","FUN_00652c40","00652c40","0"
"","Global","FUN_007bf030","007bf030","","Global","FUN_00652eb0","00652eb0","0"
"","Global","FUN_007bf120","007bf120","","Global","FUN_00652fa0","00652fa0","0"
"","Global","FUN_007bf170","007bf170","","Global","FUN_00652ff0","00652ff0","0"
"","Global","FUN_007bf200","007bf200","","Global","FUN_00653080","00653080","0"
"","Global","FUN_007bf2b0","007bf2b0","","Global","FUN_00653130","00653130","0"
"","Global","FUN_007bf4a0","007bf4a0","","Global","FUN_006534c0","006534c0","0"
"","Global","FUN_007bf580","007bf580","","Global","FUN_006535a0","006535a0","0"
"","Global","FUN_007bf770","007bf770","","Global","FUN_00653810","00653810","0"
"","Global","MsCameraSetRect","007bf8c0","","Global","FUN_00653960","00653960","0"
"","Global","MsCameraSetRoll","007bfa00","","Global","FUN_00653bf0","00653bf0","0"
"","Global","FUN_007bfad0","007bfad0","","Global","FUN_00653b70","00653b70","0"
"","Global","MsCameraSetScrDpt","007bfb50","","Global","FUN_00653aa0","00653aa0","0"
"","Global","FUN_007bfc20","007bfc20","","Global","FUN_00653cc0","00653cc0","0"
"","Global","FUN_007bfd10","007bfd10","","Global","FUN_00653db0","00653db0","0"
"","Global","FUN_007bfdf0","007bfdf0","","Global","FUN_00653e90","00653e90","0"
"","Global","FUN_007bfe90","007bfe90","","Global","FUN_00653f30","00653f30","0"
"","Global","FUN_007c0010","007c0010","","Global","FUN_006540c0","006540c0","0"
"","Global","MsNearRag","007c0440","","Global","FUN_006544d0","006544d0","0"
"","Global","FUN_007c05d0","007c05d0","","Global","FUN_00654660","00654660","0"
"","Global","FUN_007c0890","007c0890","","Global","FUN_00654920","00654920","0"
"","Global","FUN_007c0930","007c0930","","Global","FUN_006549c0","006549c0","0"
"","Global","FUN_007c09b0","007c09b0","","Global","FUN_00654a40","00654a40","0"
"","Global","MsSetNormalUpVector","007c0a30","","Global","FUN_00654ac0","00654ac0","0"
"","Global","FUN_007c0c90","007c0c90","","Global","FUN_00654de0","00654de0","0"
"","Global","FUN_007c0cc0","007c0cc0","","Global","FUN_00654e10","00654e10","0"
"","Global","FUN_007c1000","007c1000","","Global","FUN_00655f60","00655f60","0"
"","Global","FUN_007c1070","007c1070","","Global","FUN_00656010","00656010","0"
"","Global","FUN_007c10e0","007c10e0","","Global","FUN_006560a0","006560a0","0"
"","Global","FUN_007c1120","007c1120","","Global","FUN_00656100","00656100","0"
"","Global","FUN_007c13b0","007c13b0","","Global","FUN_00656560","00656560","0"
"","Global","FUN_007c13d0","007c13d0","","Global","FUN_00656580","00656580","0"
"","Global","FUN_007c1710","007c1710","","Global","FUN_006568c0","006568c0","0"
"","Global","MsDivVector","007c24b0","","Global","FUN_006576b0","006576b0","0"
"","Global","MsMiddlePoint","007c2570","","Global","FUN_00657a90","00657a90","0"
"","Global","MsMulMatrix","007c2700","","Global","FUN_00657c20","00657c20","0"
"","Global","MsMulVector","007c2da0","","Global","FUN_006582c0","006582c0","0"
"","Global","MsRotMatrixX","007c3110","","Global","FUN_00658720","00658720","0"
"","Global","FUN_007c3a40","007c3a40","","Global","FUN_00659050","00659050","0"
"","Global","MsVectorGetSide","007c4120","","Global","FUN_006597a0","006597a0","0"
"","Global","FUN_007c4ce0","007c4ce0","","Global","FUN_0065a480","0065a480","0"
"","Global","FUN_007c4eb0","007c4eb0","","Global","FUN_00654f30","00654f30","0"
"","Global","FUN_007c4f50","007c4f50","","Global","FUN_00654fe0","00654fe0","0"
"","Global","FUN_007c5610","007c5610","","Global","FUN_006557a0","006557a0","0"
"","Global","MsScreenResetShake","007c5650","","Global","FUN_006557e0","006557e0","0"
"","Global","FUN_007c5680","007c5680","","Global","FUN_00655810","00655810","0"
"","Global","FUN_007c5740","007c5740","","Global","FUN_006558d0","006558d0","0"
"","Global","FUN_007c5870","007c5870","","Global","FUN_0065a870","0065a870","0"
"","Global","FUN_007c5e90","007c5e90","","Global","FUN_0065ae90","0065ae90","0"
"","Global","MsDebugSetScene","007c5ef0","","Global","FUN_0065b120","0065b120","0"
"","Global","FUN_007c6010","007c6010","","Global","FUN_0065afd0","0065afd0","0"
"","Global","FUN_007c6cf0","007c6cf0","","Global","FUN_0065bf70","0065bf70","0"
"","Global","Gui_MasakiInit","007c8650","","Global","FUN_0065dbd0","0065dbd0","0"
"","Global","MsAutoRepeatCheck","007c88c0","","Global","FUN_0065de40","0065de40","0"
"","Global","MsAutoRepeatInit","007c8910","","Global","FUN_0065de90","0065de90","0"
"","Global","FUN_007c89f0","007c89f0","","Global","FUN_0065df70","0065df70","0"
"","Global","FUN_007c8a70","007c8a70","","Global","FUN_0065e490","0065e490","0"
"","Global","FUN_007c8b20","007c8b20","","Global","FUN_0065e540","0065e540","0"
"","Global","FUN_007c9020","007c9020","","Global","FUN_0065eb80","0065eb80","0"
"","Global","FUN_007c9140","007c9140","","Global","FUN_0065ed30","0065ed30","0"
"","Global","FUN_007c9290","007c9290","","Global","FUN_0065ee80","0065ee80","0"
"","Global","MsBtlPosInit","007c9300","","Global","FUN_0065eef0","0065eef0","0"
"","Global","FUN_007c9bd0","007c9bd0","","Global","FUN_0065f7d0","0065f7d0","0"
"","Global","FUN_007cc120","007cc120","","Global","FUN_00661dc0","00661dc0","0"
"","Global","FUN_007cc180","007cc180","","Global","FUN_00661e20","00661e20","0"
"","Global","FUN_007cc1f0","007cc1f0","","Global","FUN_00661e90","00661e90","0"
"","Global","FUN_007cc350","007cc350","","Global","FUN_00661ff0","00661ff0","0"
"","Global","FUN_007ccfb0","007ccfb0","","Global","FUN_00662c50","00662c50","0"
"","Global","FUN_007cd020","007cd020","","Global","FUN_00662cc0","00662cc0","0"
"","Global","FUN_007cd0a0","007cd0a0","","Global","FUN_00662d40","00662d40","0"
"","Global","FUN_007cd410","007cd410","","Global","FUN_006630b0","006630b0","0"
"","Global","FUN_007cd640","007cd640","","Global","FUN_006632e0","006632e0","0"
"","Global","FUN_007ce9b0","007ce9b0","","Global","FUN_00666a90","00666a90","0"
"","Global","FUN_007cede0","007cede0","","Global","FUN_00666ec0","00666ec0","0"
"","Global","FUN_007cee90","007cee90","","Global","FUN_00666f70","00666f70","0"
"","Global","FUN_007ceeb0","007ceeb0","","Global","FUN_00666f90","00666f90","0"
"","Global","FUN_007ceee0","007ceee0","","Global","FUN_00666fc0","00666fc0","0"
"","Global","FUN_007cef70","007cef70","","Global","FUN_00667050","00667050","0"
"","Global","FUN_007cf000","007cf000","","Global","FUN_006670e0","006670e0","0"
"","Global","FUN_007cf070","007cf070","","Global","FUN_00667150","00667150","0"
"","Global","FUN_007cf0b0","007cf0b0","","Global","FUN_00667190","00667190","0"
"","Global","FUN_007cf1b0","007cf1b0","","Global","FUN_00667290","00667290","0"
"","Global","FUN_007cf1f0","007cf1f0","","Global","FUN_006672d0","006672d0","0"
"","Global","FUN_007cf210","007cf210","","Global","FUN_006672f0","006672f0","0"
"","Global","FUN_007cf230","007cf230","","Global","FUN_00667310","00667310","0"
"","Global","FUN_007cf260","007cf260","","Global","FUN_00667340","00667340","0"
"","Global","FUN_007cf2b0","007cf2b0","","Global","FUN_00667390","00667390","0"
"","Global","FUN_007cf340","007cf340","","Global","FUN_00667420","00667420","0"
"","Global","FUN_007cf470","007cf470","","Global","FUN_00667550","00667550","0"
"","Global","FUN_007cf4c0","007cf4c0","","Global","FUN_006675a0","006675a0","0"
"","Global","MsSetHashValue","007cf570","","Global","FUN_00667650","00667650","0"
"","Global","FUN_007cf5d0","007cf5d0","","Global","FUN_006676b0","006676b0","0"
"","Global","MsStrCopy","007cf5f0","","Global","FUN_006676d0","006676d0","0"
"","Global","FUN_007cf820","007cf820","","Global","FUN_00667900","00667900","0"
"","Global","FUN_007cf8a0","007cf8a0","","Global","FUN_00667980","00667980","0"
"","Global","FUN_007cf920","007cf920","","Global","FUN_00667a00","00667a00","0"
"","Global","FUN_007cf9d0","007cf9d0","","Global","FUN_00667b10","00667b10","0"
"","Global","FUN_007cfa50","007cfa50","","Global","FUN_00667ab0","00667ab0","0"
"","Global","FUN_007cfa90","007cfa90","","Global","FUN_00668600","00668600","0"
"","Global","FUN_007d0a20","007d0a20","","Global","FUN_00669a20","00669a20","0"
"","Global","FUN_007d0bc0","007d0bc0","","Global","FUN_00669bc0","00669bc0","0"
"","Global","FUN_007d0e10","007d0e10","","Global","FUN_006698d0","006698d0","0"
"","Global","FUN_007d0f60","007d0f60","","Global","FUN_0066a610","0066a610","0"
"","Global","FUN_007d1150","007d1150","","Global","FUN_0066a840","0066a840","0"
"","Global","FUN_007d11d0","007d11d0","","Global","FUN_0066a8c0","0066a8c0","0"
"","Global","FUN_007d1230","007d1230","","Global","FUN_0066a940","0066a940","0"
"","Global","FUN_007d1420","007d1420","","Global","FUN_0066ab30","0066ab30","0"
"","Global","FUN_007d16c0","007d16c0","","Global","FUN_0066add0","0066add0","0"
"","Global","FUN_007d1870","007d1870","","Global","FUN_0066afa0","0066afa0","0"
"","Global","FUN_007d1b00","007d1b00","","Global","FUN_00669e10","00669e10","0"
"","Global","FUN_007d1e80","007d1e80","","Global","FUN_0066a190","0066a190","0"
"","Global","FUN_007d2300","007d2300","","Global","FUN_0066a800","0066a800","0"
"","Global","FUN_007d2e40","007d2e40","","Global","FUN_0066d3a0","0066d3a0","0"
"","Global","FUN_007d2e80","007d2e80","","Global","FUN_0066d3e0","0066d3e0","0"
"","Global","FUN_007d2ef0","007d2ef0","","Global","FUN_0066d450","0066d450","0"
"","Global","FUN_007d3350","007d3350","","Global","FUN_0066d8b0","0066d8b0","0"
"","Global","FUN_007d33d0","007d33d0","","Global","FUN_0066d990","0066d990","0"
"","Global","FUN_007d35e0","007d35e0","","Global","FUN_0066dd40","0066dd40","0"
"","Global","FUN_007d3630","007d3630","","Global","FUN_0066ddb0","0066ddb0","0"
"","Global","FUN_007d37f0","007d37f0","","Global","FUN_0066b230","0066b230","0"
"","Global","FUN_007d3e70","007d3e70","","Global","FUN_0066cff0","0066cff0","0"
"","Global","FUN_007d4220","007d4220","","Global","FUN_0066df70","0066df70","0"
"","Global","FUN_007d61f0","007d61f0","","Global","FUN_0066ffa0","0066ffa0","0"
"","Global","FUN_007d63a0","007d63a0","","Global","FUN_0066c390","0066c390","0"
"","Global","FUN_007d6460","007d6460","","Global","FUN_0066c450","0066c450","0"
"","Global","FUN_007d6600","007d6600","","Global","FUN_0066c5f0","0066c5f0","0"
"","Global","FUN_007d6780","007d6780","","Global","FUN_0066c770","0066c770","0"
"","Global","FUN_007d6980","007d6980","","Global","FUN_0066c970","0066c970","0"
"","Global","FUN_007d6ae0","007d6ae0","","Global","FUN_0066cad0","0066cad0","0"
"","Global","FUN_007d7000","007d7000","","Global","FUN_0066d930","0066d930","0"
"","Global","FUN_007d7060","007d7060","","Global","FUN_0066dba0","0066dba0","0"
"","Global","FUN_007d7210","007d7210","","Global","FUN_006701e0","006701e0","0"
"","Global","FUN_007d7310","007d7310","","Global","FUN_006702e0","006702e0","0"
"","Global","FUN_007d7380","007d7380","","Global","FUN_00670150","00670150","0"
"","Global","FUN_007d7410","007d7410","","Global","FUN_006703d0","006703d0","0"
"","Global","FUN_007d7910","007d7910","","Global","FUN_00670950","00670950","0"
"","Global","FUN_007d7970","007d7970","","Global","FUN_006709b0","006709b0","0"
"","Global","FUN_007d7a50","007d7a50","","Global","FUN_00670a90","00670a90","0"
"","Global","Ms_Gui_BattleProc","007d7fc0","","Global","FUN_00671210","00671210","0"
"","Global","FUN_007d91f0","007d91f0","","Global","FUN_00671060","00671060","0"
"","Global","FUN_007d9310","007d9310","","Global","FUN_00670350","00670350","0"
"","Global","FUN_007d9390","007d9390","","Global","FUN_006708d0","006708d0","0"
"","Global","FUN_007d9410","007d9410","","Global","FUN_00671000","00671000","0"
"","Global","FUN_007d9500","007d9500","","Global","FUN_00672440","00672440","0"
"","Global","FUN_007d9620","007d9620","","Global","FUN_00672560","00672560","0"
"","Global","FUN_007d99d0","007d99d0","","Global","FUN_00672910","00672910","0"
"","Global","FUN_007d9a20","007d9a20","","Global","FUN_00672c70","00672c70","0"
"","Global","Ms_Gui_ShakeProc","007dfcf0","","Global","FUN_00677d90","00677d90","0"
"","Global","FUN_007e10b0","007e10b0","","Global","FUN_00679e80","00679e80","0"
"","Global","FUN_007e11e0","007e11e0","","Global","FUN_00679fb0","00679fb0","0"
"","Global","FUN_007e12f0","007e12f0","","Global","FUN_0067a0c0","0067a0c0","0"
"","Global","FUN_007e1320","007e1320","","Global","FUN_0067a0f0","0067a0f0","0"
"","Global","FUN_007e1360","007e1360","","Global","FUN_0067a130","0067a130","0"
"","Global","FUN_007e1500","007e1500","","Global","FUN_0067a2d0","0067a2d0","0"
"","Global","FUN_007e1a60","007e1a60","","Global","FUN_0067a830","0067a830","0"
"","Global","FUN_007e1a80","007e1a80","","Global","FUN_0067a850","0067a850","0"
"","Global","FUN_007e1ad0","007e1ad0","","Global","FUN_0067a8a0","0067a8a0","0"
"","Global","FUN_007e1b40","007e1b40","","Global","FUN_0067a910","0067a910","0"
"","Global","FUN_007e1bd0","007e1bd0","","Global","FUN_0067a9a0","0067a9a0","0"
"","Global","FUN_007e1c60","007e1c60","","Global","FUN_0067aa30","0067aa30","0"
"","Global","FUN_007e1da0","007e1da0","","Global","FUN_0067ab70","0067ab70","0"
"","Global","FUN_007e1e90","007e1e90","","Global","FUN_0067ac60","0067ac60","0"
"","Global","FUN_007e2050","007e2050","","Global","FUN_0067ae20","0067ae20","0"
"","Global","FUN_007e2160","007e2160","","Global","FUN_0067af30","0067af30","0"
"","Global","FUN_007e2510","007e2510","","Global","FUN_0067b2e0","0067b2e0","0"
"","Global","FUN_007e2570","007e2570","","Global","FUN_0067b340","0067b340","0"
"","Global","FUN_007e2600","007e2600","","Global","FUN_0067b3d0","0067b3d0","0"
"","Global","FUN_007e2630","007e2630","","Global","FUN_0067b400","0067b400","0"
"","Global","FUN_007e2680","007e2680","","Global","FUN_0067b450","0067b450","0"
"","Global","FUN_007e2970","007e2970","","Global","FUN_0067b740","0067b740","0"
"","Global","FUN_007e2ca0","007e2ca0","","Global","FUN_0067ba70","0067ba70","0"
"","Global","FUN_007e2d40","007e2d40","","Global","FUN_0067bb10","0067bb10","0"
"","Global","FUN_007e2fb0","007e2fb0","","Global","FUN_0068b150","0068b150","0"
"","Global","FUN_007e3010","007e3010","","Global","FUN_0067bdb0","0067bdb0","0"
"","Global","FUN_007e30f0","007e30f0","","Global","FUN_0067bf00","0067bf00","0"
"","Global","FUN_007e3270","007e3270","","Global","FUN_0067bf80","0067bf80","0"
"","Global","FUN_007e36c0","007e36c0","","Global","FUN_0067c700","0067c700","0"
"","Global","FUN_007e36e0","007e36e0","","Global","FUN_0067c720","0067c720","0"
"","Global","FUN_007e3700","007e3700","","Global","FUN_0067c740","0067c740","0"
"","Global","FUN_007e3820","007e3820","","Global","FUN_0067c830","0067c830","0"
"","Global","FUN_007e39e0","007e39e0","","Global","FUN_0067c9f0","0067c9f0","0"
"","Global","op_oef2_obj_a_get","007e3a50","","Global","FUN_0067ca60","0067ca60","0"
"","Global","op_oef2_set2","007e3d40","","Global","FUN_0067cda0","0067cda0","0"
"","Global","FUN_007e3d60","007e3d60","","Global","FUN_0067cdc0","0067cdc0","0"
"","Global","FUN_007e3d80","007e3d80","","Global","FUN_0067ce30","0067ce30","0"
"","Global","FUN_007e3da0","007e3da0","","Global","FUN_0067ce50","0067ce50","0"
"","Global","FUN_007e4450","007e4450","","Global","FUN_0067d750","0067d750","0"
"","Global","FUN_007e44d0","007e44d0","","Global","FUN_0067d7d0","0067d7d0","0"
"","Global","FUN_007e44f0","007e44f0","","Global","FUN_0067d7f0","0067d7f0","0"
"","Global","op_oef2_clut_load","007e45c0","","Global","FUN_0067d8f0","0067d8f0","0"
"","Global","FUN_007e45e0","007e45e0","","Global","FUN_0067d9b0","0067d9b0","0"
"","Global","FUN_007e4630","007e4630","","Global","FUN_0067da00","0067da00","0"
"","Global","FUN_007e4d90","007e4d90","","Global","FUN_0067df30","0067df30","0"
"","Global","FUN_007e4e30","007e4e30","","Global","FUN_0067dfd0","0067dfd0","0"
"","Global","FUN_007e4ed0","007e4ed0","","Global","FUN_0067e070","0067e070","0"
"","Global","FUN_007e4f00","007e4f00","","Global","FUN_0067e0a0","0067e0a0","0"
"","Global","op_oef2_texture_load","007e4f40","","Global","FUN_0067e0e0","0067e0e0","0"
"","Global","FUN_007e5130","007e5130","","Global","FUN_0067e2e0","0067e2e0","0"
"","Global","FUN_007e53e0","007e53e0","","Global","FUN_0067e8d0","0067e8d0","0"
"","Global","FUN_007e5590","007e5590","","Global","FUN_0067ea90","0067ea90","0"
"","Global","FUN_007e55e0","007e55e0","","Global","FUN_0067eae0","0067eae0","0"
"","Global","FUN_007e5ae0","007e5ae0","","Global","FUN_00685ad0","00685ad0","0"
"","Global","FUN_007e5b20","007e5b20","","Global","FUN_00685b10","00685b10","0"
"","Global","FUN_007e5bb0","007e5bb0","","Global","FUN_00685ba0","00685ba0","0"
"","Global","FUN_007e5be0","007e5be0","","Global","FUN_00685bd0","00685bd0","0"
"","Global","FUN_007e5df0","007e5df0","","Global","FUN_00685e40","00685e40","0"
"","Global","FUN_007e5e40","007e5e40","","Global","FUN_00685e90","00685e90","0"
"","Global","FUN_007e5e90","007e5e90","","Global","FUN_00685ee0","00685ee0","0"
"","Global","FUN_007e6020","007e6020","","Global","FUN_00686070","00686070","0"
"","Global","op_num_xy_set","007e64f0","","Global","FUN_00686560","00686560","0"
"","Global","op_pad_set","007e6520","","Global","FUN_00686590","00686590","0"
"","Global","FUN_007e6980","007e6980","","Global","FUN_00686880","00686880","0"
"","Global","FUN_007e6a60","007e6a60","","Global","FUN_00686950","00686950","0"
"","Global","FUN_007e6b90","007e6b90","","Global","FUN_006812d0","006812d0","0"
"","Global","FUN_007e7030","007e7030","","Global","FUN_006870d0","006870d0","0"
"","Global","FUN_007e7240","007e7240","","Global","FUN_006872e0","006872e0","0"
"","Global","FUN_007e7360","007e7360","","Global","FUN_00687570","00687570","0"
"","Global","FUN_007e75f0","007e75f0","","Global","FUN_00687800","00687800","0"
"","Global","FUN_007e7d90","007e7d90","","Global","FUN_00687d50","00687d50","0"
"","Global","FUN_007e7e70","007e7e70","","Global","FUN_00687e80","00687e80","0"
"","Global","FUN_007e7f20","007e7f20","","Global","FUN_006882e0","006882e0","0"
"","Global","FUN_007e9490","007e9490","","Global","FUN_00689840","00689840","0"
"","Global","FUN_007e9580","007e9580","","Global","FUN_00689930","00689930","0"
"","Global","FUN_007e9670","007e9670","","Global","FUN_00689a20","00689a20","0"
"","Global","FUN_007e97c0","007e97c0","","Global","FUN_00689b70","00689b70","0"
"","Global","FUN_007e9a60","007e9a60","","Global","FUN_00689e10","00689e10","0"
"","Global","FUN_007e9d30","007e9d30","","Global","FUN_0068a470","0068a470","0"
"","Global","op_spline_xyz","007ea030","","Global","FUN_0068a780","0068a780","0"
"","Global","FUN_007ea5e0","007ea5e0","","Global","FUN_0068ac00","0068ac00","0"
"","Global","FUN_007ea610","007ea610","","Global","FUN_0068ac30","0068ac30","0"
"","Global","FUN_007ea970","007ea970","","Global","FUN_0067ed70","0067ed70","0"
"","Global","FUN_007eb340","007eb340","","Global","FUN_00680120","00680120","0"
"","Global","FUN_007eb3b0","007eb3b0","","Global","FUN_00680190","00680190","0"
"","Global","op_func_ot_set","007eb410","","Global","FUN_006801f0","006801f0","0"
"","Global","op_gs1_transfer","007eb490","","Global","FUN_00680270","00680270","0"
"","Global","op_gs1_init","007eb670","","Global","FUN_00680460","00680460","0"
"","Global","op_wot_triger","007ec6f0","","Global","FUN_00680ec0","00680ec0","0"
"","Global","FUN_007ec8b0","007ec8b0","","Global","FUN_00681160","00681160","0"
"","Global","FUN_007ec920","007ec920","","Global","FUN_00681230","00681230","0"
"","Global","FUN_007eca00","007eca00","","Global","FUN_00816d00","00816d00","0"
"","Global","FUN_007eca90","007eca90","","Global","FUN_0086e990","0086e990","0"
"","Global","FUN_007ecc20","007ecc20","","Global","FUN_008639c0","008639c0","0"
"","Global","FUN_007eccb0","007eccb0","","Global","FUN_0086db70","0086db70","0"
"","Global","FUN_007ecce0","007ecce0","","Global","FUN_00863a50","00863a50","0"
"","Global","FUN_007ecd70","007ecd70","","Global","FUN_0086dba0","0086dba0","0"
"","Global","FUN_007ece00","007ece00","","Global","FUN_0068b170","0068b170","0"
"","Global","FUN_007f5df0","007f5df0","","Global","FUN_0068b6e0","0068b6e0","0"
"","Global","FUN_007f5e90","007f5e90","","Global","FUN_0086ade0","0086ade0","0"
"","Global","FUN_007f83a0","007f83a0","","Global","FUN_00695c70","00695c70","0"
"","Global","FUN_007f8d50","007f8d50","","Global","FUN_00696470","00696470","0"
"","Global","FUN_007fad60","007fad60","","Global","FUN_00698bd0","00698bd0","0"
"","Global","FUN_007fadb0","007fadb0","","Global","FUN_00698c20","00698c20","0"
"","Global","op_et_astatus_effect_off","007faf20","","Global","FUN_006993c0","006993c0","0"
"","Global","FUN_007fafc0","007fafc0","","Global","FUN_00699460","00699460","0"
"","Global","op_et_bindeff","007fb1b0","","Global","FUN_006996b0","006996b0","0"
"","Global","FUN_007fb5f0","007fb5f0","","Global","FUN_00699af0","00699af0","0"
"","Global","FUN_007fb790","007fb790","","Global","FUN_00699ca0","00699ca0","0"
"","Global","FUN_007fb860","007fb860","","Global","FUN_00699d70","00699d70","0"
"","Global","op_et_bindeff_off","007fbab0","","Global","FUN_00699fc0","00699fc0","0"
"","Global","FUN_007fbb40","007fbb40","","Global","FUN_0069a050","0069a050","0"
"","Global","FUN_007fc510","007fc510","","Global","FUN_0069aca0","0069aca0","0"
"","Global","op_et_ffx_init","007fc540","","Global","FUN_0069acd0","0069acd0","0"
"","Global","op_et_monster_init","007fc6a0","","Global","FUN_0069aff0","0069aff0","0"
"","Global","FUN_007fc7c0","007fc7c0","","Global","FUN_0069b110","0069b110","0"
"","Global","op_event_effect_free","007fcb10","","Global","FUN_0069b620","0069b620","0"
"","Global","op_event_effect_init","007fcb40","","Global","FUN_0069b650","0069b650","0"
"","Global","op_get_chr_status_stone","007fcba0","","Global","FUN_0069b730","0069b730","0"
"","Global","FUN_007fcbe0","007fcbe0","","Global","FUN_0069b770","0069b770","0"
"","Global","FUN_007fcc30","007fcc30","","Global","FUN_0069b7d0","0069b7d0","0"
"","Global","FUN_007fce30","007fce30","","Global","FUN_0069c210","0069c210","0"
"","Global","FUN_007fce80","007fce80","","Global","FUN_0069c260","0069c260","0"
"","Global","FUN_007fced0","007fced0","","Global","FUN_0069c2b0","0069c2b0","0"
"","Global","opus_change_chrhd_battle_to_ffx","007fe0c0","","Global","FUN_0069db80","0069db80","0"
"","Global","FUN_007fe1a0","007fe1a0","","Global","FUN_0069de60","0069de60","0"
"","Global","opus_change_osu_en_by_chr_status","007fe260","","Global","FUN_0069e070","0069e070","0"
"","Global","FUN_007fe370","007fe370","","Global","FUN_0069e180","0069e180","0"
"","Global","FUN_007fe400","007fe400","","Global","FUN_0069e230","0069e230","0"
"","Global","FUN_007fe5b0","007fe5b0","","Global","FUN_0069e460","0069e460","0"
"","Global","FUN_007fe730","007fe730","","Global","FUN_0069e740","0069e740","0"
"","Global","FUN_007fe7b0","007fe7b0","","Global","FUN_0069e7c0","0069e7c0","0"
"","Global","FUN_007fea40","007fea40","","Global","FUN_0069eb80","0069eb80","0"
"","Global","op_heap_display_set_par","007ff1d0","","Global","FUN_0069f940","0069f940","0"
"","Global","FUN_007ff7b0","007ff7b0","","Global","FUN_006a0080","006a0080","0"
"","Global","op_3d_vol_pan_get","007ff9b0","","Global","FUN_006a50a0","006a50a0","0"
"","Global","FUN_00800330","00800330","","Global","FUN_006a5ab0","006a5ab0","0"
"","Global","FUN_00800530","00800530","","Global","FUN_006a5d80","006a5d80","0"
"","Global","FUN_008008e0","008008e0","","Global","FUN_006a6140","006a6140","0"
"","Global","FUN_00800a60","00800a60","","Global","FUN_006aba40","006aba40","0"
"","Global","opus_draw_off","00800c30","","Global","FUN_006abc90","006abc90","0"
"","Global","FUN_00800c80","00800c80","","Global","FUN_006abce0","006abce0","0"
"","Global","opus_get_monster_index","00800da0","","Global","FUN_006abe40","006abe40","0"
"","Global","FUN_00800e80","00800e80","","Global","FUN_006abf30","006abf30","0"
"","Global","opus_get_weapon_index","00800f20","","Global","FUN_006abfe0","006abfe0","0"
"","Global","FUN_00800f50","00800f50","","Global","FUN_006ac010","006ac010","0"
"","Global","FUN_00800f80","00800f80","","Global","FUN_006ac2b0","006ac2b0","0"
"","Global","opus_osu_init","00801120","","Global","FUN_006ac450","006ac450","0"
"","Global","opus_prog_on","00801620","","Global","FUN_006ac950","006ac950","0"
"","Global","FUN_008016a0","008016a0","","Global","FUN_006ac9d0","006ac9d0","0"
"","Global","FUN_00801dc0","00801dc0","","Global","FUN_006ad2d0","006ad2d0","0"
"","Global","FUN_00801e20","00801e20","","Global","FUN_006ad330","006ad330","0"
"","Global","FUN_00802af0","00802af0","","Global","FUN_006b2cb0","006b2cb0","0"
"","Global","FUN_00802d40","00802d40","","Global","FUN_006a0670","006a0670","0"
"","Global","FUN_00803090","00803090","","Global","FUN_006a09c0","006a09c0","0"
"","Global","FUN_008035f0","008035f0","","Global","FUN_006a1090","006a1090","0"
"","Global","op_mdc_mem_transfer_cue_free","00803650","","Global","FUN_006a10f0","006a10f0","0"
"","Global","FUN_008037a0","008037a0","","Global","FUN_006a1210","006a1210","0"
"","Global","FUN_008052c0","008052c0","","Global","FUN_006a3db0","006a3db0","0"
"","Global","FUN_00805320","00805320","","Global","FUN_006a3e10","006a3e10","0"
"","Global","FUN_008061e0","008061e0","","Global","FUN_006a4ea0","006a4ea0","0"
"","Global","FUN_00807ae0","00807ae0","","Global","FUN_006b4500","006b4500","0"
"","Global","FUN_00807c90","00807c90","","Global","FUN_006b46b0","006b46b0","0"
"","Global","FUN_00807ce0","00807ce0","","Global","FUN_006b4700","006b4700","0"
"","Global","FUN_00807f50","00807f50","","Global","FUN_006b4970","006b4970","0"
"","Global","FUN_00808000","00808000","","Global","FUN_006b4a20","006b4a20","0"
"","Global","FUN_00808100","00808100","","Global","FUN_006b4b20","006b4b20","0"
"","Global","opus_all_clut_dispose","00808b90","","Global","FUN_006b5c40","006b5c40","0"
"","Global","FUN_00808ce0","00808ce0","","Global","FUN_006b1910","006b1910","0"
"","Global","FUN_00808d80","00808d80","","Global","FUN_006b19b0","006b19b0","0"
"","Global","FUN_0080a610","0080a610","","Global","FUN_006b8230","006b8230","0"
"","Global","FUN_0080a630","0080a630","","Global","FUN_006b8250","006b8250","0"
"","Global","opus_ffxfocus_free","0080ad10","","Global","FUN_006b8b80","006b8b80","0"
"","Global","FUN_0080ad40","0080ad40","","Global","FUN_006b8bb0","006b8bb0","0"
"","Global","FUN_0080b930","0080b930","","Global","FUN_006ba650","006ba650","0"
"","Global","FUN_0080c650","0080c650","","Global","FUN_006bb410","006bb410","0"
"","Global","FUN_008103a0","008103a0","","Global","FUN_006bd620","006bd620","0"
"","Global","FUN_00810800","00810800","","Global","FUN_00691880","00691880","0"
"","Global","FUN_00810820","00810820","","Global","FUN_006918a0","006918a0","0"
"","Global","FUN_00810880","00810880","","Global","FUN_00691900","00691900","0"
"","Global","FUN_008108f0","008108f0","","Global","FUN_00691970","00691970","0"
"","Global","FUN_00810920","00810920","","Global","FUN_006919a0","006919a0","0"
"","Global","FUN_008109f0","008109f0","","Global","FUN_00691a70","00691a70","0"
"","Global","FUN_00810bf0","00810bf0","","Global","FUN_00691c70","00691c70","0"
"","Global","FUN_00810cd0","00810cd0","","Global","FUN_00691d50","00691d50","0"
"","Global","FUN_00810d40","00810d40","","Global","FUN_00691dc0","00691dc0","0"
"","Global","FUN_00810d80","00810d80","","Global","FUN_00691e00","00691e00","0"
"","Global","FUN_00810dc0","00810dc0","","Global","FUN_00691e40","00691e40","0"
"","Global","FUN_00810e30","00810e30","","Global","FUN_00691eb0","00691eb0","0"
"","Global","FUN_00810e50","00810e50","","Global","FUN_00691ed0","00691ed0","0"
"","Global","FUN_00810e70","00810e70","","Global","FUN_00691ef0","00691ef0","0"
"","Global","FUN_00810eb0","00810eb0","","Global","FUN_00691f30","00691f30","0"
"","Global","FUN_00810f00","00810f00","","Global","FUN_00691f80","00691f80","0"
"","Global","FUN_00810f80","00810f80","","Global","FUN_00692000","00692000","0"
"","Global","FUN_00811030","00811030","","Global","FUN_006920b0","006920b0","0"
"","Global","FUN_008111b0","008111b0","","Global","FUN_00692230","00692230","0"
"","Global","FUN_00811230","00811230","","Global","FUN_006922b0","006922b0","0"
"","Global","FUN_00813180","00813180","","Global","FUN_006bda80","006bda80","0"
"","Global","FUN_00813570","00813570","","Global","FUN_006bde70","006bde70","0"
"","Global","FUN_008141d0","008141d0","","Global","FUN_006a9d50","006a9d50","0"
"","Global","FUN_00814da0","00814da0","","Global","FUN_006ad530","006ad530","0"
"","Global","FUN_00814df0","00814df0","","Global","FUN_006c1790","006c1790","0"
"","Global","FUN_00815060","00815060","","Global","FUN_006c1a00","006c1a00","0"
"","Global","FUN_008158b0","008158b0","","Global","FUN_006a6390","006a6390","0"
"","Global","FUN_008160b0","008160b0","","Global","FUN_006a6ab0","006a6ab0","0"
"","Global","FUN_00816710","00816710","","Global","FUN_006a72f0","006a72f0","0"
"","Global","FUN_008168f0","008168f0","","Global","FUN_006a7610","006a7610","0"
"","Global","FUN_00817390","00817390","","Global","FUN_006a8650","006a8650","0"
"","Global","FUN_00817670","00817670","","Global","FUN_006a8a10","006a8a10","0"
"","Global","FUN_008176d0","008176d0","","Global","FUN_006a8a70","006a8a70","0"
"","Global","FUN_00817d90","00817d90","","Global","FUN_006ad4f0","006ad4f0","0"
"","Global","FUN_00817dc0","00817dc0","","Global","FUN_0086db20","0086db20","0"
"","Global","FUN_00817f20","00817f20","","Global","FUN_006ad6e0","006ad6e0","0"
"","Global","FUN_0081b340","0081b340","","Global","FUN_006ad860","006ad860","0"
"","Global","FUN_0081b380","0081b380","","Global","FUN_006b14b0","006b14b0","0"
"","Global","FUN_0081b3c0","0081b3c0","","Global","FUN_006b14f0","006b14f0","0"
"","Global","FUN_0081c250","0081c250","","Global","FUN_006bf710","006bf710","0"
"","Global","FUN_0081c3b0","0081c3b0","","Global","FUN_006bf8e0","006bf8e0","0"
"","Global","FUN_0081cd80","0081cd80","","Global","FUN_006cd510","006cd510","0"
"","Global","SqsAllVoiceTerminate","0081cf80","","Global","FUN_006cd710","006cd710","0"
"","Global","SqsBattleWaveDataSend","0081d0a0","","Global","FUN_006cd7b0","006cd7b0","0"
"","Global","SqsDataSendingCompleted","0081d0e0","","Global","FUN_006cd7f0","006cd7f0","0"
"","Global","FUN_0081d3d0","0081d3d0","","Global","FUN_006cda70","006cda70","0"
"","Global","SqsMusicDataRead","0081d930","","Global","FUN_006ce030","006ce030","0"
"","Global","FUN_0081d9b0","0081d9b0","","Global","FUN_006ce0b0","006ce0b0","0"
"","Global","FUN_0081dcc0","0081dcc0","","Global","FUN_006ce3c0","006ce3c0","0"
"","Global","FUN_0081dd50","0081dd50","","Global","FUN_006ce450","006ce450","0"
"","Global","FUN_0081df50","0081df50","","Global","FUN_006ce650","006ce650","0"
"","Global","FUN_0081e0e0","0081e0e0","","Global","FUN_006ce7e0","006ce7e0","0"
"","Global","FUN_0081e160","0081e160","","Global","FUN_006ce860","006ce860","0"
"","Global","FUN_0081e370","0081e370","","Global","FUN_006cea70","006cea70","0"
"","Global","FUN_0081e3e0","0081e3e0","","Global","FUN_006ceae0","006ceae0","0"
"","Global","FUN_0081e640","0081e640","","Global","FUN_006ced80","006ced80","0"
"","Global","SqsSeSeparateClear","0081e6e0","","Global","FUN_006cee30","006cee30","0"
"","Global","SqsSeSeparateDataSend","0081e710","","Global","FUN_006cee60","006cee60","0"
"","Global","SqsSeSeparateMaskClear","0081e860","","Global","FUN_006cefb0","006cefb0","0"
"","Global","SqsSeStop","0081e8d0","","Global","FUN_006cf020","006cf020","0"
"","Global","SqsSeVolumeFadeOut","0081e950","","Global","FUN_006cf0a0","006cf0a0","0"
"","Global","SqsSetPlayMode","0081eb10","","Global","FUN_006cf2e0","006cf2e0","0"
"","Global","FUN_0081eba0","0081eba0","","Global","FUN_006cf370","006cf370","0"
"","Global","FUN_0081ec00","0081ec00","","Global","FUN_006cf3c0","006cf3c0","0"
"","Global","FUN_0081eca0","0081eca0","","Global","FUN_006cf460","006cf460","0"
"","Global","FUN_0081edc0","0081edc0","","Global","FUN_006cf600","006cf600","0"
"","Global","FUN_0081ef30","0081ef30","","Global","FUN_006cf780","006cf780","0"
"","Global","FUN_0081efc0","0081efc0","","Global","FUN_006cf810","006cf810","0"
"","Global","FUN_0081f000","0081f000","","Global","FUN_006cf850","006cf850","0"
"","Global","FUN_0081fb20","0081fb20","","Global","FUN_006d03a0","006d03a0","0"
"","Global","FUN_0081fba0","0081fba0","","Global","FUN_006d0420","006d0420","0"
"","Global","Sg_GetDBuffDC","00820640","","Global","FUN_00604b00","00604b00","0"
"","Global","FUN_008207d0","008207d0","","Global","FUN_00604cc0","00604cc0","0"
"","Global","FUN_00821b60","00821b60","","Global","FUN_00606500","00606500","0"
"","Global","Sg_SetKeepFps","00821c00","","Global","FUN_006065a0","006065a0","0"
"","Global","Sg_SetMuteSound","00821d80","","Global","FUN_00606720","00606720","0"
"","Global","FUN_00821de0","00821de0","","Global","FUN_00606780","00606780","0"
"","Global","FUN_00821e80","00821e80","","Global","FUN_00606820","00606820","0"
"","Global","FUN_00821f60","00821f60","","Global","FUN_00606900","00606900","0"
"","Global","getUCStatus","008224f0","","Global","FUN_00606dd0","00606dd0","0"
"","Global","Ch_ClothMeshMappingOffset","008246b0","","Global","FUN_006f65d0","006f65d0","0"
"","Global","FUN_00824cc0","00824cc0","","Global","FUN_006f6920","006f6920","0"
"","Global","FUN_00824d00","00824d00","","Global","FUN_006f6960","006f6960","0"
"","Global","FUN_00824d70","00824d70","","Global","FUN_006f69d0","006f69d0","0"
"","Global","FUN_00824dd0","00824dd0","","Global","FUN_006f6a30","006f6a30","0"
"","Global","FUN_00824e30","00824e30","","Global","FUN_006f6ad0","006f6ad0","0"
"","Global","FUN_00824e60","00824e60","","Global","FUN_006f6b00","006f6b00","0"
"","Global","FUN_00824ea0","00824ea0","","Global","FUN_006f6b40","006f6b40","0"
"","Global","FUN_00824ef0","00824ef0","","Global","FUN_006f6b90","006f6b90","0"
"","Global","Ch_Allocate2","008256d0","","Global","FUN_006d52c0","006d52c0","0"
"","Global","Ch_ArcMapping","00825770","","Global","FUN_006d53a0","006d53a0","0"
"","Global","Ch_BlkDispose","00825950","","Global","FUN_006d5950","006d5950","0"
"","Global","Ch_BlkGetHandleFast","00825f20","","Global","FUN_006d60f0","006d60f0","0"
"","Global","Ch_CbArcMapping","00825f60","","Global","FUN_006d6130","006d6130","0"
"","Global","Ch_CheckHandle","00826230","","Global","FUN_006d63c0","006d63c0","0"
"","Global","FUN_00826270","00826270","","Global","FUN_006d6400","006d6400","0"
"","Global","Ch_ClothMeshDestroy","008262e0","","Global","FUN_006d64c0","006d64c0","0"
"","Global","Ch_ClothMeshMapping","008263c0","","Global","FUN_006d65a0","006d65a0","0"
"","Global","FUN_00826a00","00826a00","","Global","FUN_006d6ff0","006d6ff0","0"
"","Global","Ch_FunctionHistoryDump","00826a60","","Global","FUN_006d7070","006d7070","0"
"","Global","Ch_FunctionHistoryInit","00826ac0","","Global","FUN_006d70d0","006d70d0","0"
"","Global","Ch_GetBlkDirName","00826ae0","","Global","FUN_006d70f0","006d70f0","0"
"","Global","FUN_00826b00","00826b00","","Global","FUN_006d7220","006d7220","0"
"","Global","Ch_GetChrRenderInsatanceFromOEF2Content","00826b70","","Global","FUN_006d7190","006d7190","0"
"","Global","Ch_GetId","00826c00","","Global","FUN_006d72a0","006d72a0","0"
"","Global","Ch_GetRestPoseMatrices","00826c20","","Global","FUN_006d72c0","006d72c0","0"
"","Global","Ch_HandleGetNext","00826df0","","Global","FUN_006d7490","006d7490","0"
"","Global","FUN_00826e40","00826e40","","Global","FUN_006d74e0","006d74e0","0"
"","Global","FUN_00827020","00827020","","Global","FUN_006d76d0","006d76d0","0"
"","Global","FUN_0082703c","0082703c","","Global","FUN_006d76ec","006d76ec","0"
"","Global","Ch_ReadMotionViewer","00828440","","Global","FUN_006d92e0","006d92e0","0"
"","Global","FUN_00828660","00828660","","Global","FUN_006d9530","006d9530","0"
"","Global","Ch_WorkSwap","00828bb0","","Global","FUN_006d9a50","006d9a50","0"
"","Global","FUN_00828be0","00828be0","","Global","FUN_006d9a80","006d9a80","0"
"","Global","FUN_00828c60","00828c60","","Global","FUN_006d9b00","006d9b00","0"
"","Global","FUN_00829620","00829620","","Global","FUN_006f6a60","006f6a60","0"
"","Global","FUN_00829660","00829660","","Global","FUN_006da520","006da520","0"
"","Global","FUN_00829c80","00829c80","","Global","FUN_006dab50","006dab50","0"
"","Global","sg_getdbname","00829d10","","Global","FUN_006dabb0","006dabb0","0"
"","Global","FUN_00829e00","00829e00","","Global","FUN_006daca0","006daca0","0"
"","Global","sg_getdbtype","00829e90","","Global","FUN_006dad30","006dad30","0"
"","Global","Ch_AnalysisChrNum","00829ee0","","Global","FUN_006d08e0","006d08e0","0"
"","Global","Ch_DataReadSync","0082a0c0","","Global","FUN_006d0b30","006d0b30","0"
"","Global","Ch_GetCharID","0082a100","","Global","FUN_006d0ba0","006d0ba0","0"
"","Global","Ch_IsLoadingClothFile","0082a180","","Global","FUN_006d0c20","006d0c20","0"
"","Global","Ch_LoadClothFileTask","0082a1c0","","Global","FUN_006d0c60","006d0c60","0"
"","Global","Ch_RomDataReadInit","0082a670","","Global","FUN_006d0ff0","006d0ff0","0"
"","Global","FUN_0082a6c0","0082a6c0","","Global","FUN_006d1040","006d1040","0"
"","Global","Ch_RomReadChrCB","0082a740","","Global","FUN_006d10c0","006d10c0","0"
"","Global","FUN_0082a870","0082a870","","Global","FUN_006d1200","006d1200","0"
"","Global","FUN_0082a910","0082a910","","Global","FUN_006e5840","006e5840","0"
"","Global","FUN_0082a930","0082a930","","Global","FUN_006e5860","006e5860","0"
"","Global","Ch_EffectGetResidentPtr","0082aa30","","Global","FUN_006e5970","006e5970","0"
"","Global","Ch_EnBodyHit","0082aa70","","Global","FUN_006e59b0","006e59b0","0"
"","Global","Ch_EnMapID","0082aaf0","","Global","FUN_006e5a30","006e5a30","0"
"","Global","FUN_0082ac60","0082ac60","","Global","FUN_006e5bc0","006e5bc0","0"
"","Global","Ch_GetHideEvent","0082aca0","","Global","FUN_006e5c00","006e5c00","0"
"","Global","Ch_GetRot","0082ad60","","Global","FUN_006e5d30","006e5d30","0"
"","Global","FUN_0082ae50","0082ae50","","Global","FUN_006e5ed0","006e5ed0","0"
"","Global","Ch_MotionSetHokan","0082b030","","Global","FUN_006e6000","006e6000","0"
"","Global","Ch_MotionSetMoves","0082b060","","Global","FUN_006e6030","006e6030","0"
"","Global","Ch_MotionSetNextHokan","0082b090","","Global","FUN_006e6060","006e6060","0"
"","Global","Ch_MoveSetChgRun","0082b0c0","","Global","FUN_006e6090","006e6090","0"
"","Global","Ch_ResetMotion","0082b100","","Global","FUN_006e60d0","006e60d0","0"
"","Global","FUN_0082b130","0082b130","","Global","FUN_006e6100","006e6100","0"
"","Global","Ch_SetClipZ","0082b1d0","","Global","FUN_006e61a0","006e61a0","0"
"","Global","Ch_SetResHide","0082b560","","Global","FUN_006e65e0","006e65e0","0"
"","Global","Ch_SetScale","0082b5e0","","Global","FUN_006e6750","006e6750","0"
"","Global","Ch_SetScaleAll","0082b610","","Global","FUN_006e6780","006e6780","0"
"","Global","FUN_0082b820","0082b820","","Global","FUN_006e6940","006e6940","0"
"","Global","Ch_SetShadowMode","0082b8a0","","Global","FUN_006e69c0","006e69c0","0"
"","Global","Ch_SetThickness","0082b900","","Global","FUN_006e6a60","006e6a60","0"
"","Global","FUN_0082b9a0","0082b9a0","","Global","FUN_006e6b20","006e6b20","0"
"","Global","Ch_SetWeight","0082b9c0","","Global","FUN_006e6b40","006e6b40","0"
"","Global","FUN_0082ba10","0082ba10","","Global","FUN_006e6ba0","006e6ba0","0"
"","Global","TkChPatchM339","0082ba80","","Global","FUN_0072d2d0","0072d2d0","0"
"","Global","FUN_0082bb70","0082bb70","","Global","FUN_006d3420","006d3420","0"
"","Global","FUN_0082bc10","0082bc10","","Global","FUN_006d34c0","006d34c0","0"
"","Global","FUN_0082bcd0","0082bcd0","","Global","FUN_006d3580","006d3580","0"
"","Global","FUN_0082be70","0082be70","","Global","FUN_006d3740","006d3740","0"
"","Global","FUN_0082bea0","0082bea0","","Global","FUN_006d3770","006d3770","0"
"","Global","FUN_0082bf00","0082bf00","","Global","FUN_006d37d0","006d37d0","0"
"","Global","FUN_0082bfe0","0082bfe0","","Global","FUN_006d38d0","006d38d0","0"
"","Global","Sg_DrawSetEnvironment","0082c830","","Global","FUN_006d4230","006d4230","0"
"","Global","FUN_0082c950","0082c950","","Global","FUN_006d4350","006d4350","0"
"","Global","FUN_0082cb20","0082cb20","","Global","FUN_006d4520","006d4520","0"
"","Global","Sg_EnFocus","0082cbe0","","Global","FUN_006d45e0","006d45e0","0"
"","Global","FUN_0082cd20","0082cd20","","Global","FUN_006d4810","006d4810","0"
"","Global","FUN_0082ce40","0082ce40","","Global","FUN_006d4980","006d4980","0"
"","Global","sg_AccSetCurrent","0082cf10","","Global","FUN_006d4a80","006d4a80","0"
"","Global","FUN_0082d000","0082d000","","Global","FUN_006d4b70","006d4b70","0"
"","Global","FUN_0082d0b0","0082d0b0","","Global","FUN_006df6b0","006df6b0","0"
"","Global","Sg_GetPlayerPos","0082d900","","Global","FUN_006dff70","006dff70","0"
"","Global","FUN_0082d9d0","0082d9d0","","Global","FUN_006e00f0","006e00f0","0"
"","Global","FUN_0082da10","0082da10","","Global","FUN_006e0130","006e0130","0"
"","Global","FUN_0082da60","0082da60","","Global","FUN_006e0180","006e0180","0"
"","Global","Sg_SetExecFrames","0082dae0","","Global","FUN_006e0200","006e0200","0"
"","Global","FUN_0082db30","0082db30","","Global","FUN_006e0250","006e0250","0"
"","Global","Sg_SetPlayer","0082db50","","Global","FUN_006e0270","006e0270","0"
"","Global","FUN_0082e410","0082e410","","Global","FUN_006db5d0","006db5d0","0"
"","Global","FUN_0082eb70","0082eb70","","Global","FUN_006db870","006db870","0"
"","Global","FUN_0082ec20","0082ec20","","Global","FUN_006db920","006db920","0"
"","Global","FUN_0082ecb0","0082ecb0","","Global","FUN_006db9b0","006db9b0","0"
"","Global","FUN_008303b0","008303b0","","Global","FUN_006dd7f0","006dd7f0","0"
"","Global","FUN_00830420","00830420","","Global","FUN_006dd860","006dd860","0"
"","Global","FUN_00830490","00830490","","Global","FUN_006dd8f0","006dd8f0","0"
"","Global","FUN_008304d0","008304d0","","Global","FUN_006dd9e0","006dd9e0","0"
"","Global","FUN_00830510","00830510","","Global","FUN_006dda20","006dda20","0"
"","Global","FUN_00830580","00830580","","Global","FUN_006dda90","006dda90","0"
"","Global","FUN_008305d0","008305d0","","Global","FUN_006ddae0","006ddae0","0"
"","Global","FUN_00830b80","00830b80","","Global","FUN_006de160","006de160","0"
"","Global","FUN_00830ba0","00830ba0","","Global","FUN_006de180","006de180","0"
"","Global","FUN_00831250","00831250","","Global","FUN_006de500","006de500","0"
"","Global","FUN_00831380","00831380","","Global","FUN_006de530","006de530","0"
"","Global","FUN_00831470","00831470","","Global","FUN_006de5c0","006de5c0","0"
"","Global","FUN_00831500","00831500","","Global","FUN_006de650","006de650","0"
"","Global","FUN_00831860","00831860","","Global","FUN_006ded20","006ded20","0"
"","Global","Sg_PLightGetColor","00831ae0","","Global","FUN_006defe0","006defe0","0"
"","Global","Sg_PLightGetPos","00831bb0","","Global","FUN_006df0b0","006df0b0","0"
"","Global","FUN_00831c20","00831c20","","Global","FUN_006def90","006def90","0"
"","Global","FUN_00831c90","00831c90","","Global","FUN_006df190","006df190","0"
"","Global","FUN_00831d20","00831d20","","Global","FUN_006df220","006df220","0"
"","Global","FUN_008320d0","008320d0","","Global","FUN_006df5d0","006df5d0","0"
"","Global","FUN_00832e30","00832e30","","Global","FUN_006e1110","006e1110","0"
"","Global","FUN_008337f0","008337f0","","Global","FUN_006e1b40","006e1b40","0"
"","Global","Ch_ClothResetRelation","008338e0","","Global","FUN_006e1c30","006e1c30","0"
"","Global","Ch_ElemCalcQuaternion","008339e0","","Global","FUN_006e1d50","006e1d50","0"
"","Global","Ch_ElemGetAttr","00833af0","","Global","FUN_006e1e60","006e1e60","0"
"","Global","FUN_00833c00","00833c00","","Global","FUN_006e1f70","006e1f70","0"
"","Global","FUN_00833c70","00833c70","","Global","FUN_006e1fe0","006e1fe0","0"
"","Global","Ch_ElemGetMatrix","00833cb0","","Global","FUN_006e2020","006e2020","0"
"","Global","FUN_00833d70","00833d70","","Global","FUN_006e20e0","006e20e0","0"
"","Global","FUN_00833e70","00833e70","","Global","FUN_006e21f0","006e21f0","0"
"","Global","Ch_ElemSetReplaceMatrix","00833eb0","","Global","FUN_006e2230","006e2230","0"
"","Global","Ch_GuiSetCalcNormAll","00834110","","Global","FUN_006e2420","006e2420","0"
"","Global","FUN_00834120","00834120","","Global","FUN_006e2430","006e2430","0"
"","Global","FUN_00834150","00834150","","Global","FUN_006e2460","006e2460","0"
"","Global","FUN_008343d0","008343d0","","Global","FUN_006e28c0","006e28c0","0"
"","Global","Ch_MouthInit","008347d0","","Global","FUN_006e2d20","006e2d20","0"
"","Global","FUN_00834820","00834820","","Global","FUN_006e2d70","006e2d70","0"
"","Global","FUN_00835050","00835050","","Global","FUN_006e37b0","006e37b0","0"
"","Global","Ch_NeckSetSpeed","008350a0","","Global","FUN_006e3850","006e3850","0"
"","Global","FUN_00835700","00835700","","Global","FUN_006e3ea0","006e3ea0","0"
"","Global","Ch_OptposGetMatrix","00835730","","Global","FUN_006e3ed0","006e3ed0","0"
"","Global","Ch_SetCalcNorm","008357d0","","Global","FUN_006e3f60","006e3f60","0"
"","Global","FUN_00835870","00835870","","Global","FUN_006e4030","006e4030","0"
"","Global","FUN_00835f50","00835f50","","Global","FUN_006e4cd0","006e4cd0","0"
"","Global","FUN_00836000","00836000","","Global","FUN_006e4ea0","006e4ea0","0"
"","Global","FUN_008360a0","008360a0","","Global","FUN_006e4f40","006e4f40","0"
"","Global","Sg_InitLight","00836130","","Global","FUN_006e4ff0","006e4ff0","0"
"","Global","FUN_008362d0","008362d0","","Global","FUN_006e5110","006e5110","0"
"","Global","FUN_008366c0","008366c0","","Global","FUN_006e55d0","006e55d0","0"
"","Global","FUN_00836810","00836810","","Global","FUN_006e5720","006e5720","0"
"","Global","ChN_ExistSystemMGRP","008368d0","","Global","FUN_006d1260","006d1260","0"
"","Global","ChN_ReadSystemMGRPsync","00836ad0","","Global","FUN_006d13e0","006d13e0","0"
"","Global","FUN_00836d10","00836d10","","Global","FUN_006d18a0","006d18a0","0"
"","Global","FUN_00836e20","00836e20","","Global","FUN_006d1a50","006d1a50","0"
"","Global","FUN_00836f90","00836f90","","Global","FUN_006d1cb0","006d1cb0","0"
"","Global","FUN_008370d0","008370d0","","Global","FUN_006d1e50","006d1e50","0"
"","Global","FUN_00837230","00837230","","Global","FUN_006d2050","006d2050","0"
"","Global","FUN_008373d0","008373d0","","Global","FUN_006d2280","006d2280","0"
"","Global","FUN_00837540","00837540","","Global","FUN_006d24c0","006d24c0","0"
"","Global","FUN_008375c0","008375c0","","Global","FUN_006d2540","006d2540","0"
"","Global","FUN_008375f0","008375f0","","Global","FUN_006d2570","006d2570","0"
"","Global","FUN_00837610","00837610","","Global","FUN_006d2590","006d2590","0"
"","Global","FUN_008376b0","008376b0","","Global","FUN_006d2650","006d2650","0"
"","Global","FUN_008376d0","008376d0","","Global","FUN_006d2670","006d2670","0"
"","Global","FUN_008376f0","008376f0","","Global","FUN_006d2690","006d2690","0"
"","Global","FUN_00837730","00837730","","Global","FUN_006d26d0","006d26d0","0"
"","Global","Ch_RelElemMapping","00837820","","Global","FUN_006d27d0","006d27d0","0"
"","Global","FUN_00837e90","00837e90","","Global","FUN_006d2fe0","006d2fe0","0"
"","Global","ch_create_name","00838180","","Global","FUN_006d32d0","006d32d0","0"
"","Global","ch_create_section","008381d0","","Global","FUN_006d3320","006d3320","0"
"","Global","FUN_008381f0","008381f0","","Global","FUN_006d3340","006d3340","0"
"","Global","FUN_008382a0","008382a0","","Global","FUN_006d33f0","006d33f0","0"
"","Global","FUN_00838ce0","00838ce0","","Global","FUN_006e79a0","006e79a0","0"
"","Global","FUN_008391c0","008391c0","","Global","FUN_006e8260","006e8260","0"
"","Global","FUN_00839550","00839550","","Global","FUN_006e86d0","006e86d0","0"
"","Global","FUN_00839910","00839910","","Global","FUN_006e8ab0","006e8ab0","0"
"","Global","FUN_00839970","00839970","","Global","FUN_006e8b10","006e8b10","0"
"","Global","FUN_00839d30","00839d30","","Global","FUN_006e8f90","006e8f90","0"
"","Global","FUN_00839fd0","00839fd0","","Global","FUN_006e9250","006e9250","0"
"","Global","Sg_Capture","0083a2f0","","Global","FUN_006e95a0","006e95a0","0"
"","Global","Sg_CaptureEnable","0083a4f0","","Global","FUN_006e97a0","006e97a0","0"
"","Global","FUN_0083a570","0083a570","","Global","FUN_006e9820","006e9820","0"
"","Global","FUN_0083a600","0083a600","","Global","FUN_006e98b0","006e98b0","0"
"","Global","Sg_CaptureGetGuiHide","0083a6a0","","Global","FUN_00857340","00857340","0"
"","Global","Sg_CaptureToFile","0083a710","","Global","FUN_006e99c0","006e99c0","0"
"","Global","FUN_0083aa20","0083aa20","","Global","FUN_006e9cd0","006e9cd0","0"
"","Global","FUN_0083ad40","0083ad40","","Global","FUN_006e9ff0","006e9ff0","0"
"","Global","FUN_0083adb0","0083adb0","","Global","FUN_006ea060","006ea060","0"
"","Global","FUN_0083ae70","0083ae70","","Global","FUN_006ea120","006ea120","0"
"","Global","FUN_0083af20","0083af20","","Global","FUN_006ea400","006ea400","0"
"","Global","FUN_0083b060","0083b060","","Global","FUN_006ea540","006ea540","0"
"","Global","FUN_0083b1c0","0083b1c0","","Global","FUN_006ea670","006ea670","0"
"","Global","_Sg_PcRead","0083b250","","Global","FUN_006ea700","006ea700","0"
"","Global","FUN_0083b390","0083b390","","Global","FUN_006ea840","006ea840","0"
"","Global","Sg_EventjumpDispose","0083b4a0","","Global","FUN_006eba60","006eba60","0"
"","Global","FUN_0083b6f0","0083b6f0","","Global","FUN_006ebcc0","006ebcc0","0"
"","Global","FUN_0083b7f0","0083b7f0","","Global","FUN_006eaa50","006eaa50","0"
"","Global","Sg_MemCheck","0083b830","","Global","FUN_006eaa90","006eaa90","0"
"","Global","FUN_0083bad0","0083bad0","","Global","FUN_006ead50","006ead50","0"
"","Global","FUN_0083bb30","0083bb30","","Global","FUN_006eadb0","006eadb0","0"
"","Global","Sg_MemDump","0083bbd0","","Global","FUN_006eaeb0","006eaeb0","0"
"","Global","FUN_0083bc10","0083bc10","","Global","FUN_006eaef0","006eaef0","0"
"","Global","FUN_0083bd50","0083bd50","","Global","FUN_006eb070","006eb070","0"
"","Global","FUN_0083bda0","0083bda0","","Global","FUN_006eb0c0","006eb0c0","0"
"","Global","FUN_0083be30","0083be30","","Global","FUN_006eb170","006eb170","0"
"","Global","Sg_MemGetSize","0083c0d0","","Global","FUN_006eb490","006eb490","0"
"","Global","FUN_0083c0f0","0083c0f0","","Global","FUN_006eb4b0","006eb4b0","0"
"","Global","FUN_0083c130","0083c130","","Global","FUN_006eb4f0","006eb4f0","0"
"","Global","FUN_0083c3a0","0083c3a0","","Global","FUN_006eb690","006eb690","0"
"","Global","FUN_0083c3d0","0083c3d0","","Global","FUN_006eb6c0","006eb6c0","0"
"","Global","Sg_MemSetAlign","0083c520","","Global","FUN_006eb810","006eb810","0"
"","Global","Sg_MemSetMoveHeapStartAddr","0083c5b0","","Global","FUN_006eb8a0","006eb8a0","0"
"","Global","FUN_0083c5e0","0083c5e0","","Global","FUN_006eb8d0","006eb8d0","0"
"","Global","FUN_0083c630","0083c630","","Global","FUN_006eb920","006eb920","0"
"","Global","FUN_0083c680","0083c680","","Global","FUN_006eb970","006eb970","0"
"","Global","_Sg_MemDump","0083c6b0","","Global","FUN_006eb9a0","006eb9a0","0"
"","Global","FUN_0083c720","0083c720","","Global","FUN_006eba10","006eba10","0"
"","Global","Ch_ClutEnable","0083c940","","Global","FUN_006f3b40","006f3b40","0"
"","Global","FUN_0083c9b0","0083c9b0","","Global","FUN_006f3bb0","006f3bb0","0"
"","Global","FUN_0083c9d0","0083c9d0","","Global","FUN_006f3bd0","006f3bd0","0"
"","Global","FUN_0083c9f0","0083c9f0","","Global","FUN_006f3bf0","006f3bf0","0"
"","Global","FUN_0083ca20","0083ca20","","Global","FUN_006f3c20","006f3c20","0"
"","Global","Ch_TexDataMapping","0083cba0","","Global","FUN_006f3db0","006f3db0","0"
"","Global","FUN_0083cd20","0083cd20","","Global","FUN_006f3f30","006f3f30","0"
"","Global","FUN_0083cd50","0083cd50","","Global","FUN_006f3f60","006f3f60","0"
"","Global","FUN_0083cf80","0083cf80","","Global","FUN_006f4210","006f4210","0"
"","Global","Ch_TextureSetAnim","0083d040","","Global","FUN_006f42d0","006f42d0","0"
"","Global","Ch_TextureSetAnimTimer","0083d070","","Global","FUN_006f4300","006f4300","0"
"","Global","Ch_TextureSetup","0083d0a0","","Global","FUN_006f4330","006f4330","0"
"","Global","FUN_0083d250","0083d250","","Global","FUN_006f4540","006f4540","0"
"","Global","FUN_0083d330","0083d330","","Global","FUN_006f4620","006f4620","0"
"","Global","Sg_GsloadSetBase","0083d370","","Global","FUN_006f4660","006f4660","0"
"","Global","FUN_0083d840","0083d840","","Global","FUN_006ec2e0","006ec2e0","0"
"","Global","FUN_0083e040","0083e040","","Global","FUN_006ed260","006ed260","0"
"","Global","FUN_0083e130","0083e130","","Global","FUN_006ed350","006ed350","0"
"","Global","FUN_0083e3e0","0083e3e0","","Global","FUN_006ed670","006ed670","0"
"","Global","FUN_0083e4e0","0083e4e0","","Global","FUN_006ebd50","006ebd50","0"
"","Global","FUN_0083e5c0","0083e5c0","","Global","FUN_006ed770","006ed770","0"
"","Global","FUN_0083e980","0083e980","","Global","FUN_006edc90","006edc90","0"
"","Global","FUN_0083e9b0","0083e9b0","","Global","FUN_006edcc0","006edcc0","0"
"","Global","FUN_0083eb30","0083eb30","","Global","FUN_006ede20","006ede20","0"
"","Global","FUN_0083f050","0083f050","","Global","FUN_006ef320","006ef320","0"
"","Global","FUN_0083f130","0083f130","","Global","FUN_006ef3e0","006ef3e0","0"
"","Global","FUN_0083f1c0","0083f1c0","","Global","FUN_006ef490","006ef490","0"
"","Global","FUN_0083f260","0083f260","","Global","FUN_006ef530","006ef530","0"
"","Global","FUN_0083f2a0","0083f2a0","","Global","FUN_006ef570","006ef570","0"
"","Global","FUN_0083f710","0083f710","","Global","FUN_006efc00","006efc00","0"
"","Global","Sg_SetScreenCenter","0083f7a0","","Global","FUN_006efcd0","006efcd0","0"
"","Global","Load1TIM","0083f800","","Global","FUN_006f1d40","006f1d40","0"
"","Global","FUN_0083f850","0083f850","","Global","FUN_006f1d90","006f1d90","0"
"","Global","FUN_0083f880","0083f880","","Global","FUN_006f1dc0","006f1dc0","0"
"","Global","Sg_GetResource","0083fbe0","","Global","FUN_006f2140","006f2140","0"
"","Global","Sg_GetResourceSTR","0083fc30","","Global","FUN_006f2190","006f2190","0"
"","Global","Sg_SetResource","0083fe10","","Global","FUN_006f23f0","006f23f0","0"
"","Global","Sg_SetResourceSTR","0083fe60","","Global","FUN_006f2440","006f2440","0"
"","Global","Cache_CheckYet","0083ffe0","","Global","FUN_006f25e0","006f25e0","0"
"","Global","FUN_00840120","00840120","","Global","FUN_006f26f0","006f26f0","0"
"","Global","Cache_Entry_ClothVertexBuff","008405b0","","Global","FUN_006f2c80","006f2c80","0"
"","Global","Cache_Entry_NotYet","008405f0","","Global","FUN_006f2cc0","006f2cc0","0"
"","Global","Cache_Exist","008406f0","","Global","FUN_006f2dc0","006f2dc0","0"
"","Global","FUN_00840750","00840750","","Global","FUN_006f2e20","006f2e20","0"
"","Global","FUN_00840910","00840910","","Global","FUN_006f2fa0","006f2fa0","0"
"","Global","FUN_00840960","00840960","","Global","FUN_006f2ff0","006f2ff0","0"
"","Global","Cache_SetLock","00840ac0","","Global","FUN_006f3160","006f3160","0"
"","Global","FUN_00840b00","00840b00","","Global","FUN_006f31a0","006f31a0","0"
"","Global","FUN_00840cf0","00840cf0","","Global","FUN_006f3390","006f3390","0"
"","Global","Cache_Unuse","00840d70","","Global","FUN_006f3410","006f3410","0"
"","Global","Cache_Use","00840dd0","","Global","FUN_006f34c0","006f34c0","0"
"","Global","FUN_00840f20","00840f20","","Global","FUN_006f38e0","006f38e0","0"
"","Global","FUN_00840fc0","00840fc0","","Global","FUN_006f7210","006f7210","0"
"","Global","FUN_00841230","00841230","","Global","FUN_006f7680","006f7680","0"
"","Global","Sg_DbInitAll","00841440","","Global","FUN_006f7960","006f7960","0"
"","Global","FUN_00841610","00841610","","Global","FUN_006f7c30","006f7c30","0"
"","Global","FUN_008416f0","008416f0","","Global","FUN_006f7d20","006f7d20","0"
"","Global","Sg_GsRGBAQ","00841aa0","","Global","FUN_006f81b0","006f81b0","0"
"","Global","Sg_GsSetPacket","00841cf0","","Global","FUN_006f8400","006f8400","0"
"","Global","Sg_GsStart","00841d10","","Global","FUN_006f8420","006f8420","0"
"","Global","Sg_GsTEXFLUSH","00841ee0","","Global","FUN_006f85f0","006f85f0","0"
"","Global","Sg_GsTexHokan","00841f10","","Global","FUN_006f8620","006f8620","0"
"","Global","Sg_GsUV","00841f60","","Global","FUN_006f8670","006f8670","0"
"","Global","Sg_GsUV2","00841fb0","","Global","FUN_006f8710","006f8710","0"
"","Global","FUN_008420e0","008420e0","","Global","FUN_006f8840","006f8840","0"
"","Global","Sg_GsXYZF2","00842140","","Global","FUN_006f88a0","006f88a0","0"
"","Global","FUN_008421b0","008421b0","","Global","FUN_006f8910","006f8910","0"
"","Global","FUN_00842c60","00842c60","","Global","FUN_006f05c0","006f05c0","0"
"","Global","FUN_00843100","00843100","","Global","FUN_006f0a50","006f0a50","0"
"","Global","FUN_00843140","00843140","","Global","FUN_006f0a90","006f0a90","0"
"","Global","FUN_008431a0","008431a0","","Global","FUN_006f0b00","006f0b00","0"
"","Global","FUN_008431d0","008431d0","","Global","FUN_006f0b30","006f0b30","0"
"","Global","Sg_GetIsPrerend","00843210","","Global","FUN_006f0b70","006f0b70","0"
"","Global","Sg_MFIFOSpadSync","008432d0","","Global","FUN_006f0c60","006f0c60","0"
"","Global","Sg_MFIFOSync","00843360","","Global","FUN_006f0d10","006f0d10","0"
"","Global","FUN_008437f0","008437f0","","Global","FUN_006f1170","006f1170","0"
"","Global","FUN_00844370","00844370","","Global","FUN_006f1c20","006f1c20","0"
"","Global","Sg_MapGetName","00844cf0","","Global","FUN_006eee20","006eee20","0"
"","Global","FUN_00845010","00845010","","Global","FUN_006ef1e0","006ef1e0","0"
"","Global","FUN_00845030","00845030","","Global","FUN_006ef200","006ef200","0"
"","Global","FUN_008450d0","008450d0","","Global","FUN_006f6c30","006f6c30","0"
"","Global","Sg_MatrixToQuaternion","00845170","","Global","FUN_006f6cd0","006f6cd0","0"
"","Global","Sg_QuaternionSlerp","00845310","","Global","FUN_006f6e70","006f6e70","0"
"","Global","Sg_QuaternionToMatrix","00845450","","Global","FUN_006f6fb0","006f6fb0","0"
"","Global","FUN_00845560","00845560","","Global","FUN_006f70c0","006f70c0","0"
"","Global","FUN_00845710","00845710","","Global","FUN_006f8c30","006f8c30","0"
"","Global","FUN_008457d0","008457d0","","Global","FUN_006f8cf0","006f8cf0","0"
"","Global","FUN_00845820","00845820","","Global","FUN_006f8d40","006f8d40","0"
"","Global","FUN_00845d70","00845d70","","Global","FUN_006bff80","006bff80","0"
"","Global","FUN_00846710","00846710","","Global","FUN_006fb2e0","006fb2e0","0"
"","Global","FUN_008467b0","008467b0","","Global","FUN_006fb380","006fb380","0"
"","Global","FUN_00846840","00846840","","Global","FUN_006fdd60","006fdd60","0"
"","Global","FUN_00847720","00847720","","Global","FUN_006fec00","006fec00","0"
"","Global","Gu_DrawMouseCursor","00847a40","","Global","FUN_006fef40","006fef40","0"
"","Global","Gu_DrawStart","00847b00","","Global","FUN_006ff000","006ff000","0"
"","Global","FUN_00847b50","00847b50","","Global","FUN_006ff050","006ff050","0"
"","Global","FUN_00848310","00848310","","Global","FUN_006ff810","006ff810","0"
"","Global","FUN_00848460","00848460","","Global","FUN_006ff960","006ff960","0"
"","Global","FUN_008484c0","008484c0","","Global","FUN_006ff9c0","006ff9c0","0"
"","Global","FUN_00848530","00848530","","Global","FUN_006ffa30","006ffa30","0"
"","Global","FUN_00848680","00848680","","Global","FUN_006ffb80","006ffb80","0"
"","Global","FUN_00848770","00848770","","Global","FUN_006ffc70","006ffc70","0"
"","Global","FUN_008487e0","008487e0","","Global","FUN_006ffce0","006ffce0","0"
"","Global","FUN_00848840","00848840","","Global","FUN_006ffd40","006ffd40","0"
"","Global","Gu_Printf","00848880","","Global","FUN_006ffd80","006ffd80","0"
"","Global","Gu_SetScissor","00848b40","","Global","FUN_00700040","00700040","0"
"","Global","FUN_00848c30","00848c30","","Global","FUN_00700130","00700130","0"
"","Global","Gu_SetTexFlush","00848d10","","Global","FUN_00700210","00700210","0"
"","Global","FUN_00848d60","00848d60","","Global","FUN_00700260","00700260","0"
"","Global","FUN_00848f20","00848f20","","Global","FUN_00700420","00700420","0"
"","Global","FUN_00848f60","00848f60","","Global","FUN_00700460","00700460","0"
"","Global","FUN_00848fe0","00848fe0","","Global","FUN_007004e0","007004e0","0"
"","Global","FUN_00849070","00849070","","Global","FUN_00700570","00700570","0"
"","Global","FUN_00849170","00849170","","Global","FUN_00700670","00700670","0"
"","Global","FUN_008492f0","008492f0","","Global","FUN_006fb450","006fb450","0"
"","Global","Gu_ButtonGetToggleValue","00849330","","Global","FUN_006fb490","006fb490","0"
"","Global","FUN_00849440","00849440","","Global","FUN_006fb5a0","006fb5a0","0"
"","Global","FUN_00849490","00849490","","Global","FUN_006fb5f0","006fb5f0","0"
"","Global","FUN_008494f0","008494f0","","Global","FUN_006fb650","006fb650","0"
"","Global","FUN_00849510","00849510","","Global","FUN_006fb670","006fb670","0"
"","Global","FUN_008495e0","008495e0","","Global","FUN_006fb740","006fb740","0"
"","Global","FUN_00849610","00849610","","Global","FUN_006fb770","006fb770","0"
"","Global","FUN_008496d0","008496d0","","Global","FUN_006fb830","006fb830","0"
"","Global","FUN_008497f0","008497f0","","Global","FUN_006fb950","006fb950","0"
"","Global","Gu_Main","00849850","","Global","FUN_006fb9b0","006fb9b0","0"
"","Global","FUN_008498e0","008498e0","","Global","FUN_006fba40","006fba40","0"
"","Global","Gu_MessageBox","00849970","","Global","FUN_006fbad0","006fbad0","0"
"","Global","FUN_00849a10","00849a10","","Global","FUN_006fbb70","006fbb70","0"
"","Global","FUN_00849b00","00849b00","","Global","FUN_006fbc60","006fbc60","0"
"","Global","Gu_MouseSetWindow","00849b90","","Global","FUN_006fbcf0","006fbcf0","0"
"","Global","Gu_SelectorAllocate","00849bb0","","Global","FUN_006fbd10","006fbd10","0"
"","Global","FUN_00849bd0","00849bd0","","Global","FUN_006fbd30","006fbd30","0"
"","Global","FUN_00849c00","00849c00","","Global","FUN_006fbd60","006fbd60","0"
"","Global","Gu_SelectorOpen","00849d60","","Global","FUN_006fbec0","006fbec0","0"
"","Global","Gu_SelectorOpenXYWH","00849dc0","","Global","FUN_006fbf20","006fbf20","0"
"","Global","FUN_00849e30","00849e30","","Global","FUN_006fbf90","006fbf90","0"
"","Global","Gu_SelectorResetNbItem","00849f40","","Global","FUN_006fc0a0","006fc0a0","0"
"","Global","Gu_SelectorSetItem","00849fd0","","Global","FUN_006fc130","006fc130","0"
"","Global","FUN_0084a000","0084a000","","Global","FUN_006fc160","006fc160","0"
"","Global","Gu_SelectorSetSelect","0084a0e0","","Global","FUN_006fc240","006fc240","0"
"","Global","Gu_SelectorSetSelectSTR","0084a110","","Global","FUN_006fc270","006fc270","0"
"","Global","FUN_0084a180","0084a180","","Global","FUN_006fc2e0","006fc2e0","0"
"","Global","Gu_VSync","0084a260","","Global","FUN_006fc3c0","006fc3c0","0"
"","Global","FUN_0084a530","0084a530","","Global","FUN_006fc690","006fc690","0"
"","Global","FUN_0084a580","0084a580","","Global","FUN_006fc6e0","006fc6e0","0"
"","Global","FUN_0084a600","0084a600","","Global","FUN_006fc760","006fc760","0"
"","Global","Gu_WindowControlSetDisable","0084a620","","Global","FUN_006fc780","006fc780","0"
"","Global","Gu_WindowControlSetHide","0084a670","","Global","FUN_006fc7d0","006fc7d0","0"
"","Global","FUN_0084a6c0","0084a6c0","","Global","FUN_006fc820","006fc820","0"
"","Global","Gu_WindowControlSetText","0084a710","","Global","FUN_006fc870","006fc870","0"
"","Global","FUN_0084a810","0084a810","","Global","FUN_006fc970","006fc970","0"
"","Global","Gu_WindowCreate","0084a920","","Global","FUN_006fca80","006fca80","0"
"","Global","FUN_0084ab80","0084ab80","","Global","FUN_006fcce0","006fcce0","0"
"","Global","FUN_0084abd0","0084abd0","","Global","FUN_006fcd30","006fcd30","0"
"","Global","FUN_0084ac80","0084ac80","","Global","FUN_006fcde0","006fcde0","0"
"","Global","FUN_0084af40","0084af40","","Global","FUN_006fd0a0","006fd0a0","0"
"","Global","FUN_0084afd0","0084afd0","","Global","FUN_006fd130","006fd130","0"
"","Global","FUN_0084b200","0084b200","","Global","FUN_006fd360","006fd360","0"
"","Global","FUN_0084b220","0084b220","","Global","FUN_006fd380","006fd380","0"
"","Global","Gu_WindowOpen","0084b250","","Global","FUN_006fd3b0","006fd3b0","0"
"","Global","FUN_0084b2e0","0084b2e0","","Global","FUN_006fd440","006fd440","0"
"","Global","FUN_0084b540","0084b540","","Global","FUN_006fd6a0","006fd6a0","0"
"","Global","Gu_WindowSetClientH","0084b580","","Global","FUN_006fd6e0","006fd6e0","0"
"","Global","FUN_0084b5d0","0084b5d0","","Global","FUN_006fd730","006fd730","0"
"","Global","FUN_0084b620","0084b620","","Global","FUN_006fd780","006fd780","0"
"","Global","FUN_0084b6b0","0084b6b0","","Global","FUN_006fd810","006fd810","0"
"","Global","FUN_0084b720","0084b720","","Global","FUN_006fd880","006fd880","0"
"","Global","FUN_0084b770","0084b770","","Global","FUN_006fd8d0","006fd8d0","0"
"","Global","FUN_0084b7b0","0084b7b0","","Global","FUN_006fd910","006fd910","0"
"","Global","FUN_0084b7f0","0084b7f0","","Global","FUN_006fd950","006fd950","0"
"","Global","_Gu_ControlMouseButtonHandle","0084b960","","Global","FUN_006fdac0","006fdac0","0"
"","Global","FUN_0084bae0","0084bae0","","Global","FUN_006fdc40","006fdc40","0"
"","Global","Gui_ButtonSetTexture","0084c9d0","","Global","FUN_007014d0","007014d0","0"
"","Global","Gui_ChrMenuInit","0084ca30","","Global","FUN_00701530","00701530","0"
"","Global","FUN_0084cc30","0084cc30","","Global","FUN_00701730","00701730","0"
"","Global","FUN_0084ccc0","0084ccc0","","Global","FUN_007017c0","007017c0","0"
"","Global","FUN_0084ce10","0084ce10","","Global","FUN_00701910","00701910","0"
"","Global","gui_chr_GWM_SELECTOR","0084d270","","Global","FUN_00701d50","00701d50","0"
"","Global","FUN_0084d3a0","0084d3a0","","Global","FUN_00701e80","00701e80","0"
"","Global","FUN_0084d3f0","0084d3f0","","Global","FUN_00701ed0","00701ed0","0"
"","Global","FUN_0084d4a0","0084d4a0","","Global","FUN_00701f80","00701f80","0"
"","Global","FUN_0084d540","0084d540","","Global","FUN_00702020","00702020","0"
"","Global","FUN_0084d5b0","0084d5b0","","Global","FUN_00702090","00702090","0"
"","Global","FUN_0084d5e0","0084d5e0","","Global","FUN_007020c0","007020c0","0"
"","Global","FUN_0084d730","0084d730","","Global","FUN_00702210","00702210","0"
"","Global","FUN_0084d790","0084d790","","Global","FUN_00702270","00702270","0"
"","Global","FUN_0084d8a0","0084d8a0","","Global","FUN_00702380","00702380","0"
"","Global","FUN_0084d940","0084d940","","Global","FUN_00702420","00702420","0"
"","Global","FUN_0084dac0","0084dac0","","Global","FUN_007025a0","007025a0","0"
"","Global","FUN_0084e100","0084e100","","Global","FUN_00702be0","00702be0","0"
"","Global","FUN_0084e3c0","0084e3c0","","Global","FUN_00702ea0","00702ea0","0"
"","Global","FUN_0084e590","0084e590","","Global","FUN_00703070","00703070","0"
"","Global","SgGu_BgColor","0084e7c0","","Global","FUN_007032a0","007032a0","0"
"","Global","SgGu_LightDump","0084e870","","Global","FUN_00703350","00703350","0"
"","Global","FUN_0084e8c0","0084e8c0","","Global","FUN_007033a0","007033a0","0"
"","Global","FUN_0084eb10","0084eb10","","Global","FUN_007035f0","007035f0","0"
"","Global","FUN_0084ebd0","0084ebd0","","Global","FUN_007036b0","007036b0","0"
"","Global","FUN_0084ed10","0084ed10","","Global","FUN_007037f0","007037f0","0"
"","Global","SystemOnHost","0084ede0","","Global","FUN_007038c0","007038c0","0"
"","Global","FUN_0084ef10","0084ef10","","Global","FUN_007039f0","007039f0","0"
"","Global","FUN_0084efd0","0084efd0","","Global","FUN_00703ab0","00703ab0","0"
"","Global","FUN_0084f080","0084f080","","Global","FUN_00703b60","00703b60","0"
"","Global","FUN_0084f1c0","0084f1c0","","Global","FUN_00703c90","00703c90","0"
"","Global","FUN_0084f230","0084f230","","Global","FUN_00703d00","00703d00","0"
"","Global","Sg_SelectMainMenu","0084f270","","Global","FUN_00703d40","00703d40","0"
"","Global","FUN_0084f340","0084f340","","Global","FUN_00703e10","00703e10","0"
"","Global","FUN_0084f490","0084f490","","Global","FUN_00703f60","00703f60","0"
"","Global","FUN_008504d0","008504d0","","Global","FUN_00705010","00705010","0"
"","Global","FUN_00850590","00850590","","Global","FUN_007050d0","007050d0","0"
"","Global","FUN_008506a0","008506a0","","Global","FUN_007051e0","007051e0","0"
"","Global","FUN_00850770","00850770","","Global","FUN_007052b0","007052b0","0"
"","Global","sg_AddY","00850820","","Global","FUN_00705360","00705360","0"
"","Global","sg_addStatic","008508f0","","Global","FUN_00705430","00705430","0"
"","Global","sg_mainmenu_mapname","00850940","","Global","FUN_00705480","00705480","0"
"","Global","sg_make_filelist","008509e0","","Global","FUN_00705520","00705520","0"
"","Global","FUN_00850b50","00850b50","","Global","FUN_00705a60","00705a60","0"
"","Global","FUN_00850b70","00850b70","","Global","FUN_00705a80","00705a80","0"
"","Global","FUN_00850e10","00850e10","","Global","FUN_00705d20","00705d20","0"
"","Global","FUN_00850e50","00850e50","","Global","FUN_00705d60","00705d60","0"
"","Global","FUN_00851010","00851010","","Global","FUN_00705f30","00705f30","0"
"","Global","FUN_00851060","00851060","","Global","FUN_00705f80","00705f80","0"
"","Global","FUN_008510e0","008510e0","","Global","FUN_00706000","00706000","0"
"","Global","Sg_SetDebugTEX_0","00851160","","Global","FUN_00706080","00706080","0"
"","Global","FUN_008511d0","008511d0","","Global","FUN_007060f0","007060f0","0"
"","Global","Sg_MouseButtonMain","008517c0","","Global","FUN_00705700","00705700","0"
"","Global","FUN_00851920","00851920","","Global","FUN_00705860","00705860","0"
"","Global","Sg_SetMouse","00851ae0","","Global","FUN_00705a20","00705a20","0"
"","Global","FUN_00851b20","00851b20","","Global","FUN_00706670","00706670","0"
"","Global","FUN_00851c70","00851c70","","Global","FUN_007067c0","007067c0","0"
"","Global","FUN_00851d20","00851d20","","Global","FUN_00706870","00706870","0"
"","Global","FUN_00851d60","00851d60","","Global","FUN_007068b0","007068b0","0"
"","Global","FUN_00851d80","00851d80","","Global","FUN_007068d0","007068d0","0"
"","Global","FUN_00851e10","00851e10","","Global","FUN_00706970","00706970","0"
"","Global","FUN_00851e70","00851e70","","Global","FUN_00706d10","00706d10","0"
"","Global","FUN_008523e0","008523e0","","Global","FUN_00706f20","00706f20","0"
"","Global","FUN_00852a30","00852a30","","Global","FUN_00707570","00707570","0"
"","Global","FUN_00853070","00853070","","Global","FUN_00707b40","00707b40","0"
"","Global","FUN_008530d0","008530d0","","Global","FUN_00707ba0","00707ba0","0"
"","Global","FUN_00853140","00853140","","Global","FUN_00707c10","00707c10","0"
"","Global","FUN_00853170","00853170","","Global","FUN_00707c40","00707c40","0"
"","Global","FUN_00853310","00853310","","Global","FUN_00707de0","00707de0","0"
"","Global","FUN_008533b0","008533b0","","Global","FUN_00707e80","00707e80","0"
"","Global","FUN_00853400","00853400","","Global","FUN_00707ed0","00707ed0","0"
"","Global","FUN_00853420","00853420","","Global","FUN_00707ef0","00707ef0","0"
"","Global","FUN_00853520","00853520","","Global","FUN_00707ff0","00707ff0","0"
"","Global","FUN_008537d0","008537d0","","Global","FUN_007082a0","007082a0","0"
"","Global","FUN_00853d40","00853d40","","Global","FUN_00708810","00708810","0"
"","Global","FUN_00853dc0","00853dc0","","Global","FUN_00708890","00708890","0"
"","Global","FUN_00853e40","00853e40","","Global","FUN_00708910","00708910","0"
"","Global","Gui_ClockInit","00853ea0","","Global","FUN_00708970","00708970","0"
"","Global","FUN_00854270","00854270","","Global","FUN_00708d60","00708d60","0"
"","Global","FUN_00854420","00854420","","Global","FUN_00708f10","00708f10","0"
"","Global","FUN_00854590","00854590","","Global","FUN_00709080","00709080","0"
"","Global","FUN_00854980","00854980","","Global","FUN_00709470","00709470","0"
"","Global","gui_eve_GWM_SELECTOR","00854df0","","Global","FUN_007098f0","007098f0","0"
"","Global","gui_eve_Init","00854e60","","Global","FUN_00709960","00709960","0"
"","Global","FUN_00854e80","00854e80","","Global","FUN_00709980","00709980","0"
"","Global","FUN_00854f60","00854f60","","Global","FUN_00709a60","00709a60","0"
"","Global","Gui_MemGraph","00854fd0","","Global","FUN_00709ad0","00709ad0","0"
"","Global","FUN_00855020","00855020","","Global","FUN_00709b20","00709b20","0"
"","Global","FUN_00855290","00855290","","Global","FUN_00709d90","00709d90","0"
"","Global","FUN_00855360","00855360","","Global","FUN_00709e60","00709e60","0"
"","Global","FUN_008553d0","008553d0","","Global","FUN_00709ed0","00709ed0","0"
"","Global","Gui_ProgAvarage","00855430","","Global","FUN_00709f30","00709f30","0"
"","Global","FUN_008554b0","008554b0","","Global","FUN_00709fb0","00709fb0","0"
"","Global","FUN_00855570","00855570","","Global","FUN_0070a070","0070a070","0"
"","switchD_0085558e","caseD_8011","008555e9","","switchD_0070a08e","caseD_8011","0070a0e9","0"
"","Global","FUN_00855a30","00855a30","","Global","FUN_0070a530","0070a530","0"
"","Global","FUN_00855b30","00855b30","","Global","FUN_0070a630","0070a630","0"
"","Global","FUN_00855bf0","00855bf0","","Global","FUN_0070a6f0","0070a6f0","0"
"","Global","FUN_00855c70","00855c70","","Global","FUN_007118f0","007118f0","0"
"","Global","FUN_00855cf0","00855cf0","","Global","FUN_007119b0","007119b0","0"
"","Global","FUN_00855db0","00855db0","","Global","FUN_00711e40","00711e40","0"
"","Global","FUN_00855e20","00855e20","","Global","FUN_00712310","00712310","0"
"","Global","FUN_00855e50","00855e50","","Global","FUN_00711b30","00711b30","0"
"","Global","FUN_00855ee0","00855ee0","","Global","FUN_00711c60","00711c60","0"
"","Global","FUN_00855fb0","00855fb0","","Global","FUN_007123f0","007123f0","0"
"","Global","FUN_00856050","00856050","","Global","FUN_00711d90","00711d90","0"
"","Global","FUN_00856080","00856080","","Global","FUN_00711e00","00711e00","0"
"","Global","FUN_008560c0","008560c0","","Global","FUN_00711a90","00711a90","0"
"","Global","FUN_00856110","00856110","","Global","FUN_00712030","00712030","0"
"","Global","FUN_008561a0","008561a0","","Global","FUN_00711f50","00711f50","0"
"","Global","FUN_00856280","00856280","","Global","FUN_00712140","00712140","0"
"","Global","FUN_00856330","00856330","","Global","FUN_00712390","00712390","0"
"","Global","FUN_00856350","00856350","","Global","FUN_007121c0","007121c0","0"
"","Global","FUN_00856410","00856410","","Global","FUN_00711be0","00711be0","0"
"","Global","FUN_00856550","00856550","","Global","FUN_00711e90","00711e90","0"
"","Global","FUN_008565e0","008565e0","","Global","FUN_00712360","00712360","0"
"","Global","FUN_00856680","00856680","","Global","FUN_00712460","00712460","0"
"","Global","FUN_00856730","00856730","","Global","FUN_00712520","00712520","0"
"","Global","+CT_0060_ret","008567b0","","Global","FUN_00712de0","00712de0","0"
"","Global","FUN_008567e0","008567e0","","Global","FUN_00712620","00712620","0"
"","Global","FUN_00856830","00856830","","Global","FUN_007122a0","007122a0","0"
"","Global","FUN_008568a0","008568a0","","Global","FUN_00712670","00712670","0"
"","Global","FUN_008568f0","008568f0","","Global","FUN_007126d0","007126d0","0"
"","Global","FUN_00856940","00856940","","Global","FUN_00712c00","00712c00","0"
"","Global","+CT_0241_ret","00856970","","Global","FUN_00711cd0","00711cd0","0"
"","Global","FUN_008569b0","008569b0","","Global","FUN_00712760","00712760","0"
"","Global","FUN_00856a40","00856a40","","Global","FUN_007130e0","007130e0","0"
"","Global","FUN_00856a60","00856a60","","Global","FUN_00712800","00712800","0"
"","Global","FUN_00856ad0","00856ad0","","Global","FUN_00713230","00713230","0"
"","Global","FUN_00856c60","00856c60","","Global","FUN_00711f10","00711f10","0"
"","Global","FUN_00856cc0","00856cc0","","Global","FUN_00712580","00712580","0"
"","Global","FUN_00856d30","00856d30","","Global","FUN_00712b70","00712b70","0"
"","Global","FUN_008570b0","008570b0","","Global","FUN_00712cd0","00712cd0","0"
"","Global","FUN_00857150","00857150","","Global","FUN_00712fb0","00712fb0","0"
"","Global","FUN_00857200","00857200","","Global","FUN_00712fe0","00712fe0","0"
"","Global","FUN_008572a0","008572a0","","Global","FUN_00712870","00712870","0"
"","Global","FUN_00857310","00857310","","Global","FUN_00713170","00713170","0"
"","Global","FUN_00857530","00857530","","Global","FUN_00645420","00645420","0"
"","Global","FUN_00857540","00857540","","Global","FUN_00713250","00713250","0"
"","Global","FUN_00857570","00857570","","Global","FUN_007132a0","007132a0","0"
"","Global","FUN_008576c0","008576c0","","Global","FUN_00713080","00713080","0"
"","Global","FUN_00857760","00857760","","Global","FUN_00713410","00713410","0"
"","Global","FUN_008577c0","008577c0","","Global","FUN_007135f0","007135f0","0"
"","Global","FUN_00857860","00857860","","Global","FUN_00713970","00713970","0"
"","Global","FUN_008578a0","008578a0","","Global","FUN_00713c80","00713c80","0"
"","Global","FUN_00857940","00857940","","Global","FUN_00713740","00713740","0"
"","Global","FUN_00857970","00857970","","Global","FUN_007136e0","007136e0","0"
"","Global","FUN_00857b00","00857b00","","Global","FUN_00713e30","00713e30","0"
"","Global","FUN_00857b50","00857b50","","Global","FUN_00712da0","00712da0","0"
"","Global","FUN_00857b90","00857b90","","Global","FUN_00713900","00713900","0"
"","Global","FUN_00857be0","00857be0","","Global","FUN_007139a0","007139a0","0"
"","Global","FUN_00857c90","00857c90","","Global","FUN_00713a80","00713a80","0"
"","Global","FUN_00857cd0","00857cd0","","Global","FUN_00713100","00713100","0"
"","Global","FUN_00857d40","00857d40","","Global","FUN_00714060","00714060","0"
"","Global","FUN_00857d90","00857d90","","Global","FUN_00713b60","00713b60","0"
"","Global","FUN_00857de0","00857de0","","Global","FUN_00713b20","00713b20","0"
"","Global","FUN_00857ee0","00857ee0","","Global","FUN_00713c20","00713c20","0"
"","Global","FUN_008580a0","008580a0","","Global","FUN_00713db0","00713db0","0"
"","Global","FUN_008580f0","008580f0","","Global","FUN_00713dd0","00713dd0","0"
"","Global","FUN_00858130","00858130","","Global","FUN_00713ed0","00713ed0","0"
"","Global","FUN_008581d0","008581d0","","Global","FUN_007144d0","007144d0","0"
"","Global","FUN_00858300","00858300","","Global","FUN_00713ff0","00713ff0","0"
"","Global","FUN_00858340","00858340","","Global","FUN_007145f0","007145f0","0"
"","Global","FUN_008583c0","008583c0","","Global","FUN_007141b0","007141b0","0"
"","Global","FUN_00858420","00858420","","Global","FUN_00714170","00714170","0"
"","Global","FUN_008584e0","008584e0","","Global","FUN_007147a0","007147a0","0"
"","Global","FUN_00858550","00858550","","Global","FUN_00713fc0","00713fc0","0"
"","Global","FUN_00858580","00858580","","Global","FUN_00714240","00714240","0"
"","Global","FUN_00858640","00858640","","Global","FUN_00714720","00714720","0"
"","Global","FUN_008586b0","008586b0","","Global","FUN_00714110","00714110","0"
"","Global","FUN_008586f0","008586f0","","Global","FUN_007149b0","007149b0","0"
"","Global","FUN_00858780","00858780","","Global","FUN_00714500","00714500","0"
"","Global","FUN_00858810","00858810","","Global","FUN_00714b00","00714b00","0"
"","Global","FUN_00858860","00858860","","Global","FUN_00714950","00714950","0"
"","Global","FUN_008588c0","008588c0","","Global","FUN_007142d0","007142d0","0"
"","Global","FUN_00858900","00858900","","Global","FUN_00713e80","00713e80","0"
"","Global","FUN_00858960","00858960","","Global","FUN_007146f0","007146f0","0"
"","Global","FUN_00858b30","00858b30","","Global","FUN_00714670","00714670","0"
"","Global","FUN_00858b90","00858b90","","Global","FUN_00714460","00714460","0"
"","Global","FUN_00858bd0","00858bd0","","Global","FUN_00714030","00714030","0"
"","Global","FUN_00858c00","00858c00","","Global","FUN_00714c00","00714c00","0"
"","Global","FUN_00858cc0","00858cc0","","Global","FUN_007145a0","007145a0","0"
"","Global","FUN_00858d40","00858d40","","Global","FUN_00714890","00714890","0"
"","Global","FUN_00858de0","00858de0","","Global","FUN_00714fd0","00714fd0","0"
"","Global","FUN_00858e60","00858e60","","Global","FUN_00714330","00714330","0"
"","Global","FUN_00858f20","00858f20","","Global","FUN_00714780","00714780","0"
"","Global","FUN_00858f90","00858f90","","Global","FUN_007153c0","007153c0","0"
"","Global","FUN_00858fc0","00858fc0","","Global","FUN_00714c70","00714c70","0"
"","Global","FUN_008590c0","008590c0","","Global","FUN_00714930","00714930","0"
"","Global","FUN_008590f0","008590f0","","Global","FUN_00714f40","00714f40","0"
"","Global","FUN_00859160","00859160","","Global","FUN_00715510","00715510","0"
"","Global","FUN_00859190","00859190","","Global","FUN_00714f00","00714f00","0"
"","Global","FUN_008591f0","008591f0","","Global","FUN_00714f60","00714f60","0"
"","Global","FUN_00859390","00859390","","Global","FUN_007151a0","007151a0","0"
"","Global","FUN_008593b0","008593b0","","Global","FUN_00715140","00715140","0"
"","Global","FUN_008595b0","008595b0","","Global","FUN_00715ba0","00715ba0","0"
"","Global","FUN_008596a0","008596a0","","Global","FUN_007154d0","007154d0","0"
"","Global","FUN_008596e0","008596e0","","Global","FUN_007151f0","007151f0","0"
"","Global","FUN_008597f0","008597f0","","Global","FUN_00715360","00715360","0"
"","Global","FUN_0085a060","0085a060","","Global","FUN_00715f50","00715f50","0"
"","Global","FUN_0085a0f0","0085a0f0","","Global","FUN_00716070","00716070","0"
"","Global","FUN_0085a140","0085a140","","Global","FUN_00715a90","00715a90","0"
"","Global","FUN_0085a1b0","0085a1b0","","Global","FUN_00715b70","00715b70","0"
"","Global","FUN_0085a210","0085a210","","Global","FUN_00716200","00716200","0"
"","Global","FUN_0085a350","0085a350","","Global","FUN_00715d70","00715d70","0"
"","Global","FUN_0085a460","0085a460","","Global","FUN_00715d00","00715d00","0"
"","Global","FUN_0085a4d0","0085a4d0","","Global","FUN_00716460","00716460","0"
"","Global","FUN_0085a710","0085a710","","Global","FUN_00716bd0","00716bd0","0"
"","Global","FUN_0085aa20","0085aa20","","Global","FUN_00716380","00716380","0"
"","Global","FUN_0085aa70","0085aa70","","Global","FUN_00716e40","00716e40","0"
"","Global","FUN_0085aaf0","0085aaf0","","Global","FUN_007162e0","007162e0","0"
"","Global","FUN_0085ab30","0085ab30","","Global","FUN_00716cc0","00716cc0","0"
"","Global","FUN_0085ae70","0085ae70","","Global","FUN_00716ff0","00716ff0","0"
"","Global","FUN_0085aed0","0085aed0","","Global","FUN_00717340","00717340","0"
"","Global","FUN_0085b400","0085b400","","Global","FUN_00717110","00717110","0"
"","Global","+CT_0216_exec_teachAbilityToPartyMemberWithMsg","0085b470","","Global","FUN_00716ef0","00716ef0","0"
"","Global","FUN_0085b510","0085b510","","Global","FUN_00717ce0","00717ce0","0"
"","Global","FUN_0085b660","0085b660","","Global","FUN_00717c50","00717c50","0"
"","Global","FUN_0085b6c0","0085b6c0","","Global","FUN_00717370","00717370","0"
"","Global","+CT_0216_ret_teachAbilityToPartyMemberWithMsg","0085b7c0","","Global","FUN_007172d0","007172d0","0"
"","Global","FUN_0085b890","0085b890","","Global","FUN_00717c20","00717c20","0"
"","Global","FUN_0085b920","0085b920","","Global","FUN_00718490","00718490","0"
"","Global","FUN_0085ba50","0085ba50","","Global","FUN_00717e10","00717e10","0"
"","Global","FUN_0085bac0","0085bac0","","Global","FUN_007187c0","007187c0","0"
"","Global","FUN_0085bb60","0085bb60","","Global","FUN_00717d60","00717d60","0"
"","Global","FUN_0085bbb0","0085bbb0","","Global","FUN_00718560","00718560","0"
"","Global","FUN_0085bbe0","0085bbe0","","Global","FUN_007184d0","007184d0","0"
"","Global","FUN_0085bc90","0085bc90","","Global","FUN_00718070","00718070","0"
"","Global","FUN_0085bcd0","0085bcd0","","Global","FUN_00717ee0","00717ee0","0"
"","Global","FUN_0085bd50","0085bd50","","Global","FUN_00718610","00718610","0"
"","Global","FUN_0085be30","0085be30","","Global","FUN_00718210","00718210","0"
"","Global","FUN_0085bea0","0085bea0","","Global","FUN_007189f0","007189f0","0"
"","Global","FUN_0085bf10","0085bf10","","Global","FUN_00718890","00718890","0"
"","Global","FUN_0085bf70","0085bf70","","Global","FUN_00718ca0","00718ca0","0"
"","Global","FUN_0085bfa0","0085bfa0","","Global","FUN_007182d0","007182d0","0"
"","Global","FUN_0085bfd0","0085bfd0","","Global","FUN_00718670","00718670","0"
"","Global","FUN_0085c120","0085c120","","Global","FUN_00718470","00718470","0"
"","Global","FUN_0085c140","0085c140","","Global","FUN_00718e40","00718e40","0"
"","Global","FUN_0085c170","0085c170","","Global","FUN_00718c10","00718c10","0"
"","Global","FUN_0085c1c0","0085c1c0","","Global","FUN_00718b50","00718b50","0"
"","Global","FUN_0085c230","0085c230","","Global","FUN_00718590","00718590","0"
"","Global","FUN_0085c250","0085c250","","Global","FUN_00718f40","00718f40","0"
"","Global","FUN_0085c270","0085c270","","Global","FUN_00718a60","00718a60","0"
"","Global","FUN_0085c2c0","0085c2c0","","Global","FUN_00718de0","00718de0","0"
"","Global","FUN_0085c380","0085c380","","Global","FUN_00718ed0","00718ed0","0"
"","Global","FUN_0085c450","0085c450","","Global","FUN_007187f0","007187f0","0"
"","Global","FUN_0085c5d0","0085c5d0","","Global","FUN_00718f60","00718f60","0"
"","Global","FUN_0085c6b0","0085c6b0","","Global","FUN_00719360","00719360","0"
"","Global","FUN_0085c810","0085c810","","Global","FUN_00719680","00719680","0"
"","Global","FUN_0085c830","0085c830","","Global","FUN_00719520","00719520","0"
"","Global","FUN_0085c8c0","0085c8c0","","Global","FUN_007191a0","007191a0","0"
"","Global","FUN_0085cd10","0085cd10","","Global","FUN_00719cb0","00719cb0","0"
"","Global","FUN_0085ce10","0085ce10","","Global","FUN_00719ef0","00719ef0","0"
"","Global","FUN_0085d040","0085d040","","Global","FUN_00719c10","00719c10","0"
"","Global","FUN_0085d100","0085d100","","Global","FUN_00719d70","00719d70","0"
"","Global","FUN_0085d150","0085d150","","Global","FUN_007196a0","007196a0","0"
"","Global","FUN_0085d190","0085d190","","Global","FUN_0071a140","0071a140","0"
"","Global","FUN_0085d280","0085d280","","Global","FUN_00719ce0","00719ce0","0"
"","Global","FUN_0085d300","0085d300","","Global","FUN_00719c80","00719c80","0"
"","Global","FUN_0085d330","0085d330","","Global","FUN_0071abf0","0071abf0","0"
"","Global","FUN_0085d3c0","0085d3c0","","Global","FUN_00719e90","00719e90","0"
"","Global","FUN_0085d450","0085d450","","Global","FUN_0071adf0","0071adf0","0"
"","Global","FUN_0085d520","0085d520","","Global","FUN_00719dc0","00719dc0","0"
"","Global","FUN_0085d620","0085d620","","Global","FUN_0071a230","0071a230","0"
"","Global","FUN_0085d6a0","0085d6a0","","Global","FUN_0071a470","0071a470","0"
"","Global","FUN_0085d820","0085d820","","Global","FUN_00719fe0","00719fe0","0"
"","Global","FUN_0085d930","0085d930","","Global","FUN_0071a6f0","0071a6f0","0"
"","Global","FUN_0085d980","0085d980","","Global","FUN_0071a540","0071a540","0"
"","Global","FUN_0085d9e0","0085d9e0","","Global","FUN_00719f50","00719f50","0"
"","Global","FUN_0085da20","0085da20","","Global","FUN_0071a840","0071a840","0"
"","Global","FUN_0085dbc0","0085dbc0","","Global","FUN_0071a970","0071a970","0"
"","Global","FUN_0085dc30","0085dc30","","Global","FUN_0071a910","0071a910","0"
"","Global","FUN_0085dd70","0085dd70","","Global","FUN_0071ac30","0071ac30","0"
"","Global","FUN_0085ddf0","0085ddf0","","Global","FUN_0071ab20","0071ab20","0"
"","Global","FUN_0085deb0","0085deb0","","Global","FUN_0071acb0","0071acb0","0"
"","Global","FUN_0085dfa0","0085dfa0","","Global","FUN_0071af10","0071af10","0"
"","Global","FUN_0085e1b0","0085e1b0","","Global","FUN_0070f1a0","0070f1a0","0"
"","Global","FUN_0085e240","0085e240","","Global","FUN_0070f350","0070f350","0"
"","Global","FUN_0085e2d0","0085e2d0","","Global","FUN_0071a8a0","0071a8a0","0"
"","Global","FUN_0085e3e0","0085e3e0","","Global","FUN_0070f4a0","0070f4a0","0"
"","Global","FUN_0085e490","0085e490","","Global","FUN_0070f500","0070f500","0"
"","Global","FUN_0085e4d0","0085e4d0","","Global","FUN_0070f920","0070f920","0"
"","Global","FUN_0085e6f0","0085e6f0","","Global","FUN_0070f7d0","0070f7d0","0"
"","Global","FUN_0085e790","0085e790","","Global","FUN_0070fbe0","0070fbe0","0"
"","Global","FUN_0085e970","0085e970","","Global","FUN_0070fab0","0070fab0","0"
"","Global","FUN_0085ec80","0085ec80","","Global","FUN_0070fe00","0070fe00","0"
"","Global","FUN_0085eef0","0085eef0","","Global","FUN_007104d0","007104d0","0"
"","Global","FUN_0085efa0","0085efa0","","Global","FUN_0070ff60","0070ff60","0"
"","Global","FUN_0085f1a0","0085f1a0","","Global","FUN_00710af0","00710af0","0"
"","Global","FUN_0085f260","0085f260","","Global","FUN_00710810","00710810","0"
"","Global","FUN_0085f2a0","0085f2a0","","Global","FUN_007101f0","007101f0","0"
"","Global","FUN_0085f320","0085f320","","Global","FUN_007105f0","007105f0","0"
"","Global","FUN_0085f440","0085f440","","Global","FUN_0070fe30","0070fe30","0"
"","Global","FUN_0085f4b0","0085f4b0","","Global","FUN_00710460","00710460","0"
"","Global","FUN_0085f540","0085f540","","Global","FUN_00710820","00710820","0"
"","Global","FUN_0085f590","0085f590","","Global","FUN_00711030","00711030","0"
"","Global","FUN_0085f710","0085f710","","Global","FUN_007108f0","007108f0","0"
"","Global","FUN_0085f780","0085f780","","Global","FUN_00710a10","00710a10","0"
"","Global","FUN_0085f860","0085f860","","Global","FUN_00711290","00711290","0"
"","Global","FUN_0085f8c0","0085f8c0","","Global","FUN_007106b0","007106b0","0"
"","Global","+CT_0013_setPosition","0085f8e0","","Global","FUN_007110e0","007110e0","0"
"","Global","FUN_0085f990","0085f990","","Global","FUN_007107b0","007107b0","0"
"","Global","FUN_0085f9f0","0085f9f0","","Global","FUN_00710e60","00710e60","0"
"","Global","FUN_0085fa90","0085fa90","","Global","FUN_007103c0","007103c0","0"
"","Global","FUN_0085fad0","0085fad0","","Global","FUN_00710f90","00710f90","0"
"","Global","FUN_0085fc70","0085fc70","","Global","FUN_00711690","00711690","0"
"","Global","FUN_0085fdb0","0085fdb0","","Global","FUN_00711180","00711180","0"
"","Global","FUN_0085fde0","0085fde0","","Global","FUN_007111f0","007111f0","0"
"","Global","FUN_0085ff60","0085ff60","","Global","FUN_00711640","00711640","0"
"","Global","FUN_0085ffc0","0085ffc0","","Global","FUN_007113a0","007113a0","0"
"","Global","FUN_00860040","00860040","","Global","FUN_00711500","00711500","0"
"","Global","FUN_00860130","00860130","","Global","FUN_00710890","00710890","0"
"","Global","FUN_00860170","00860170","","Global","FUN_00711140","00711140","0"
"","Global","FUN_00860220","00860220","","Global","FUN_00711d10","00711d10","0"
"","Global","FUN_008602e0","008602e0","","Global","FUN_00710bd0","00710bd0","0"
"","Global","FUN_008605b0","008605b0","","Global","FUN_007112f0","007112f0","0"
"","Global","FUN_00860610","00860610","","Global","FUN_007120c0","007120c0","0"
"","Global","AtelAllClearBindMask","00860ef0","","Global","FUN_0071b490","0071b490","0"
"","Global","FUN_00860fc0","00860fc0","","Global","FUN_0071b560","0071b560","0"
"","Global","FUN_008613e0","008613e0","","Global","FUN_0071b9c0","0071b9c0","0"
"","Global","FUN_00861740","00861740","","Global","FUN_0071bd70","0071bd70","0"
"","Global","FUN_00861770","00861770","","Global","FUN_0071bda0","0071bda0","0"
"","Global","FUN_008617a0","008617a0","","Global","FUN_0071bdd0","0071bdd0","0"
"","Global","FUN_00861ec0","00861ec0","","Global","FUN_0071c5a0","0071c5a0","0"
"","Global","FUN_00861fa0","00861fa0","","Global","FUN_0071c670","0071c670","0"
"","Global","FUN_008620c0","008620c0","","Global","FUN_0071c790","0071c790","0"
"","Global","FUN_008621c0","008621c0","","Global","FUN_0071c890","0071c890","0"
"","Global","FUN_00862350","00862350","","Global","FUN_0071ca20","0071ca20","0"
"","Global","FUN_00862620","00862620","","Global","FUN_0071ccb0","0071ccb0","0"
"","Global","FUN_008626a0","008626a0","","Global","FUN_0071cd30","0071cd30","0"
"","Global","FUN_008627a0","008627a0","","Global","FUN_0071ce10","0071ce10","0"
"","Global","FUN_00862840","00862840","","Global","FUN_0071ceb0","0071ceb0","0"
"","Global","FUN_00862c00","00862c00","","Global","FUN_0071d320","0071d320","0"
"","Global","AtelChangeBinaryHeader","00862c60","","Global","FUN_0071d380","0071d380","0"
"","Global","AtelChangeCurrentCtrl","00862cd0","","Global","FUN_0071d3f0","0071d3f0","0"
"","Global","FUN_00862cf0","00862cf0","","Global","FUN_0071d410","0071d410","0"
"","Global","FUN_008631d0","008631d0","","Global","FUN_0071d7d0","0071d7d0","0"
"","Global","FUN_00863210","00863210","","Global","FUN_0071d810","0071d810","0"
"","Global","FUN_00863250","00863250","","Global","FUN_0071d850","0071d850","0"
"","Global","FUN_008632f0","008632f0","","Global","FUN_0071d8f0","0071d8f0","0"
"","Global","FUN_00863340","00863340","","Global","FUN_0071d940","0071d940","0"
"","Global","FUN_00863380","00863380","","Global","FUN_0071d990","0071d990","0"
"","Global","FUN_008633e0","008633e0","","Global","FUN_0071d9f0","0071d9f0","0"
"","Global","FUN_00863450","00863450","","Global","FUN_0071da60","0071da60","0"
"","Global","FUN_008634c0","008634c0","","Global","FUN_0071dad0","0071dad0","0"
"","Global","FUN_00863510","00863510","","Global","FUN_0071db20","0071db20","0"
"","Global","FUN_00863560","00863560","","Global","FUN_0071db70","0071db70","0"
"","Global","FUN_008635f0","008635f0","","Global","FUN_0071dc00","0071dc00","0"
"","Global","FUN_00863860","00863860","","Global","FUN_0071de60","0071de60","0"
"","Global","FUN_00863980","00863980","","Global","FUN_0071df80","0071df80","0"
"","Global","FUN_00863db0","00863db0","","Global","FUN_0071e3c0","0071e3c0","0"
"","Global","FUN_00863ee0","00863ee0","","Global","FUN_0071e4f0","0071e4f0","0"
"","Global","FUN_00863f60","00863f60","","Global","FUN_0071e570","0071e570","0"
"","Global","FUN_008640f0","008640f0","","Global","FUN_0071e700","0071e700","0"
"","Global","AtelDecodeSignal","00865390","","Global","FUN_0071f850","0071f850","0"
"","Global","FUN_00865460","00865460","","Global","FUN_0071f920","0071f920","0"
"","Global","FUN_008654b0","008654b0","","Global","FUN_0071f970","0071f970","0"
"","Global","FUN_00865520","00865520","","Global","FUN_0071f9e0","0071f9e0","0"
"","Global","FUN_00865550","00865550","","Global","FUN_0071fa10","0071fa10","0"
"","Global","AtelEnterMenuCallback","00865580","","Global","FUN_0071fa40","0071fa40","0"
"","Global","FUN_008655f0","008655f0","","Global","FUN_0071fab0","0071fab0","0"
"","Global","FUN_008656e0","008656e0","","Global","FUN_0071fba0","0071fba0","0"
"","Global","FUN_00865720","00865720","","Global","FUN_0071fbe0","0071fbe0","0"
"","Global","FUN_00865830","00865830","","Global","FUN_0071fcf0","0071fcf0","0"
"","Global","FUN_00865850","00865850","","Global","FUN_0071fd10","0071fd10","0"
"","Global","AtelEventKickBGSep","00865870","","Global","FUN_0071fd30","0071fd30","0"
"","Global","FUN_00865a00","00865a00","","Global","FUN_0071fec0","0071fec0","0"
"","Global","AtelEventPlayMusic","00865a60","","Global","FUN_0071ff20","0071ff20","0"
"","Global","AtelEventRemoveGuideMap","00866140","","Global","FUN_007207e0","007207e0","0"
"","Global","AtelEventRemoveSep","00866170","","Global","FUN_00720810","00720810","0"
"","Global","AtelEventSetUpFoot3d","008661b0","","Global","FUN_00720850","00720850","0"
"","Global","AtelEventSetUpForBattleMusic","008661e0","","Global","FUN_00720880","00720880","0"
"","Global","FUN_008663d0","008663d0","","Global","FUN_00720a70","00720a70","0"
"","Global","AtelEventSetupGuideMap","00866430","","Global","FUN_00720ad0","00720ad0","0"
"","Global","FUN_008664c0","008664c0","","Global","FUN_00720b60","00720b60","0"
"","Global","FUN_00866680","00866680","","Global","FUN_00720d20","00720d20","0"
"","Global","FUN_00866920","00866920","","Global","FUN_00720f50","00720f50","0"
"","Global","FUN_00866c60","00866c60","","Global","FUN_00721290","00721290","0"
"","Global","FUN_008676b0","008676b0","","Global","FUN_00721ed0","00721ed0","0"
"","Global","AtelExecCtrlEvent","008676e0","","Global","FUN_00721f00","00721f00","0"
"","Global","FUN_00867740","00867740","","Global","FUN_00721f70","00721f70","0"
"","Global","FUN_00867bb0","00867bb0","","Global","FUN_007223f0","007223f0","0"
"","Global","FUN_00867fc0","00867fc0","","Global","FUN_00722800","00722800","0"
"","Global","FUN_00868040","00868040","","Global","FUN_00722880","00722880","0"
"","Global","FUN_00868240","00868240","","Global","FUN_00722a80","00722a80","0"
"","Global","FUN_00868290","00868290","","Global","FUN_00722ad0","00722ad0","0"
"","Global","FUN_00868380","00868380","","Global","FUN_00722bc0","00722bc0","0"
"","Global","FUN_00868400","00868400","","Global","FUN_00722c40","00722c40","0"
"","Global","FUN_00868890","00868890","","Global","FUN_007230a0","007230a0","0"
"","Global","FUN_00869040","00869040","","Global","FUN_00723800","00723800","0"
"","Global","FUN_00869d00","00869d00","","Global","FUN_007244b0","007244b0","0"
"","Global","FUN_00869d40","00869d40","","Global","FUN_007244f0","007244f0","0"
"","Global","FUN_00869d90","00869d90","","Global","FUN_00724540","00724540","0"
"","Global","FUN_00869f30","00869f30","","Global","FUN_007246e0","007246e0","0"
"","Global","FUN_00869fd0","00869fd0","","Global","FUN_00724790","00724790","0"
"","Global","FUN_0086a070","0086a070","","Global","FUN_00724830","00724830","0"
"","Global","FUN_0086a0c0","0086a0c0","","Global","FUN_00724880","00724880","0"
"","Global","FUN_0086a100","0086a100","","Global","FUN_007248c0","007248c0","0"
"","Global","AtelFreeSepBuffer","0086a150","","Global","FUN_00724910","00724910","0"
"","Global","FUN_0086a200","0086a200","","Global","FUN_007249c0","007249c0","0"
"","Global","AtelGetActorBufferSize","0086a220","","Global","FUN_007249e0","007249e0","0"
"","Global","FUN_0086a280","0086a280","","Global","FUN_00724a40","00724a40","0"
"","Global","AtelGetActorEndPos","0086a320","","Global","FUN_00724ae0","00724ae0","0"
"","Global","AtelGetActorExecspaceID","0086a3b0","","Global","FUN_00724b70","00724b70","0"
"","Global","FUN_0086a3d0","0086a3d0","","Global","FUN_00724b90","00724b90","0"
"","Global","FUN_0086a570","0086a570","","Global","FUN_00724d40","00724d40","0"
"","Global","AtelGetActorStartPos","0086a6b0","","Global","FUN_00724e80","00724e80","0"
"","Global","AtelGetActorType","0086a740","","Global","FUN_00724f10","00724f10","0"
"","Global","FUN_0086a790","0086a790","","Global","FUN_00724f60","00724f60","0"
"","Global","AtelGetBattleStatusDummyEnc","0086a950","","Global","FUN_00725150","00725150","0"
"","Global","FUN_0086a960","0086a960","","Global","FUN_00725160","00725160","0"
"","Global","FUN_0086aa50","0086aa50","","Global","FUN_00725240","00725240","0"
"","Global","FUN_0086aae0","0086aae0","","Global","FUN_007252d0","007252d0","0"
"","Global","FUN_0086ab10","0086ab10","","Global","FUN_00725300","00725300","0"
"","Global","FUN_0086ab70","0086ab70","","Global","FUN_00725360","00725360","0"
"","Global","FUN_0086ac50","0086ac50","","Global","FUN_00725440","00725440","0"
"","Global","FUN_0086ac80","0086ac80","","Global","FUN_00725470","00725470","0"
"","Global","AtelGetBinHdrExpandSoundEvent","0086acb0","","Global","FUN_007254a0","007254a0","0"
"","Global","FUN_0086ace0","0086ace0","","Global","FUN_007254d0","007254d0","0"
"","Global","FUN_0086adb0","0086adb0","","Global","FUN_007255a0","007255a0","0"
"","Global","FUN_0086adf0","0086adf0","","Global","FUN_007255e0","007255e0","0"
"","Global","AtelGetCtrlWork","0086af30","","Global","FUN_00725720","00725720","0"
"","Global","AtelGetCtrlWorkStatus","0086af50","","Global","FUN_00725740","00725740","0"
"","Global","AtelGetCurrentActorTotal","0086af90","","Global","FUN_00725780","00725780","0"
"","Global","AtelGetEffectFlag","0086afc0","","Global","FUN_007257b0","007257b0","0"
"","Global","FUN_0086b000","0086b000","","Global","FUN_007257f0","007257f0","0"
"","Global","FUN_0086b0e0","0086b0e0","","Global","FUN_007258d0","007258d0","0"
"","Global","FUN_0086b170","0086b170","","Global","FUN_00725950","00725950","0"
"","Global","FUN_0086b200","0086b200","","Global","FUN_007259e0","007259e0","0"
"","Global","AtelGetEventActorTotal","0086b290","","Global","FUN_00725a70","00725a70","0"
"","Global","FUN_0086b2b0","0086b2b0","","Global","FUN_00725a90","00725a90","0"
"","Global","FUN_0086b4a0","0086b4a0","","Global","FUN_00725c80","00725c80","0"
"","Global","AtelGetEventMapCameraId","0086b560","","Global","FUN_00725d40","00725d40","0"
"","Global","FUN_0086b570","0086b570","","Global","FUN_00725d50","00725d50","0"
"","Global","FUN_0086b590","0086b590","","Global","FUN_00725d70","00725d70","0"
"","Global","FUN_0086b5f0","0086b5f0","","Global","FUN_00725dd0","00725dd0","0"
"","Global","FUN_0086b610","0086b610","","Global","FUN_00725df0","00725df0","0"
"","Global","FUN_0086b660","0086b660","","Global","FUN_00725e40","00725e40","0"
"","Global","FUN_0086b8d0","0086b8d0","","Global","FUN_007260b0","007260b0","0"
"","Global","AtelGetGuideMapAngEx","0086b930","","Global","FUN_00726110","00726110","0"
"","Global","AtelGetHelpEventFlag","0086b970","","Global","FUN_00726150","00726150","0"
"","Global","AtelGetIndexWork","0086bb10","","Global","FUN_007262d0","007262d0","0"
"","Global","FUN_0086bb60","0086bb60","","Global","FUN_00726320","00726320","0"
"","Global","AtelGetKeepBattlePartyFromID","0086bb80","","Global","FUN_00726340","00726340","0"
"","Global","FUN_0086be90","0086be90","","Global","FUN_00726640","00726640","0"
"","Global","FUN_0086bea0","0086bea0","","Global","FUN_00726650","00726650","0"
"","Global","FUN_0086bf70","0086bf70","","Global","FUN_00726700","00726700","0"
"","Global","FUN_0086bfb0","0086bfb0","","Global","FUN_00726740","00726740","0"
"","Global","FUN_0086bff0","0086bff0","","Global","FUN_00726780","00726780","0"
"","Global","FUN_0086c030","0086c030","","Global","FUN_007267c0","007267c0","0"
"","Global","AtelGetMyBufferSize","0086c050","","Global","FUN_007267e0","007267e0","0"
"","Global","AtelGetMyWorkSize","0086c0f0","","Global","FUN_00726880","00726880","0"
"","Global","AtelGetNowCtrlTopId","0086c130","","Global","FUN_007268c0","007268c0","0"
"","Global","FUN_0086c240","0086c240","","Global","FUN_00726a00","00726a00","0"
"","Global","AtelGetRealVarAdrs","0086c270","","Global","FUN_00726a30","00726a30","0"
"","Global","AtelGetSaveDic","0086c3a0","","Global","FUN_00726b60","00726b60","0"
"","Global","AtelGetSaveDicName","0086c3c0","","Global","FUN_00726b80","00726b80","0"
"","Global","AtelGetSphereMonitor","0086c440","","Global","FUN_00726c10","00726c10","0"
"","Global","FUN_0086c480","0086c480","","Global","FUN_00726c50","00726c50","0"
"","Global","AtelGetTotalActorNumber2","0086c4a0","","Global","FUN_00726c70","00726c70","0"
"","Global","FUN_0086c4c0","0086c4c0","","Global","FUN_00726c90","00726c90","0"
"","Global","FUN_0086c500","0086c500","","Global","FUN_00726cd0","00726cd0","0"
"","Global","FUN_0086c5a0","0086c5a0","","Global","FUN_00726d70","00726d70","0"
"","Global","FUN_0086c670","0086c670","","Global","FUN_00726e40","00726e40","0"
"","Global","FUN_0086c6c0","0086c6c0","","Global","FUN_00726e90","00726e90","0"
"","Global","FUN_0086c760","0086c760","","Global","FUN_00726f30","00726f30","0"
"","Global","FUN_0086c800","0086c800","","Global","FUN_00726fd0","00726fd0","0"
"","Global","FUN_0086c8c0","0086c8c0","","Global","FUN_00727090","00727090","0"
"","Global","FUN_0086c950","0086c950","","Global","FUN_00727120","00727120","0"
"","Global","FUN_0086c9a0","0086c9a0","","Global","FUN_00727170","00727170","0"
"","Global","AtelInitActor","0086ca70","","Global","FUN_00727410","00727410","0"
"","Global","AtelInitBasicWork","0086ca90","","Global","FUN_00727430","00727430","0"
"","Global","FUN_0086cf90","0086cf90","","Global","FUN_00727930","00727930","0"
"","Global","FUN_0086d080","0086d080","","Global","FUN_00727a20","00727a20","0"
"","Global","FUN_0086d0a0","0086d0a0","","Global","FUN_00727a40","00727a40","0"
"","Global","FUN_0086d120","0086d120","","Global","FUN_00727ac0","00727ac0","0"
"","Global","FUN_0086d150","0086d150","","Global","FUN_00727af0","00727af0","0"
"","Global","AtelInitInternalActorWork","0086d1f0","","Global","FUN_00727b90","00727b90","0"
"","Global","FUN_0086d240","0086d240","","Global","FUN_00727be0","00727be0","0"
"","Global","FUN_0086d290","0086d290","","Global","FUN_00727c30","00727c30","0"
"","Global","FUN_0086d4a0","0086d4a0","","Global","FUN_00727e40","00727e40","0"
"","Global","AtelInitSourceCodeDebugWork","0086d600","","Global","FUN_00727fa0","00727fa0","0"
"","Global","AtelIsBind","0086d8e0","","Global","FUN_007282e0","007282e0","0"
"","Global","FUN_0086d910","0086d910","","Global","FUN_00728310","00728310","0"
"","Global","FUN_0086d970","0086d970","","Global","FUN_00728370","00728370","0"
"","Global","FUN_0086db10","0086db10","","Global","FUN_007285b0","007285b0","0"
"","Global","FUN_0086dbc0","0086dbc0","","Global","FUN_00728660","00728660","0"
"","Global","AtelLinkSigWorkButtom","0086dbe0","","Global","FUN_00728680","00728680","0"
"","Global","FUN_0086dc90","0086dc90","","Global","FUN_00728730","00728730","0"
"","Global","FUN_0086dd40","0086dd40","","Global","FUN_007287e0","007287e0","0"
"","Global","FUN_0086ddd0","0086ddd0","","Global","FUN_00728870","00728870","0"
"","Global","FUN_0086e1e0","0086e1e0","","Global","FUN_00728ce0","00728ce0","0"
"","Global","FUN_0086e270","0086e270","","Global","FUN_00728d70","00728d70","0"
"","Global","FUN_0086e2a0","0086e2a0","","Global","FUN_00728da0","00728da0","0"
"","Global","AtelRecoverFPFromBattle","0086e450","","Global","FUN_00728f80","00728f80","0"
"","Global","AtelRecoverFromMenuCallback","0086e690","","Global","FUN_007291b0","007291b0","0"
"","Global","FUN_0086e760","0086e760","","Global","FUN_00729280","00729280","0"
"","Global","FUN_0086e7f0","0086e7f0","","Global","FUN_00729330","00729330","0"
"","Global","FUN_0086e860","0086e860","","Global","FUN_007293a0","007293a0","0"
"","Global","FUN_0086e920","0086e920","","Global","FUN_00729460","00729460","0"
"","Global","AtelRegistSignal2","0086e970","","Global","FUN_007294b0","007294b0","0"
"","Global","FUN_0086eb70","0086eb70","","Global","FUN_007296c0","007296c0","0"
"","Global","FUN_0086ec10","0086ec10","","Global","FUN_00729760","00729760","0"
"","Global","FUN_0086ec70","0086ec70","","Global","FUN_007297c0","007297c0","0"
"","Global","AtelRemoveCtrlWork","0086ecd0","","Global","FUN_00729820","00729820","0"
"","Global","AtelRequestMapCamera","0086ed10","","Global","FUN_00729860","00729860","0"
"","Global","AtelRequireCtrlWork","0086eda0","","Global","FUN_007298f0","007298f0","0"
"","Global","FUN_0086f290","0086f290","","Global","FUN_00729de0","00729de0","0"
"","Global","AtelSetBattleEndKeepRecoverType","0086f330","","Global","FUN_00729e80","00729e80","0"
"","Global","FUN_0086f360","0086f360","","Global","FUN_00729eb0","00729eb0","0"
"","Global","FUN_0086f390","0086f390","","Global","FUN_00729ee0","00729ee0","0"
"","Global","FUN_0086f3c0","0086f3c0","","Global","FUN_00729f10","00729f10","0"
"","Global","FUN_0086f3f0","0086f3f0","","Global","FUN_00729f40","00729f40","0"
"","Global","FUN_0086f450","0086f450","","Global","FUN_00729fa0","00729fa0","0"
"","Global","FUN_0086f6e0","0086f6e0","","Global","FUN_0072a230","0072a230","0"
"","Global","FUN_0086f710","0086f710","","Global","FUN_0072a260","0072a260","0"
"","Global","FUN_0086f780","0086f780","","Global","FUN_0072a2d0","0072a2d0","0"
"","Global","FUN_0086f8d0","0086f8d0","","Global","FUN_0072a410","0072a410","0"
"","Global","FUN_0086f970","0086f970","","Global","FUN_0072a4b0","0072a4b0","0"
"","Global","FUN_0086fa20","0086fa20","","Global","FUN_0072a580","0072a580","0"
"","Global","FUN_0086fa40","0086fa40","","Global","FUN_0072a5a0","0072a5a0","0"
"","Global","FUN_0086fc00","0086fc00","","Global","FUN_0072a760","0072a760","0"
"","Global","FUN_0086fc70","0086fc70","","Global","FUN_0072a7d0","0072a7d0","0"
"","Global","FUN_0086ffb0","0086ffb0","","Global","FUN_0072aac0","0072aac0","0"
"","Global","FUN_00870040","00870040","","Global","FUN_0072ab50","0072ab50","0"
"","Global","FUN_00870080","00870080","","Global","FUN_0072ab90","0072ab90","0"
"","Global","FUN_008700e0","008700e0","","Global","FUN_0072abf0","0072abf0","0"
"","Global","AtelSetHelpEventFlag","00870190","","Global","FUN_0072aca0","0072aca0","0"
"","Global","FUN_008701f0","008701f0","","Global","FUN_0072ad00","0072ad00","0"
"","Global","FUN_00870250","00870250","","Global","FUN_0072ad60","0072ad60","0"
"","Global","FUN_008702b0","008702b0","","Global","FUN_0072adc0","0072adc0","0"
"","Global","FUN_00870350","00870350","","Global","FUN_0072aea0","0072aea0","0"
"","Global","FUN_00870380","00870380","","Global","FUN_0072aed0","0072aed0","0"
"","Global","FUN_008703e0","008703e0","","Global","FUN_0072af30","0072af30","0"
"","Global","FUN_008704c0","008704c0","","Global","FUN_0072b010","0072b010","0"
"","Global","FUN_008704e0","008704e0","","Global","FUN_0072b030","0072b030","0"
"","Global","AtelSetMyWorkAdrs","00870810","","Global","FUN_0072b360","0072b360","0"
"","Global","FUN_008708b0","008708b0","","Global","FUN_0072b430","0072b430","0"
"","Global","FUN_00870910","00870910","","Global","FUN_0072b490","0072b490","0"
"","Global","FUN_00870cb0","00870cb0","","Global","FUN_0072b8a0","0072b8a0","0"
"","Global","FUN_00870cd0","00870cd0","","Global","FUN_0072b8d0","0072b8d0","0"
"","Global","FUN_00870e70","00870e70","","Global","FUN_0072bc00","0072bc00","0"
"","Global","FUN_00870f10","00870f10","","Global","FUN_0072bce0","0072bce0","0"
"","Global","FUN_00870f60","00870f60","","Global","FUN_0072bd30","0072bd30","0"
"","Global","FUN_00870f80","00870f80","","Global","FUN_0072bd50","0072bd50","0"
"","Global","FUN_008711b0","008711b0","","Global","FUN_0072bf90","0072bf90","0"
"","Global","FUN_00871240","00871240","","Global","FUN_0072c020","0072c020","0"
"","Global","FUN_008715f0","008715f0","","Global","FUN_0072c560","0072c560","0"
"","Global","FUN_00871650","00871650","","Global","FUN_0072c5c0","0072c5c0","0"
"","Global","FUN_008716f0","008716f0","","Global","FUN_0072c660","0072c660","0"
"","Global","FUN_00871720","00871720","","Global","FUN_0072c690","0072c690","0"
"","Global","AtelStopSoundAll","00871830","","Global","FUN_0072c7a0","0072c7a0","0"
"","Global","AtelStrcat","008718f0","","Global","FUN_0072c860","0072c860","0"
"","Global","AtelStrcpy","00871920","","Global","FUN_0072c890","0072c890","0"
"","Global","FUN_00871960","00871960","","Global","FUN_0072c8d0","0072c8d0","0"
"","Global","FUN_00871b40","00871b40","","Global","FUN_0072ccc0","0072ccc0","0"
"","Global","AtelUpdateBattleStatus","00871b60","","Global","FUN_0072cce0","0072cce0","0"
"","Global","FUN_00871d10","00871d10","","Global","FUN_0072ce90","0072ce90","0"
"","Global","AtelUpdateWaterStatus","00871df0","","Global","FUN_0072cf70","0072cf70","0"
"","Global","FUN_00872080","00872080","","Global","FUN_00637280","00637280","0"
"","Global","FUN_00872100","00872100","","Global","FUN_0072d2f0","0072d2f0","0"
"","Global","TkCh_Dispose","00872290","","Global","FUN_0072d450","0072d450","0"
"","Global","FUN_008722b0","008722b0","","Global","FUN_0072d470","0072d470","0"
"","Global","FUN_008722e0","008722e0","","Global","FUN_0072d4e0","0072d4e0","0"
"","Global","FUN_00872300","00872300","","Global","FUN_0072d6e0","0072d6e0","0"
"","Global","FUN_00872320","00872320","","Global","FUN_0072d7e0","0072d7e0","0"
"","Global","FUN_00872410","00872410","","Global","FUN_0072d960","0072d960","0"
"","Global","FUN_00872420","00872420","","Global","FUN_0072d970","0072d970","0"
"","Global","TkRefreshHDD","00872440","","Global","FUN_0072d990","0072d990","0"
"","Global","TkRefreshSoundMode","00872490","","Global","FUN_0072d9e0","0072d9e0","0"
"","Global","FUN_008724d0","008724d0","","Global","FUN_0072da70","0072da70","0"
"","Global","FUN_00872520","00872520","","Global","FUN_0072dd20","0072dd20","0"
"","Global","FUN_00872540","00872540","","Global","FUN_0072dd40","0072dd40","0"
"","Global","FUN_00872560","00872560","","Global","FUN_0072dd60","0072dd60","0"
"","Global","FUN_00872580","00872580","","Global","FUN_0072dd80","0072dd80","0"
"","Global","FUN_008725d0","008725d0","","Global","FUN_0072ddd0","0072ddd0","0"
"","Global","FUN_008725f0","008725f0","","Global","FUN_0072ddf0","0072ddf0","0"
"","Global","FUN_00872690","00872690","","Global","FUN_0072de90","0072de90","0"
"","Global","FUN_00872720","00872720","","Global","FUN_0072df20","0072df20","0"
"","Global","FUN_008727a0","008727a0","","Global","FUN_0072dfa0","0072dfa0","0"
"","Global","FUN_008727c0","008727c0","","Global","FUN_0072dfc0","0072dfc0","0"
"","Global","FUN_00872950","00872950","","Global","FUN_0072e220","0072e220","0"
"","Global","FUN_008729e0","008729e0","","Global","FUN_0070d940","0070d940","0"
"","Global","FUN_00872b30","00872b30","","Global","FUN_0070d9f0","0070d9f0","0"
"","Global","AtelDrawSemiTrans","00872c40","","Global","FUN_0070db30","0070db30","0"
"","Global","FUN_008735a0","008735a0","","Global","FUN_0070e2c0","0070e2c0","0"
"","Global","FUN_00873990","00873990","","Global","FUN_0070e760","0070e760","0"
"","Global","FUN_008739d0","008739d0","","Global","FUN_0070e7a0","0070e7a0","0"
"","Global","AtelGetEventMode","00873a40","","Global","FUN_0070e820","0070e820","0"
"","Global","FUN_00873b40","00873b40","","Global","FUN_0070e910","0070e910","0"
"","Global","FUN_00873ba0","00873ba0","","Global","FUN_0070e970","0070e970","0"
"","Global","AtelRecoverPreBgPage","00873c60","","Global","FUN_0070ea30","0070ea30","0"
"","Global","FUN_00873d90","00873d90","","Global","FUN_0070eb60","0070eb60","0"
"","Global","AtelSetMapIdPage","00873e00","","Global","FUN_0070ebf0","0070ebf0","0"
"","Global","FUN_00873f90","00873f90","","Global","FUN_0070ed70","0070ed70","0"
"","Global","FUN_00874050","00874050","","Global","FUN_0070ef20","0070ef20","0"
"","Global","FUN_008740c0","008740c0","","Global","FUN_0070efa0","0070efa0","0"
"","Global","+MsSetSaveCommandWithPrefix","00874190","","Global","FUN_0070f060","0070f060","0"
"","Global","FUN_008741c0","008741c0","","Global","FUN_00731290","00731290","0"
"","Global","FUN_008741e0","008741e0","","Global","FUN_007312b0","007312b0","0"
"","Global","FUN_008747d0","008747d0","","Global","FUN_00731fb0","00731fb0","0"
"","Global","FUN_00874f40","00874f40","","Global","FUN_0072e250","0072e250","0"
"","Global","AtelCheckCallbackQue","00874f80","","Global","FUN_0072e290","0072e290","0"
"","Global","FUN_00874fa0","00874fa0","","Global","FUN_0072e2b0","0072e2b0","0"
"","Global","FUN_00874fd0","00874fd0","","Global","FUN_0072e2e0","0072e2e0","0"
"","Global","AtelExecCallbackQue","00875030","","Global","FUN_0072e340","0072e340","0"
"","Global","FUN_008750c0","008750c0","","Global","FUN_0072e3d0","0072e3d0","0"
"","Global","FUN_008750e0","008750e0","","Global","FUN_0072e3f0","0072e3f0","0"
"","Global","AtelRegistCallbackQue2","00875130","","Global","FUN_0072e440","0072e440","0"
"","Global","FUN_00875200","00875200","","Global","FUN_007325c0","007325c0","0"
"","Global","FUN_00875350","00875350","","Global","FUN_007326b0","007326b0","0"
"","Global","AtelActorRemove","008753b0","","Global","FUN_0072e4b0","0072e4b0","0"
"","Global","FUN_00875460","00875460","","Global","FUN_0072e560","0072e560","0"
"","Global","AtelActorSetUp2","00875490","","Global","FUN_0072e590","0072e590","0"
"","Global","FUN_00875630","00875630","","Global","FUN_0072e730","0072e730","0"
"","Global","AtelBattleSetUp","00875650","","Global","FUN_0072e750","0072e750","0"
"","Global","FUN_008758d0","008758d0","","Global","FUN_0072e9d0","0072e9d0","0"
"","Global","FUN_00875930","00875930","","Global","FUN_0072ea30","0072ea30","0"
"","Global","FUN_00875a70","00875a70","","Global","FUN_0072eb70","0072eb70","0"
"","Global","FUN_00875ba0","00875ba0","","Global","FUN_0072ede0","0072ede0","0"
"","Global","FUN_00875cb0","00875cb0","","Global","FUN_0072eee0","0072eee0","0"
"","Global","FUN_00875cf0","00875cf0","","Global","FUN_0072ef20","0072ef20","0"
"","Global","FUN_00875d60","00875d60","","Global","FUN_0072ef90","0072ef90","0"
"","Global","TkSetVibrateMask","00875ee0","","Global","FUN_0072f190","0072f190","0"
"","Global","FUN_00876310","00876310","","Global","FUN_0072f5b0","0072f5b0","0"
"","Global","FUN_00876360","00876360","","Global","FUN_0072f600","0072f600","0"
"","Global","FUN_008763c0","008763c0","","Global","FUN_0072f660","0072f660","0"
"","Global","FUN_00876420","00876420","","Global","FUN_0072f6c0","0072f6c0","0"
"","Global","FUN_00876650","00876650","","Global","FUN_0072f8f0","0072f8f0","0"
"","Global","FUN_00876700","00876700","","Global","FUN_0072f9a0","0072f9a0","0"
"","Global","FUN_008767e0","008767e0","","Global","FUN_0072fa80","0072fa80","0"
"","Global","FUN_00877270","00877270","","Global","FUN_007304c0","007304c0","0"
"","Global","AtelClearSnd3dWorkAll","008772b0","","Global","FUN_00730500","00730500","0"
"","Global","FUN_00877300","00877300","","Global","FUN_00730550","00730550","0"
"","Global","FUN_008773a0","008773a0","","Global","FUN_007305f0","007305f0","0"
"","Global","FUN_008773f0","008773f0","","Global","FUN_00730640","00730640","0"
"","Global","FUN_00877560","00877560","","Global","FUN_00732490","00732490","0"
"","Global","FUN_00877590","00877590","","Global","FUN_007324c0","007324c0","0"
"","Global","FUN_008775e0","008775e0","","Global","FUN_00732510","00732510","0"
"","Global","FUN_008776b0","008776b0","","Global","FUN_00732730","00732730","0"
"","Global","FUN_008776f0","008776f0","","Global","FUN_00732770","00732770","0"
"","Global","FUN_00877710","00877710","","Global","FUN_00732790","00732790","0"
"","Global","FUN_00877720","00877720","","Global","FUN_007327a0","007327a0","0"
"","Global","FUN_00877770","00877770","","Global","FUN_007327f0","007327f0","0"
"","Global","FUN_00877800","00877800","","Global","FUN_00732880","00732880","0"
"","Global","FUN_00877850","00877850","","Global","FUN_007328d0","007328d0","0"
"","Global","FUN_00877870","00877870","","Global","FUN_007328f0","007328f0","0"
"","Global","FUN_00877940","00877940","","Global","FUN_007329c0","007329c0","0"
"","Global","FUN_00877ab0","00877ab0","","Global","FUN_00732b30","00732b30","0"
"","Global","FUN_00877b20","00877b20","","Global","FUN_00732ba0","00732ba0","0"
"","Global","FUN_00877b90","00877b90","","Global","FUN_00732c10","00732c10","0"
"","Global","FUN_00877c00","00877c00","","Global","FUN_00732c80","00732c80","0"
"","Global","FUN_00877ce0","00877ce0","","Global","FUN_00732d60","00732d60","0"
"","Global","FUN_00877d40","00877d40","","Global","FUN_00732dc0","00732dc0","0"
"","Global","FUN_00877dd0","00877dd0","","Global","FUN_00732e50","00732e50","0"
"","Global","FUN_00877e70","00877e70","","Global","FUN_00732ef0","00732ef0","0"
"","Global","FUN_00877ee0","00877ee0","","Global","FUN_00732f60","00732f60","0"
"","Global","FUN_00877f50","00877f50","","Global","FUN_00732fd0","00732fd0","0"
"","Global","FUN_00877f70","00877f70","","Global","FUN_00732ff0","00732ff0","0"
"","Global","FUN_00877fe0","00877fe0","","Global","FUN_00733060","00733060","0"
"","Global","FUN_008780c0","008780c0","","Global","FUN_00733140","00733140","0"
"","Global","FUN_008781b0","008781b0","","Global","FUN_00734480","00734480","0"
"","Global","FUN_00878200","00878200","","Global","FUN_007331b0","007331b0","0"
"","Global","FUN_00878220","00878220","","Global","FUN_007331d0","007331d0","0"
"","Global","FUN_00878270","00878270","","Global","FUN_00733220","00733220","0"
"","Global","FUN_00878460","00878460","","Global","FUN_00733480","00733480","0"
"","Global","FUN_008784f0","008784f0","","Global","FUN_00733550","00733550","0"
"","Global","FUN_00878530","00878530","","Global","FUN_00733590","00733590","0"
"","Global","FUN_00878680","00878680","","Global","FUN_007336e0","007336e0","0"
"","Global","FUN_00878750","00878750","","Global","FUN_007337b0","007337b0","0"
"","Global","FUN_00878820","00878820","","Global","FUN_00733880","00733880","0"
"","Global","FUN_008788e0","008788e0","","Global","FUN_00733940","00733940","0"
"","Global","FUN_00878a80","00878a80","","Global","FUN_00733ae0","00733ae0","0"
"","Global","FUN_00878ac0","00878ac0","","Global","FUN_00733b20","00733b20","0"
"","Global","FUN_00878b90","00878b90","","Global","FUN_00733bf0","00733bf0","0"
"","Global","FUN_00878bf0","00878bf0","","Global","FUN_00733c50","00733c50","0"
"","Global","FUN_00878c60","00878c60","","Global","FUN_00733cc0","00733cc0","0"
"","Global","FUN_00878d90","00878d90","","Global","FUN_00733df0","00733df0","0"
"","Global","FUN_00878e70","00878e70","","Global","FUN_00733ed0","00733ed0","0"
"","Global","FUN_00878ea0","00878ea0","","Global","FUN_00733f00","00733f00","0"
"","Global","FUN_00878f20","00878f20","","Global","FUN_00733f80","00733f80","0"
"","Global","FUN_00878f60","00878f60","","Global","FUN_00733fc0","00733fc0","0"
"","Global","FUN_00878fc0","00878fc0","","Global","FUN_00734020","00734020","0"
"","Global","FUN_00879180","00879180","","Global","FUN_007341e0","007341e0","0"
"","Global","FUN_008791a0","008791a0","","Global","FUN_00734200","00734200","0"
"","Global","FUN_008791c0","008791c0","","Global","FUN_00734220","00734220","0"
"","Global","FUN_008791e0","008791e0","","Global","FUN_00734240","00734240","0"
"","Global","FUN_00879200","00879200","","Global","FUN_00734260","00734260","0"
"","Global","FUN_00879240","00879240","","Global","FUN_007342a0","007342a0","0"
"","Global","FUN_00879280","00879280","","Global","FUN_007342e0","007342e0","0"
"","Global","FUN_008792c0","008792c0","","Global","FUN_00734320","00734320","0"
"","Global","FUN_008794c0","008794c0","","Global","FUN_007369d0","007369d0","0"
"","Global","FUN_00879510","00879510","","Global","FUN_00736a20","00736a20","0"
"","Global","AtelEventGetFilePath2","00879530","","Global","FUN_00736a40","00736a40","0"
"","Global","FUN_00879670","00879670","","Global","FUN_00736b80","00736b80","0"
"","Global","AtelGetEventName","008796e0","","Global","FUN_00736bf0","00736bf0","0"
"","Global","AtelLoadDebugData","00879930","","Global","FUN_00736e70","00736e70","0"
"","Global","FUN_00879bb0","00879bb0","","Global","FUN_00737120","00737120","0"
"","Global","FUN_00879be0","00879be0","","Global","FUN_00737150","00737150","0"
"","Global","FUN_00879c70","00879c70","","Global","FUN_007371e0","007371e0","0"
"","Global","FUN_00879ce0","00879ce0","","Global","FUN_00737250","00737250","0"
"","Global","FUN_00879d60","00879d60","","Global","FUN_007372d0","007372d0","0"
"","Global","FUN_00879d90","00879d90","","Global","FUN_00737300","00737300","0"
"","Global","FUN_00879df0","00879df0","","Global","FUN_00737360","00737360","0"
"","Global","FUN_00879e60","00879e60","","Global","FUN_007373d0","007373d0","0"
"","Global","FUN_0087a390","0087a390","","Global","FUN_00737760","00737760","0"
"","Global","FUN_0087a3c0","0087a3c0","","Global","FUN_00737790","00737790","0"
"","Global","FUN_0087a420","0087a420","","Global","FUN_00737950","00737950","0"
"","Global","FUN_0087ade0","0087ade0","","Global","FUN_00738310","00738310","0"
"","Global","FUN_0087af20","0087af20","","Global","FUN_00738450","00738450","0"
"","Global","FUN_0087afc0","0087afc0","","Global","FUN_007384f0","007384f0","0"
"","Global","FUN_0087b2e0","0087b2e0","","Global","FUN_007386c0","007386c0","0"
"","Global","FUN_0087b3a0","0087b3a0","","Global","FUN_00738780","00738780","0"
"","Global","FUN_0087b410","0087b410","","Global","FUN_007387f0","007387f0","0"
"","Global","FUN_0087b870","0087b870","","Global","FUN_00738c50","00738c50","0"
"","Global","FUN_0087b8a0","0087b8a0","","Global","FUN_00738c80","00738c80","0"
"","Global","FUN_0087b900","0087b900","","Global","FUN_00738ce0","00738ce0","0"
"","Global","FUN_0087b940","0087b940","","Global","FUN_00738d20","00738d20","0"
"","Global","FUN_0087b9f0","0087b9f0","","Global","FUN_00738dd0","00738dd0","0"
"","Global","FUN_0087ba70","0087ba70","","Global","FUN_007377f0","007377f0","0"
"","Global","FUN_0087bb10","0087bb10","","Global","FUN_00737890","00737890","0"
"","Global","FUN_0087bbd0","0087bbd0","","Global","FUN_00738e50","00738e50","0"
"","Global","FUN_0087bc10","0087bc10","","Global","FUN_00738e90","00738e90","0"
"","Global","FUN_0087bd10","0087bd10","","Global","FUN_00738f90","00738f90","0"
"","Global","FUN_0087d610","0087d610","","Global","FUN_0073a920","0073a920","0"
"","Global","FUN_0087d7a0","0087d7a0","","Global","FUN_0073aab0","0073aab0","0"
"","Global","FUN_0087dba0","0087dba0","","Global","FUN_0073aec0","0073aec0","0"
"","Global","FUN_0087dd50","0087dd50","","Global","FUN_0073b070","0073b070","0"
"","Global","FUN_0087e040","0087e040","","Global","FUN_0073b370","0073b370","0"
"","Global","FUN_0087e090","0087e090","","Global","FUN_0073b3c0","0073b3c0","0"
"","Global","FUN_0087e0c0","0087e0c0","","Global","FUN_0073b3f0","0073b3f0","0"
"","Global","FUN_0087e0e0","0087e0e0","","Global","FUN_0073b410","0073b410","0"
"","Global","FUN_0087e150","0087e150","","Global","FUN_0073b480","0073b480","0"
"","Global","FUN_0087e1a0","0087e1a0","","Global","FUN_0073b4d0","0073b4d0","0"
"","Global","FUN_0087e6d0","0087e6d0","","Global","FUN_0073ba00","0073ba00","0"
"","Global","FUN_0087e740","0087e740","","Global","FUN_0073ba70","0073ba70","0"
"","Global","FUN_0087e800","0087e800","","Global","FUN_0073bb30","0073bb30","0"
"","Global","FUN_0087e8e0","0087e8e0","","Global","FUN_0073bc10","0073bc10","0"
"","Global","FUN_0087e980","0087e980","","Global","FUN_0073bcb0","0073bcb0","0"
"","Global","FUN_0087ecb0","0087ecb0","","Global","FUN_0073c000","0073c000","0"
"","Global","FUN_0087ed90","0087ed90","","Global","FUN_0073c0e0","0073c0e0","0"
"","Global","FUN_0087ee70","0087ee70","","Global","FUN_0073c1d0","0073c1d0","0"
"","Global","FUN_0087eea0","0087eea0","","Global","FUN_0073c200","0073c200","0"
"","Global","FUN_0087eec0","0087eec0","","Global","FUN_0073c220","0073c220","0"
"","Global","FUN_0087eef0","0087eef0","","Global","FUN_0073c250","0073c250","0"
"","Global","FUN_0087efb0","0087efb0","","Global","FUN_0073c310","0073c310","0"
"","Global","FUN_0087f010","0087f010","","Global","FUN_0073c370","0073c370","0"
"","Global","FUN_0087f040","0087f040","","Global","FUN_0073c3a0","0073c3a0","0"
"","Global","FUN_0087f130","0087f130","","Global","FUN_0073c490","0073c490","0"
"","Global","FUN_0087f1f0","0087f1f0","","Global","FUN_0073c550","0073c550","0"
"","Global","FUN_0087f2a0","0087f2a0","","Global","FUN_0073c600","0073c600","0"
"","Global","FUN_0087f300","0087f300","","Global","FUN_0073c660","0073c660","0"
"","Global","FUN_0087f410","0087f410","","Global","FUN_0073c770","0073c770","0"
"","Global","FUN_0087f540","0087f540","","Global","FUN_0073c8a0","0073c8a0","0"
"","Global","FUN_0087f5d0","0087f5d0","","Global","FUN_0073c930","0073c930","0"
"","Global","FUN_0087f780","0087f780","","Global","FUN_0073cae0","0073cae0","0"
"","Global","FUN_0087f870","0087f870","","Global","FUN_0073cbd0","0073cbd0","0"
"","Global","FUN_0087fa80","0087fa80","","Global","FUN_0073cde0","0073cde0","0"
"","Global","FUN_0087fb90","0087fb90","","Global","FUN_0073cef0","0073cef0","0"
"","Global","FUN_0087fc20","0087fc20","","Global","FUN_0073cf70","0073cf70","0"
"","Global","FUN_00880730","00880730","","Global","FUN_0073da80","0073da80","0"
"","Global","FUN_00881b60","00881b60","","Global","FUN_0073eeb0","0073eeb0","0"
"","Global","FUN_00881cc0","00881cc0","","Global","FUN_0073f010","0073f010","0"
"","Global","FUN_00881d90","00881d90","","Global","FUN_0073f0e0","0073f0e0","0"
"","Global","FUN_00881f50","00881f50","","Global","FUN_0073f2a0","0073f2a0","0"
"","Global","FUN_00882010","00882010","","Global","FUN_0073f360","0073f360","0"
"","Global","FUN_008826c0","008826c0","","Global","FUN_0073f910","0073f910","0"
"","Global","FUN_00882720","00882720","","Global","FUN_0073f970","0073f970","0"
"","Global","FUN_008827f0","008827f0","","Global","FUN_0073fa40","0073fa40","0"
"","Global","FUN_00882900","00882900","","Global","FUN_0073fb50","0073fb50","0"
"","Global","FUN_00882a30","00882a30","","Global","FUN_0073fc80","0073fc80","0"
"","Global","FUN_00882b20","00882b20","","Global","FUN_0073fd70","0073fd70","0"
"","Global","FUN_00882cc0","00882cc0","","Global","FUN_0073ff10","0073ff10","0"
"","Global","FUN_00882fb0","00882fb0","","Global","FUN_00740200","00740200","0"
"","Global","FUN_008832b0","008832b0","","Global","FUN_00740500","00740500","0"
"","Global","FUN_00883590","00883590","","Global","FUN_007407e0","007407e0","0"
"","Global","FUN_00883840","00883840","","Global","FUN_00740a90","00740a90","0"
"","Global","FUN_00883bb0","00883bb0","","Global","FUN_00740e00","00740e00","0"
"","Global","FUN_00883de0","00883de0","","Global","FUN_00741030","00741030","0"
"","Global","FUN_00884030","00884030","","Global","FUN_00741280","00741280","0"
"","Global","FUN_008841f0","008841f0","","Global","FUN_00741440","00741440","0"
"","Global","FUN_00884390","00884390","","Global","FUN_007415e0","007415e0","0"
"","Global","FUN_00884500","00884500","","Global","FUN_00741750","00741750","0"
"","Global","FUN_008846e0","008846e0","","Global","FUN_00741930","00741930","0"
"","Global","FUN_00884800","00884800","","Global","FUN_00741a50","00741a50","0"
"","Global","FUN_00884bf0","00884bf0","","Global","FUN_00741e40","00741e40","0"
"","Global","FUN_00884c20","00884c20","","Global","FUN_00741e70","00741e70","0"
"","Global","FUN_00884cf0","00884cf0","","Global","FUN_00741f40","00741f40","0"
"","Global","FUN_00884f40","00884f40","","Global","FUN_00742190","00742190","0"
"","Global","FUN_00884fa0","00884fa0","","Global","FUN_007421f0","007421f0","0"
"","Global","FUN_00885020","00885020","","Global","FUN_00742270","00742270","0"
"","Global","TkCreateDECI2Header","00885080","","Global","FUN_007422d0","007422d0","0"
"","Global","TkInitDeci2","008851a0","","Global","FUN_00742430","00742430","0"
"","Global","FUN_00885200","00885200","","Global","FUN_00742490","00742490","0"
"","Global","FUN_00885390","00885390","","Global","FUN_00742620","00742620","0"
"","Global","FUN_008853d0","008853d0","","Global","FUN_00742660","00742660","0"
"","Global","FUN_00885420","00885420","","Global","FUN_007426b0","007426b0","0"
"","Global","FUN_00885460","00885460","","Global","FUN_007426f0","007426f0","0"
"","Global","FUN_008854e0","008854e0","","Global","FUN_00742770","00742770","0"
"","Global","FUN_00885530","00885530","","Global","FUN_007427f0","007427f0","0"
"","Global","FUN_00885550","00885550","","Global","FUN_00742810","00742810","0"
"","Global","FUN_008855a0","008855a0","","Global","FUN_00742860","00742860","0"
"","Global","FUN_00885870","00885870","","Global","FUN_00742b50","00742b50","0"
"","Global","FUN_00885890","00885890","","Global","FUN_00742b70","00742b70","0"
"","Global","FUN_008858f0","008858f0","","Global","FUN_00742bd0","00742bd0","0"
"","Global","FUN_00885910","00885910","","Global","FUN_00742bf0","00742bf0","0"
"","Global","FUN_008859e0","008859e0","","Global","FUN_00742cc0","00742cc0","0"
"","Global","AtelSetUpSourceDebug","00885a60","","Global","FUN_00742d40","00742d40","0"
"","Global","FUN_00885af0","00885af0","","Global","FUN_00742dd0","00742dd0","0"
"","Global","FUN_00885c60","00885c60","","Global","FUN_00742f80","00742f80","0"
"","Global","FUN_00885c80","00885c80","","Global","FUN_00742fa0","00742fa0","0"
"","Global","FUN_00885de0","00885de0","","Global","FUN_00743130","00743130","0"
"","Global","SndEventClearPcToActorFoot","00885e70","","Global","FUN_007431c0","007431c0","0"
"","Global","SndEventSetPcToActorFoot","00885f30","","Global","FUN_00743280","00743280","0"
"","Global","FUN_008860a0","008860a0","","Global","FUN_00743430","00743430","0"
"","Global","FUN_008860f0","008860f0","","Global","FUN_00743490","00743490","0"
"","Global","SndGetStreamState","00886410","","Global","FUN_00743bc0","00743bc0","0"
"","Global","FUN_00886440","00886440","","Global","FUN_00743bf0","00743bf0","0"
"","Global","FUN_00886740","00886740","","Global","FUN_00744020","00744020","0"
"","Global","FUN_00886bd0","00886bd0","","Global","FUN_00744470","00744470","0"
"","Global","FUN_00886c60","00886c60","","Global","FUN_00744500","00744500","0"
"","Global","SndSetFootSep","00887050","","Global","FUN_00744ac0","00744ac0","0"
"","Global","SndSetSoundMode","008870f0","","Global","FUN_00744c00","00744c00","0"
"","Global","FUN_00887130","00887130","","Global","FUN_00744c40","00744c40","0"
"","Global","FUN_008871b0","008871b0","","Global","FUN_00744cc0","00744cc0","0"
"","Global","FUN_008871f0","008871f0","","Global","FUN_00744d00","00744d00","0"
"","Global","SndSqsIopSoundErrorStatus","008872d0","","Global","FUN_00744e30","00744e30","0"
"","Global","SndStandbySepWave","008874c0","","Global","FUN_007450a0","007450a0","0"
"","Global","SndStartBattleStream","00887510","","Global","FUN_00745100","00745100","0"
"","Global","FUN_008875a0","008875a0","","Global","FUN_00745180","00745180","0"
"","Global","FUN_00887600","00887600","","Global","FUN_007451e0","007451e0","0"
"","Global","FUN_00887700","00887700","","Global","FUN_00745330","00745330","0"
"","Global","FUN_008878b0","008878b0","","Global","FUN_007454f0","007454f0","0"
"","Global","FUN_00887b10","00887b10","","Global","FUN_007457e0","007457e0","0"
"","Global","TkSndUpdateMain","00887b40","","Global","FUN_00745810","00745810","0"
"","Global","FUN_00887bf0","00887bf0","","Global","FUN_00747190","00747190","0"
"","Global","FUN_00887c20","00887c20","","Global","FUN_007471d0","007471d0","0"
"","Global","FUN_00887df0","00887df0","","Global","FUN_007473f0","007473f0","0"
"","Global","FUN_00887f40","00887f40","","Global","FUN_007475a0","007475a0","0"
"","Global","FUN_00888130","00888130","","Global","FUN_00747790","00747790","0"
"","Global","FUN_00888170","00888170","","Global","FUN_007477d0","007477d0","0"
"","Global","FUN_008881f0","008881f0","","Global","FUN_00747850","00747850","0"
"","Global","TkMcGetInfo","00888230","","Global","FUN_00747890","00747890","0"
"","Global","FUN_008883b0","008883b0","","Global","FUN_00747a10","00747a10","0"
"","Global","FUN_00888530","00888530","","Global","FUN_00747bf0","00747bf0","0"
"","Global","FUN_008885f0","008885f0","","Global","FUN_00747cb0","00747cb0","0"
"","Global","FUN_00888690","00888690","","Global","FUN_00747db0","00747db0","0"
"","Global","TkSetSyncVCallbackPtr","00888700","","Global","FUN_00747e40","00747e40","0"
"","Global","FUN_008887b0","008887b0","","Global","FUN_00747f00","00747f00","0"
"","Global","FUN_00888800","00888800","","Global","FUN_00747f50","00747f50","0"
"","Global","FUN_00888830","00888830","","Global","FUN_00747f80","00747f80","0"
"","Global","FUN_00888850","00888850","","Global","FUN_00745860","00745860","0"
"","Global","FUN_00888900","00888900","","Global","FUN_00745940","00745940","0"
"","Global","FUN_008889b0","008889b0","","Global","FUN_007459e0","007459e0","0"
"","Global","FUN_008889e0","008889e0","","Global","FUN_00745a10","00745a10","0"
"","Global","FUN_00888ad0","00888ad0","","Global","FUN_00745b00","00745b00","0"
"","Global","FUN_00888bb0","00888bb0","","Global","FUN_00745c00","00745c00","0"
"","Global","FUN_00888e50","00888e50","","Global","FUN_00745f30","00745f30","0"
"","Global","FUN_00888e90","00888e90","","Global","FUN_00745f70","00745f70","0"
"","Global","FUN_00888f70","00888f70","","Global","FUN_00746060","00746060","0"
"","Global","FUN_00888fa0","00888fa0","","Global","FUN_00746090","00746090","0"
"","Global","FUN_00889380","00889380","","Global","FUN_00746660","00746660","0"
"","Global","FUN_008893d0","008893d0","","Global","FUN_007466b0","007466b0","0"
"","Global","FUN_00889460","00889460","","Global","FUN_00746740","00746740","0"
"","Global","FUN_00889810","00889810","","Global","FUN_00746af0","00746af0","0"
"","Global","FUN_00889a10","00889a10","","Global","FUN_007470c0","007470c0","0"
"","Global","FUN_00889a30","00889a30","","Global","FUN_007470e0","007470e0","0"
"","Global","TkResetClip","0088c680","","Global","FUN_0074a630","0074a630","0"
"","Global","FUN_0088c6b0","0088c6b0","","Global","FUN_0074a660","0074a660","0"
"","Global","FUN_0088d090","0088d090","","Global","FUN_0074af90","0074af90","0"
"","Global","FUN_0088d0b0","0088d0b0","","Global","FUN_0074afb0","0074afb0","0"
"","Global","TkCdReadNB","0088d100","","Global","FUN_0074b000","0074b000","0"
"","Global","TkCdReadSync","0088d130","","Global","FUN_0074b030","0074b030","0"
"","Global","TkFree","0088d490","","Global","FUN_0074b440","0074b440","0"
"","Global","FUN_0088e4e0","0088e4e0","","Global","FUN_0074c100","0074c100","0"
"","Global","FUN_0088e580","0088e580","","Global","FUN_0074c1a0","0074c1a0","0"
"","Global","FUN_0088e6a0","0088e6a0","","Global","FUN_0074c290","0074c290","0"
"","Global","FUN_0088e6c0","0088e6c0","","Global","FUN_0074c2b0","0074c2b0","0"
"","Global","TkMsImportantSet","0088e700","","Global","FUN_0074c300","0074c300","0"
"","Global","FUN_0088e730","0088e730","","Global","FUN_0074c330","0074c330","0"
"","Global","FUN_0088e750","0088e750","","Global","FUN_0074c350","0074c350","0"
"","Global","FUN_0088e770","0088e770","","Global","FUN_0074c370","0074c370","0"
"","Global","FUN_0088e7f0","0088e7f0","","Global","FUN_0074c3f0","0074c3f0","0"
"","Global","TkRefreshHDDMode","0088e8a0","","Global","FUN_0074c4a0","0074c4a0","0"
"","Global","TkSetEvSaveStatus","0088e9c0","","Global","FUN_0074c600","0074c600","0"
"","Global","TkSetEventJumpMapNo","0088ea60","","Global","FUN_0074c720","0074c720","0"
"","Global","TkSetFadeOut","0088eac0","","Global","FUN_0074c780","0074c780","0"
"","Global","FUN_0088eb10","0088eb10","","Global","FUN_0074c7e0","0074c7e0","0"
"","Global","FUN_0088ec80","0088ec80","","Global","FUN_0074c910","0074c910","0"
"","Global","FUN_0088ed60","0088ed60","","Global","FUN_0074c9e0","0074c9e0","0"
"","Global","FUN_0088ed80","0088ed80","","Global","FUN_0074ca00","0074ca00","0"
"","Global","FUN_0088ede0","0088ede0","","Global","FUN_0074ca60","0074ca60","0"
"","Global","FUN_0088ef60","0088ef60","","Global","FUN_0074cbc0","0074cbc0","0"
"","Global","FUN_0088f560","0088f560","","Global","FUN_0074d1d0","0074d1d0","0"
"","Global","FUN_0088f630","0088f630","","Global","FUN_0074d2a0","0074d2a0","0"
"","Global","FUN_00890750","00890750","","Global","FUN_0074e240","0074e240","0"
"","Global","FUN_00890970","00890970","","Global","FUN_0074e3e0","0074e3e0","0"
"","Global","FUN_0089b260","0089b260","","Global","FUN_0075e9e0","0075e9e0","0"
"","Global","TODapsPrintf","0089dd50","","Global","FUN_006ea5e0","006ea5e0","0"
"","Global","FUN_008a8de0","008a8de0","","Global","FUN_00762880","00762880","0"
"","Global","FUN_008a8eb0","008a8eb0","","Global","FUN_00764190","00764190","0"
"","Global","FUN_008aa130","008aa130","","Global","FUN_00764c00","00764c00","0"
"","Global","TkMenuMainFreeWindow","008aa3a0","","Global","FUN_00764ef0","00764ef0","0"
"","Global","FUN_008aaa60","008aaa60","","Global","FUN_00765880","00765880","0"
"","Global","FUN_008aaab0","008aaab0","","Global","FUN_007658d0","007658d0","0"
"2","Global","TkMenuMainSleepMenu","008aad20","","Global","FUN_00765a30","00765a30","0"
"","Global","FUN_008ab1a0","008ab1a0","","Global","FUN_00765cf0","00765cf0","0"
"","Global","FUN_008ab9e0","008ab9e0","","Global","FUN_00791570","00791570","0"
"","Global","TOGetSystemConfirmButtonAssign","008acee0","","Global","FUN_00794870","00794870","0"
"","Global","TOSwapInternationalEnvInit","008b08d0","","Global","FUN_00798250","00798250","0"
"","Global","FUN_008b0920","008b0920","","Global","FUN_007982a0","007982a0","0"
"","Global","FUN_008b0d50","008b0d50","","Global","FUN_00798420","00798420","0"
"","Global","FUN_008b1320","008b1320","","Global","FUN_00766100","00766100","0"
"","Global","TkCRC","008b1400","","Global","FUN_007661e0","007661e0","0"
"","Global","FUN_008b3600","008b3600","","Global","FUN_007685b0","007685b0","0"
"","Global","FUN_008b36e0","008b36e0","","Global","FUN_007686b0","007686b0","0"
"","Global","FUN_008b3bd0","008b3bd0","","Global","FUN_007691e0","007691e0","0"
"","Global","FUN_008b3c20","008b3c20","","Global","FUN_00769250","00769250","0"
"","Global","FUN_008b3cd0","008b3cd0","","Global","FUN_00769320","00769320","0"
"","Global","FUN_008b3fa0","008b3fa0","","Global","FUN_00769630","00769630","0"
"","Global","FUN_008b4010","008b4010","","Global","FUN_007696a0","007696a0","0"
"","Global","FUN_008b41e0","008b41e0","","Global","FUN_00769870","00769870","0"
"","Global","FUN_008b4d50","008b4d50","","Global","FUN_0076ac30","0076ac30","0"
"","Global","FUN_008b4df0","008b4df0","","Global","FUN_0076acd0","0076acd0","0"
"","Global","FUN_008b4e20","008b4e20","","Global","FUN_0076ad00","0076ad00","0"
"","Global","FUN_008b4f60","008b4f60","","Global","FUN_0076af10","0076af10","0"
"","Global","FUN_008b5400","008b5400","","Global","FUN_0076b630","0076b630","0"
"","Global","FUN_008b5470","008b5470","","Global","FUN_0076b6c0","0076b6c0","0"
"","Global","FUN_008b54e0","008b54e0","","Global","FUN_0076b730","0076b730","0"
"","Global","FUN_008ba330","008ba330","","Global","FUN_00773130","00773130","0"
"","Global","FUN_008ba360","008ba360","","Global","FUN_00772cd0","00772cd0","0"
"","Global","FUN_008bdf20","008bdf20","","Global","FUN_00772c60","00772c60","0"
"","Global","FUN_008be300","008be300","","Global","FUN_0077b2b0","0077b2b0","0"
"","Global","TOMenuAtelReq","008be340","","Global","FUN_0077b2e0","0077b2e0","0"
"","Global","FUN_008c1ad0","008c1ad0","","Global","FUN_007765f0","007765f0","0"
"","Global","FUN_008c2ad0","008c2ad0","","Global","FUN_0075a310","0075a310","0"
"","Global","FUN_008c3530","008c3530","","Global","FUN_007810b0","007810b0","0"
"","Global","FUN_008c5230","008c5230","","Global","FUN_007828f0","007828f0","0"
"","Global","FUN_008c5250","008c5250","","Global","FUN_007823f0","007823f0","0"
"","Global","TOMenuGetDummyAnalogControler","008ca2f0","","Global","FUN_00780740","00780740","0"
"","Global","FUN_008ca340","008ca340","","Global","FUN_007807f0","007807f0","0"
"","Global","FUN_008ca460","008ca460","","Global","FUN_00780880","00780880","0"
"","Global","FUN_008cba70","008cba70","","Global","FUN_00759af0","00759af0","0"
"","Global","FUN_008db780","008db780","","Global","FUN_005e8920","005e8920","0"
"","Global","TOSkipCode","008dfd70","","Global","FUN_00797f00","00797f00","0"
"","Global","+TkMenuSleepMain","008e19b0","","Global","FUN_005e7ea0","005e7ea0","0"
"","Global","FUN_008e2e20","008e2e20","","Global","FUN_0078a020","0078a020","0"
"","Global","FUN_008e3470","008e3470","","Global","FUN_0078a980","0078a980","0"
"","Global","FUN_008e3b80","008e3b80","","Global","FUN_0078ae20","0078ae20","0"
"","Global","FUN_008e4a90","008e4a90","","Global","FUN_0078b740","0078b740","0"
"","Global","FUN_008e58e0","008e58e0","","Global","FUN_0079c7f0","0079c7f0","0"
"","Global","FUN_008e9fd0","008e9fd0","","Global","FUN_007a2d80","007a2d80","0"
"","Global","FUN_008ea000","008ea000","","Global","FUN_007a2db0","007a2db0","0"
"","Global","FUN_008f1770","008f1770","","Global","FUN_007a7430","007a7430","0"
"","Global","FUN_008f5b90","008f5b90","","Global","FUN_007ad750","007ad750","0"
"","Global","FUN_008fa900","008fa900","","Global","FUN_007ad8d0","007ad8d0","0"
"","Global","FUN_00906d90","00906d90","","Global","FUN_00797e80","00797e80","0"
"","Global","FUN_00907ee0","00907ee0","","Global","FUN_007b8ae0","007b8ae0","0"
"","Global","FUN_00907f00","00907f00","","Global","FUN_007b8b00","007b8b00","0"
"","Global","initEventList","00907f50","","Global","FUN_007b8c60","007b8c60","0"
"","Global","FUN_00908100","00908100","","Global","FUN_007b8de0","007b8de0","0"
"","Global","yiCallFieldParticle","009083e0","","Global","FUN_007b9220","007b9220","0"
"","Global","FUN_00908440","00908440","","Global","FUN_007b92a0","007b92a0","0"
"","Global","yiDisableHamonEff","00908450","","Global","FUN_007b92e0","007b92e0","0"
"","Global","FUN_00908480","00908480","","Global","FUN_007b9310","007b9310","0"
"","Global","FUN_009084b0","009084b0","","Global","FUN_007b9340","007b9340","0"
"","Global","FUN_009084e0","009084e0","","Global","FUN_007b9370","007b9370","0"
"","Global","yiDrawScrEffect","00908550","","Global","FUN_007b93e0","007b93e0","0"
"","Global","FUN_00908580","00908580","","Global","FUN_007b9410","007b9410","0"
"","Global","FUN_00908660","00908660","","Global","FUN_007b9590","007b9590","0"
"","Global","FUN_009086b0","009086b0","","Global","FUN_007b95e0","007b95e0","0"
"","Global","FUN_009086d0","009086d0","","Global","FUN_007b9600","007b9600","0"
"","Global","yiGetBattleCenter","009087f0","","Global","FUN_007b9720","007b9720","0"
"","Global","FUN_00908840","00908840","","Global","FUN_007b9770","007b9770","0"
"","Global","FUN_009088b0","009088b0","","Global","FUN_007b97e0","007b97e0","0"
"","Global","FUN_00908c80","00908c80","","Global","FUN_007b9c10","007b9c10","0"
"","Global","FUN_00908d00","00908d00","","Global","FUN_007b9c90","007b9c90","0"
"","Global","yiGetMapStatus","00908dd0","","Global","FUN_007b9d60","007b9d60","0"
"","Global","FUN_00908f20","00908f20","","Global","FUN_007b9ee0","007b9ee0","0"
"","Global","FUN_00908fb0","00908fb0","","Global","FUN_007ba060","007ba060","0"
"","Global","yiInit","00909030","","Global","FUN_007ba0e0","007ba0e0","0"
"","Global","FUN_009090c0","009090c0","","Global","FUN_007ba180","007ba180","0"
"","Global","FUN_00909350","00909350","","Global","FUN_007ba410","007ba410","0"
"","Global","yiObjReadCallback","009097c0","","Global","FUN_007ba8e0","007ba8e0","0"
"","Global","FUN_00909d30","00909d30","","Global","FUN_007baee0","007baee0","0"
"","Global","FUN_00909dd0","00909dd0","","Global","FUN_007bafa0","007bafa0","0"
"","Global","FUN_00909e30","00909e30","","Global","FUN_007bb030","007bb030","0"
"","Global","FUN_00909ff0","00909ff0","","Global","FUN_007bb230","007bb230","0"
"","Global","FUN_0090a0e0","0090a0e0","","Global","FUN_007bb320","007bb320","0"
"","Global","FUN_0090a140","0090a140","","Global","FUN_007bb380","007bb380","0"
"","Global","FUN_0090a1d0","0090a1d0","","Global","FUN_007bb410","007bb410","0"
"","Global","FUN_0090a200","0090a200","","Global","FUN_007bb440","007bb440","0"
"","Global","FUN_0090a230","0090a230","","Global","FUN_007bb470","007bb470","0"
"","Global","FUN_0090a400","0090a400","","Global","FUN_007bb750","007bb750","0"
"","Global","FUN_0090a430","0090a430","","Global","FUN_007bb780","007bb780","0"
"","Global","FUN_0090a470","0090a470","","Global","FUN_007bb7c0","007bb7c0","0"
"","Global","yiSetIDPage","0090a4a0","","Global","FUN_007bb7f0","007bb7f0","0"
"","Global","FUN_0090a640","0090a640","","Global","FUN_007bb9c0","007bb9c0","0"
"","Global","yiSetPreBgPage","0090a6f0","","Global","FUN_007bba70","007bba70","0"
"","Global","FUN_0090a950","0090a950","","Global","FUN_007bbd90","007bbd90","0"
"","Global","FUN_0090a980","0090a980","","Global","FUN_007bbdc0","007bbdc0","0"
"","Global","FUN_0090a9e0","0090a9e0","","Global","FUN_007bbe20","007bbe20","0"
"","Global","FUN_0090b4b0","0090b4b0","","Global","FUN_007bbf80","007bbf80","0"
"","Global","FUN_0090b5f0","0090b5f0","","Global","FUN_007bc0d0","007bc0d0","0"
"","Global","FUN_0090b9d0","0090b9d0","","Global","FUN_007bc4b0","007bc4b0","0"
"","Global","FUN_0090bba0","0090bba0","","Global","FUN_007bc680","007bc680","0"
"","Global","FUN_0090bc70","0090bc70","","Global","FUN_007bd4a0","007bd4a0","0"
"","Global","FUN_0090bdb0","0090bdb0","","Global","FUN_007bd6c0","007bd6c0","0"
"","Global","FUN_0090bee0","0090bee0","","Global","FUN_007bdae0","007bdae0","0"
"","Global","FUN_0090c120","0090c120","","Global","FUN_007bdc10","007bdc10","0"
"","Global","FUN_0090c1f0","0090c1f0","","Global","FUN_007bdce0","007bdce0","0"
"","Global","FUN_0090c230","0090c230","","Global","FUN_007bdd20","007bdd20","0"
"","Global","FUN_0090c270","0090c270","","Global","FUN_007bdd60","007bdd60","0"
"","Global","FUN_0090ccb0","0090ccb0","","Global","FUN_007be7c0","007be7c0","0"
"","Global","FUN_0090cd10","0090cd10","","Global","FUN_007be820","007be820","0"
"","Global","yiRender_setupparamGS","0090d260","","Global","FUN_007bee30","007bee30","0"
"","Global","yiRender_setupparamVU1","0090da90","","Global","FUN_007bf660","007bf660","0"
"","Global","FUN_0090dd80","0090dd80","","Global","FUN_007bf9a0","007bf9a0","0"
"","Global","FUN_0090dfb0","0090dfb0","","Global","FUN_007bfbd0","007bfbd0","0"
"","Global","FUN_0090e000","0090e000","","Global","FUN_007b65f0","007b65f0","0"
"","Global","FUN_0090e0b0","0090e0b0","","Global","FUN_007b66a0","007b66a0","0"
"","Global","FUN_0090e2e0","0090e2e0","","Global","FUN_007b68d0","007b68d0","0"
"","Global","FUN_0090e6f0","0090e6f0","","Global","FUN_007b6ce0","007b6ce0","0"
"","Global","FUN_0090ed10","0090ed10","","Global","FUN_007b72d0","007b72d0","0"
"","Global","FUN_0090ed60","0090ed60","","Global","FUN_007b7320","007b7320","0"
"","Global","FUN_0090ef10","0090ef10","","Global","FUN_007b74d0","007b74d0","0"
"","Global","FUN_0090ef90","0090ef90","","Global","FUN_007b7550","007b7550","0"
"","Global","yiArc_readmem","0090f8e0","","Global","FUN_007b7f00","007b7f00","0"
"","Global","FUN_00910010","00910010","","Global","FUN_007b8840","007b8840","0"
"","Global","FUN_00910070","00910070","","Global","FUN_007c0fe0","007c0fe0","0"
"","Global","FUN_00910270","00910270","","Global","FUN_007c11e0","007c11e0","0"
"","Global","FUN_00910340","00910340","","Global","FUN_007c12b0","007c12b0","0"
"","Global","FUN_009103e0","009103e0","","Global","FUN_007c1350","007c1350","0"
"","Global","FUN_009104c0","009104c0","","Global","FUN_007c1430","007c1430","0"
"","Global","FUN_009104e0","009104e0","","Global","FUN_007c1450","007c1450","0"
"","Global","FUN_00910510","00910510","","Global","FUN_007c1480","007c1480","0"
"","Global","FUN_00910550","00910550","","Global","FUN_007c14c0","007c14c0","0"
"","Global","FUN_00910580","00910580","","Global","FUN_007c14f0","007c14f0","0"
"","Global","FUN_00910a90","00910a90","","Global","FUN_007c1a00","007c1a00","0"
"","Global","FUN_009112c0","009112c0","","Global","FUN_007c2230","007c2230","0"
"","Global","FUN_00911380","00911380","","Global","FUN_007c22f0","007c22f0","0"
"","Global","FUN_009113a0","009113a0","","Global","FUN_007c2310","007c2310","0"
"","Global","FUN_00911620","00911620","","Global","FUN_007c2590","007c2590","0"
"","Global","FUN_00911970","00911970","","Global","FUN_007c28e0","007c28e0","0"
"","Global","FUN_00912b70","00912b70","","Global","FUN_007c3790","007c3790","0"
"","Global","FUN_009130f0","009130f0","","Global","FUN_007c3d10","007c3d10","0"
"","Global","yiScreff_entry","009131d0","","Global","FUN_007c3df0","007c3df0","0"
"","Global","FUN_00913200","00913200","","Global","FUN_007c3e30","007c3e30","0"
"","Global","FUN_00913f50","00913f50","","Global","FUN_007c4b80","007c4b80","0"
"","Global","FUN_00913fd0","00913fd0","","Global","FUN_007c4c00","007c4c00","0"
"","Global","yiAnimInfo_init","00914310","","Global","FUN_007bff30","007bff30","0"
"","Global","FUN_009143a0","009143a0","","Global","FUN_007bffc0","007bffc0","0"
"","Global","FUN_009143c0","009143c0","","Global","FUN_007bffe0","007bffe0","0"
"","Global","yiKeyFrame_attachDObj","009144a0","","Global","FUN_007c00c0","007c00c0","0"
"","Global","FUN_00914630","00914630","","Global","FUN_007c0250","007c0250","0"
"","Global","FUN_00914700","00914700","","Global","FUN_007c0320","007c0320","0"
"","Global","FUN_009147b0","009147b0","","Global","FUN_007c03d0","007c03d0","0"
"","Global","FUN_009148a0","009148a0","","Global","FUN_007c04c0","007c04c0","0"
"","Global","FUN_009148d0","009148d0","","Global","FUN_007c04f0","007c04f0","0"
"","Global","FUN_00914920","00914920","","Global","FUN_007c0540","007c0540","0"
"","Global","FUN_009149a0","009149a0","","Global","FUN_007c05c0","007c05c0","0"
"","Global","FUN_00915120","00915120","","Global","FUN_007c0d70","007c0d70","0"
"","Global","yiRotMatrixSeq","009151c0","","Global","FUN_007c0e10","007c0e10","0"
"","Global","yiTexSwap_init","009152d0","","Global","FUN_007c0f20","007c0f20","0"
"","Global","FUN_00915360","00915360","","Global","FUN_007c4ca0","007c4ca0","0"
"","Global","FUN_009153a0","009153a0","","Global","FUN_007c4ce0","007c4ce0","0"
"","Global","FUN_009155a0","009155a0","","Global","FUN_007c4f00","007c4f00","0"
"","Global","FUN_00915b60","00915b60","","Global","FUN_007c54c0","007c54c0","0"
"","Global","FUN_00915e50","00915e50","","Global","FUN_007c57f0","007c57f0","0"
"","Global","FUN_00916090","00916090","","Global","FUN_007c5a30","007c5a30","0"
"","Global","FUN_009161d0","009161d0","","Global","FUN_007c5b80","007c5b80","0"
"","Global","FUN_009162f0","009162f0","","Global","FUN_007c5ca0","007c5ca0","0"
"","Global","FUN_00916c80","00916c80","","Global","FUN_007bcd10","007bcd10","0"
"","Global","FUN_00916d40","00916d40","","Global","FUN_007bcdd0","007bcdd0","0"
"","Global","FUN_00916da0","00916da0","","Global","FUN_007bce30","007bce30","0"
"","Global","FUN_00916e60","00916e60","","Global","FUN_007bcef0","007bcef0","0"
"","Global","yiClutAlloc_makepacket","00917050","","Global","FUN_007bd0e0","007bd0e0","0"
"","Global","FUN_009173e0","009173e0","","Global","FUN_007c6480","007c6480","0"
"","Global","FUN_00917430","00917430","","Global","FUN_007c64d0","007c64d0","0"
"","Global","FUN_00917460","00917460","","Global","FUN_007c6500","007c6500","0"
"","Global","FUN_00917d80","00917d80","","Global","FUN_007c6e10","007c6e10","0"
"","Global","FUN_00917e70","00917e70","","Global","FUN_007c6f00","007c6f00","0"
"","Global","FUN_00917f20","00917f20","","Global","FUN_007c6fc0","007c6fc0","0"
"","Global","FUN_00918090","00918090","","Global","FUN_007c7130","007c7130","0"
"","Global","FUN_00918130","00918130","","Global","FUN_007c71d0","007c71d0","0"
"","Global","FUN_00918180","00918180","","Global","FUN_007c7220","007c7220","0"
"","Global","FUN_009181c0","009181c0","","Global","FUN_007c7260","007c7260","0"
"","Global","FUN_00918370","00918370","","Global","FUN_007c7400","007c7400","0"
"","Global","FUN_00918ba0","00918ba0","","Global","FUN_007c7bf0","007c7bf0","0"
"","Global","FUN_00919630","00919630","","Global","FUN_007c8620","007c8620","0"
"","Global","FUN_00919a80","00919a80","","Global","FUN_007cd530","007cd530","0"
"","Global","FUN_00919ab0","00919ab0","","Global","FUN_007cd560","007cd560","0"
"","Global","FUN_00919ad0","00919ad0","","Global","FUN_007cd580","007cd580","0"
"","Global","Yn_GuideMapGetMapNo","00919c70","","Global","FUN_007cd750","007cd750","0"
"","Global","FUN_00919ca0","00919ca0","","Global","FUN_007cd780","007cd780","0"
"","Global","Yn_GuideMapSetMapNo","00919da0","","Global","FUN_007cd8a0","007cd8a0","0"
"","Global","FUN_00919df0","00919df0","","Global","FUN_007cd8f0","007cd8f0","0"
"","Global","FUN_00919e50","00919e50","","Global","FUN_007cd950","007cd950","0"
"","Global","Yn_PSimSetPos","00919f10","","Global","FUN_007cda20","007cda20","0"
"","Global","Yn_PreBgChangeStage","0091a0d0","","Global","FUN_007cdc30","007cdc30","0"
"","Global","FUN_0091a260","0091a260","","Global","FUN_007cdde0","007cdde0","0"
"","Global","FUN_0091aa00","0091aa00","","Global","FUN_007ce710","007ce710","0"
"","Global","FUN_0091ad10","0091ad10","","Global","FUN_007ceca0","007ceca0","0"
"","Global","FUN_0091ad40","0091ad40","","Global","FUN_007cecd0","007cecd0","0"
"","Global","FUN_0091ad80","0091ad80","","Global","FUN_007ced10","007ced10","0"
"","Global","FUN_0091af10","0091af10","","Global","FUN_007ceef0","007ceef0","0"
"","Global","FUN_0091b070","0091b070","","Global","FUN_00734c60","00734c60","0"
"","Global","FUN_0091b0a0","0091b0a0","","Global","FUN_00734c90","00734c90","0"
"","Global","FUN_0091b130","0091b130","","Global","FUN_00734d20","00734d20","0"
"","Global","FUN_0091b280","0091b280","","Global","FUN_00734e80","00734e80","0"
"","Global","FUN_0091b4e0","0091b4e0","","Global","FUN_007350e0","007350e0","0"
"","Global","FUN_0091b550","0091b550","","Global","FUN_00735150","00735150","0"
"","Global","FUN_0091b610","0091b610","","Global","FUN_00735210","00735210","0"
"","Global","FUN_0091c090","0091c090","","Global","FUN_007359b0","007359b0","0"
"","Global","FUN_0091c0d0","0091c0d0","","Global","FUN_007359f0","007359f0","0"
"","Global","FUN_0091c110","0091c110","","Global","FUN_00735a30","00735a30","0"
"","Global","FUN_0091c150","0091c150","","Global","FUN_00735a70","00735a70","0"
"","Global","FUN_0091c1e0","0091c1e0","","Global","FUN_00735b00","00735b00","0"
"","Global","FUN_0091c230","0091c230","","Global","FUN_00735b50","00735b50","0"
"","Global","FUN_0091c280","0091c280","","Global","FUN_00735ba0","00735ba0","0"
"","Global","FUN_0091c2d0","0091c2d0","","Global","FUN_00735bf0","00735bf0","0"
"","Global","FUN_0091c370","0091c370","","Global","FUN_00734500","00734500","0"
"","Global","FUN_0091c410","0091c410","","Global","FUN_007345a0","007345a0","0"
"","Global","FUN_0091c600","0091c600","","Global","FUN_007346f0","007346f0","0"
"","Global","FUN_0091c6b0","0091c6b0","","Global","FUN_00734760","00734760","0"
"","Global","FUN_0091c7e0","0091c7e0","","Global","FUN_007349f0","007349f0","0"
"","Global","FUN_0091cc00","0091cc00","","Global","FUN_007ca9c0","007ca9c0","0"
"","Global","rcbgGuideBattleBegin","0091ccc0","","Global","FUN_007caa80","007caa80","0"
"","Global","rcbgGuideBattleEnd","0091cce0","","Global","FUN_007caaa0","007caaa0","0"
"","Global","FUN_0091cd00","0091cd00","","Global","FUN_007caac0","007caac0","0"
"","Global","FUN_0091d460","0091d460","","Global","FUN_007cb280","007cb280","0"
"","Global","FUN_0091d530","0091d530","","Global","FUN_007cb3b0","007cb3b0","0"
"","Global","rcbgGuideSetModel","0091d590","","Global","FUN_007cb410","007cb410","0"
"","Global","FUN_0091da30","0091da30","","Global","FUN_007cb960","007cb960","0"
"","Global","FUN_0091f530","0091f530","","Global","FUN_007cd370","007cd370","0"
"","Global","FUN_0091f7a0","0091f7a0","","Global","FUN_007db7f0","007db7f0","0"
"","Global","FUN_0091f980","0091f980","","Global","FUN_007dbaf0","007dbaf0","0"
"","Global","FUN_0091f9b0","0091f9b0","","Global","FUN_007dbb20","007dbb20","0"
"","Global","FUN_0091fd00","0091fd00","","Global","FUN_007dbe70","007dbe70","0"
"","Global","FUN_0091fd60","0091fd60","","Global","FUN_007dbf00","007dbf00","0"
"","Global","FUN_0091fdc0","0091fdc0","","Global","FUN_007dbf60","007dbf60","0"
"","Global","FUN_0091fdd0","0091fdd0","","Global","FUN_007dbf70","007dbf70","0"
"","Global","FUN_0091fe00","0091fe00","","Global","FUN_007dbfa0","007dbfa0","0"
"","Global","FUN_0091ffb0","0091ffb0","","Global","FUN_007dc180","007dc180","0"
"","Global","FUN_00920020","00920020","","Global","FUN_007d97a0","007d97a0","0"
"","Global","FUN_00920050","00920050","","Global","FUN_007d97d0","007d97d0","0"
"","Global","FUN_00920100","00920100","","Global","FUN_007d98c0","007d98c0","0"
"","Global","FUN_009201a0","009201a0","","Global","FUN_007d9960","007d9960","0"
"","Global","FUN_009202b0","009202b0","","Global","FUN_007d9a60","007d9a60","0"
"","Global","rcbgSetProjectionMatrixSub","009202e0","","Global","FUN_007d9a90","007d9a90","0"
"","Global","FUN_00920460","00920460","","Global","FUN_007d9c10","007d9c10","0"
"","Global","rcbgSetViewMatrix","009204b0","","Global","FUN_007d9c60","007d9c60","0"
"","Global","rcbgSceneAddObject","00920540","","Global","FUN_007da590","007da590","0"
"","Global","FUN_00920650","00920650","","Global","FUN_007da6a0","007da6a0","0"
"","Global","FUN_00920670","00920670","","Global","FUN_007da6c0","007da6c0","0"
"","Global","FUN_009206f0","009206f0","","Global","FUN_007da740","007da740","0"
"","Global","rcbgSceneFini","00920870","","Global","FUN_007dab40","007dab40","0"
"","Global","FUN_00920950","00920950","","Global","FUN_007dac20","007dac20","0"
"","Global","FUN_009209a0","009209a0","","Global","FUN_007dac70","007dac70","0"
"","Global","rcbgSceneInit","009209e0","","Global","FUN_007dacb0","007dacb0","0"
"","Global","FUN_00920aa0","00920aa0","","Global","FUN_007dad60","007dad60","0"
"","Global","FUN_009210a0","009210a0","","Global","FUN_007db100","007db100","0"
"","Global","FUN_00921200","00921200","","Global","FUN_007db260","007db260","0"
"","Global","FUN_00921280","00921280","","Global","FUN_007d81c0","007d81c0","0"
"","Global","FUN_00921300","00921300","","Global","FUN_007d8240","007d8240","0"
"","Global","rcBBoxGetCenter","009213d0","","Global","FUN_007d83d0","007d83d0","0"
"","Global","rcBBoxGetShortConvertScale","00921410","","Global","FUN_007d8410","007d8410","0"
"","Global","rcBBoxInit","009214e0","","Global","FUN_007d84e0","007d84e0","0"
"","Global","rcbgPreDummyInit","00921640","","Global","FUN_007db2e0","007db2e0","0"
"","Global","rcbgPreFini","009216b0","","Global","FUN_007db350","007db350","0"
"","Global","rcbgPreInit","00921770","","Global","FUN_007db410","007db410","0"
"","Global","rcbgPreSetSceneNo","009217e0","","Global","FUN_007db480","007db480","0"
"","Global","FUN_009218c0","009218c0","","Global","FUN_007d9cf0","007d9cf0","0"
"","Global","rcbgChkId","00921940","","Global","FUN_007d9d70","007d9d70","0"
"","Global","FUN_009219a0","009219a0","","Global","FUN_007d9dd0","007d9dd0","0"
"","Global","FUN_009219e0","009219e0","","Global","FUN_007d9e10","007d9e10","0"
"","Global","FUN_00921a50","00921a50","","Global","FUN_007d9e80","007d9e80","0"
"","Global","FUN_00921be0","00921be0","","Global","FUN_007da000","007da000","0"
"","Global","FUN_00921c20","00921c20","","Global","FUN_007da040","007da040","0"
"","Global","FUN_00921c60","00921c60","","Global","FUN_007da080","007da080","0"
"","Global","rcbgInit","00921ce0","","Global","FUN_007da100","007da100","0"
"","Global","rcbgFpTrxTexNew","009220c0","","Global","FUN_007dc1a0","007dc1a0","0"
"","Global","FUN_00922140","00922140","","Global","FUN_007dc230","007dc230","0"
"","Global","FUN_00922160","00922160","","Global","FUN_007dc250","007dc250","0"
"","Global","FUN_009221e0","009221e0","","Global","FUN_007dc300","007dc300","0"
"","Global","FUN_00922210","00922210","","Global","FUN_007dc330","007dc330","0"
"","Global","FUN_00922290","00922290","","Global","FUN_007d6670","007d6670","0"
"","Global","FUN_00922300","00922300","","Global","FUN_007d66e0","007d66e0","0"
"","Global","FUN_00922350","00922350","","Global","FUN_007d6730","007d6730","0"
"","Global","FUN_00922560","00922560","","Global","FUN_007d69e0","007d69e0","0"
"","Global","FUN_00922930","00922930","","Global","FUN_007d6e80","007d6e80","0"
"","Global","FUN_00922b70","00922b70","","Global","FUN_007d70f0","007d70f0","0"
"","Global","FUN_00922be0","00922be0","","Global","FUN_007d7170","007d7170","0"
"","Global","FUN_00922c50","00922c50","","Global","FUN_007d71e0","007d71e0","0"
"","Global","FUN_00922e60","00922e60","","Global","FUN_007d7440","007d7440","0"
"","Global","FUN_00922ef0","00922ef0","","Global","FUN_007d7500","007d7500","0"
"","Global","FUN_00922f50","00922f50","","Global","FUN_007d7560","007d7560","0"
"","Global","FUN_00923240","00923240","","Global","FUN_007dc470","007dc470","0"
"","Global","FUN_00923280","00923280","","Global","FUN_007dc4b0","007dc4b0","0"
"","Global","FUN_00923b60","00923b60","","Global","FUN_007dcd70","007dcd70","0"
"","Global","FUN_00923bc0","00923bc0","","Global","FUN_007dcdd0","007dcdd0","0"
"","Global","FUN_00923ed0","00923ed0","","Global","FUN_007dd0e0","007dd0e0","0"
"","Global","FUN_00924090","00924090","","Global","FUN_007dd2a0","007dd2a0","0"
"","Global","FUN_009242f0","009242f0","","Global","FUN_007dd500","007dd500","0"
"","Global","FUN_00924390","00924390","","Global","FUN_007dd5a0","007dd5a0","0"
"","Global","FUN_009243c0","009243c0","","Global","FUN_007dd5d0","007dd5d0","0"
"","Global","FUN_009248c0","009248c0","","Global","FUN_007ddc20","007ddc20","0"
"","Global","FUN_00924ba0","00924ba0","","Global","FUN_007ddfc0","007ddfc0","0"
"","Global","FUN_00924bc0","00924bc0","","Global","FUN_007ddfe0","007ddfe0","0"
"","Global","FUN_00924bf0","00924bf0","","Global","FUN_007de010","007de010","0"
"","Global","FUN_00924df0","00924df0","","Global","FUN_007de290","007de290","0"
"","Global","FUN_00925140","00925140","","Global","FUN_007de790","007de790","0"
"","Global","FUN_009256d0","009256d0","","Global","FUN_007def50","007def50","0"
"","Global","FUN_00925710","00925710","","Global","FUN_007def90","007def90","0"
"","Global","FUN_00925730","00925730","","Global","FUN_007dc3b0","007dc3b0","0"
"","Global","rcMat4fSetScale","009257f0","","Global","FUN_007d80a0","007d80a0","0"
"","Global","_rcCalloc","009258b0","","Global","FUN_007d8320","007d8320","0"
"","Global","rcPrimBatu","009259c0","","Global","FUN_007c8a00","007c8a00","0"
"","Global","rcPrimBox","00925b60","","Global","FUN_007c8ba0","007c8ba0","0"
"","Global","FUN_00925db0","00925db0","","Global","FUN_007c8eb0","007c8eb0","0"
"","Global","rcPrimCircleLine","00925ea0","","Global","FUN_007c8fa0","007c8fa0","0"
"","Global","rcPrimLine","00926c00","","Global","FUN_007c9df0","007c9df0","0"
"","Global","FUN_00926c80","00926c80","","Global","FUN_007c9e70","007c9e70","0"
"","Global","rcPrimTri","009270c0","","Global","FUN_007ca2d0","007ca2d0","0"
"","Global","FUN_00927520","00927520","","Global","FUN_007d9660","007d9660","0"
"","Global","FUN_00927570","00927570","","Global","FUN_007d7830","007d7830","0"
"","Global","rcPacketDataDraw","00927600","","Global","FUN_007d7910","007d7910","0"
"","Global","rcPacketDataInit","00927a20","","Global","FUN_007d7f40","007d7f40","0"
"","Global","FUN_00927a40","00927a40","","Global","FUN_007d7f60","007d7f60","0"
"","Global","FUN_00927a50","00927a50","","Global","FUN_007d7f70","007d7f70","0"
"","Global","rcPacketDataOpenAdr","00927a70","","Global","FUN_007d7f90","007d7f90","0"
"","Global","rcbgModelCreate","00927be0","","Global","FUN_007d8800","007d8800","0"
"","Global","rcbgModelCreateOnePrimH","00927fa0","","Global","FUN_007d8c30","007d8c30","0"
"","Global","FUN_00928180","00928180","","Global","FUN_007d8e90","007d8e90","0"
"","Global","FUN_00928270","00928270","","Global","FUN_007d8ff0","007d8ff0","0"
"","Global","FUN_009282c0","009282c0","","Global","FUN_007d9060","007d9060","0"
"","Global","FUN_00928300","00928300","","Global","FUN_007d90a0","007d90a0","0"
"","Global","FUN_00928320","00928320","","Global","FUN_007d90c0","007d90c0","0"
"","Global","rcbgModelSetAlpha","00928460","","Global","FUN_007d9260","007d9260","0"
"","Global","FUN_009284d0","009284d0","","Global","FUN_007d92d0","007d92d0","0"
"","Global","rcbgModelSetScale","00928540","","Global","FUN_007d9340","007d9340","0"
"","Global","FUN_00928660","00928660","","Global","FUN_007e6b70","007e6b70","0"
"","Global","FUN_00928800","00928800","","Global","FUN_007e6e20","007e6e20","0"
"","Global","FUN_00928870","00928870","","Global","FUN_007e6e90","007e6e90","0"
"","Global","FUN_009289b0","009289b0","","Global","FUN_007e7040","007e7040","0"
"","Global","FUN_009289f0","009289f0","","Global","FUN_007e7080","007e7080","0"
"","Global","FUN_00929090","00929090","","Global","FUN_007e7eb0","007e7eb0","0"
"","Global","FUN_00929230","00929230","","Global","FUN_007e8110","007e8110","0"
"","Global","FUN_00929360","00929360","","Global","FUN_007e82f0","007e82f0","0"
"","Global","FUN_009293d0","009293d0","","Global","FUN_007e8360","007e8360","0"
"","Global","FUN_00929570","00929570","","Global","FUN_007e8660","007e8660","0"
"","Global","FUN_00929910","00929910","","Global","FUN_007e4cc0","007e4cc0","0"
"","Global","FUN_00929930","00929930","","Global","FUN_007e4ce0","007e4ce0","0"
"","Global","FUN_00929950","00929950","","Global","FUN_007e4d00","007e4d00","0"
"","Global","rcbgPalInit","009299b0","","Global","FUN_007e4d60","007e4d60","0"
"","Global","FUN_00929b60","00929b60","","Global","FUN_007e4f30","007e4f30","0"
"","Global","FUN_00929f50","00929f50","","Global","FUN_007e5770","007e5770","0"
"","Global","FUN_0092acf0","0092acf0","","Global","FUN_007e6820","007e6820","0"
"","Global","rcbgLayerInit","0092ad20","","Global","FUN_007e6850","007e6850","0"
"","Global","FUN_0092ad80","0092ad80","","Global","FUN_007e68b0","007e68b0","0"
"","Global","FUN_0092ade0","0092ade0","","Global","FUN_007e6910","007e6910","0"
"","Global","FUN_0092af00","0092af00","","Global","FUN_007e4910","007e4910","0"
"","Global","rcbgSetClipMatrix","0092b0d0","","Global","FUN_007e4bf0","007e4bf0","0"
"","Global","rcbgUpdateMatrix","0092b160","","Global","FUN_007e4c80","007e4c80","0"
"","Global","FUN_0092b270","0092b270","","Global","FUN_007dfe30","007dfe30","0"
"","Global","FUN_0092b2c0","0092b2c0","","Global","FUN_007dfe80","007dfe80","0"
"","Global","rcbgModelLoad","0092b2f0","","Global","FUN_007dfeb0","007dfeb0","0"
"","Global","rcbgPreLoad","0092b390","","Global","FUN_007dff50","007dff50","0"
"","Global","rcbgSceneChkSortLayer","0092b460","","Global","FUN_007e0190","007e0190","0"
"","Global","FUN_0092b710","0092b710","","Global","FUN_007e0470","007e0470","0"
"","Global","rcbgTrxTexLoad","0092b780","","Global","FUN_007e04e0","007e04e0","0"
"","Global","FUN_0092b820","0092b820","","Global","FUN_007df010","007df010","0"
"","Global","FUN_0092b860","0092b860","","Global","FUN_007df050","007df050","0"
"","Global","rcdtChunkSetBin","0092b940","","Global","FUN_007df140","007df140","0"
"","Global","rcdtParseAdvance","0092b960","","Global","FUN_007df340","007df340","0"
"","Global","FUN_0092bdd0","0092bdd0","","Global","FUN_007df870","007df870","0"
"","Global","FUN_0092bf80","0092bf80","","Global","FUN_007dfad0","007dfad0","0"
"","Global","FUN_0092c000","0092c000","","Global","FUN_007dfb50","007dfb50","0"
"","Global","FUN_0092c060","0092c060","","Global","FUN_007dfbb0","007dfbb0","0"
"","Global","FUN_0092c080","0092c080","","Global","FUN_007dfbd0","007dfbd0","0"
"","Global","rcdtParseSet","0092c0a0","","Global","FUN_007dfbf0","007dfbf0","0"
"","Global","FUN_0092c0f0","0092c0f0","","Global","FUN_007dfc40","007dfc40","0"
"","Global","FUN_0092c130","0092c130","","Global","FUN_007e0530","007e0530","0"
"","Global","FUN_0092c960","0092c960","","Global","FUN_007e0dc0","007e0dc0","0"
"","Global","FUN_0092ccf0","0092ccf0","","Global","FUN_007e11d0","007e11d0","0"
"","Global","FUN_0092cdd0","0092cdd0","","Global","FUN_007e12b0","007e12b0","0"
"","Global","FUN_0092cfa0","0092cfa0","","Global","FUN_007e1480","007e1480","0"
"","Global","FUN_0092d360","0092d360","","Global","FUN_007e8e30","007e8e30","0"
"","Global","FUN_0092d3e0","0092d3e0","","Global","FUN_007e8eb0","007e8eb0","0"
"","Global","rcbgTrxDraw","0092d470","","Global","FUN_007e8f50","007e8f50","0"
"","Global","rcbgTrxFini","0092d490","","Global","FUN_007e8f70","007e8f70","0"
"","Global","FUN_0092d4d0","0092d4d0","","Global","FUN_007e8fb0","007e8fb0","0"
"","Global","FUN_0092d4f0","0092d4f0","","Global","FUN_007e8fd0","007e8fd0","0"
"","Global","rcbgTrxInit","0092d510","","Global","FUN_007e9000","007e9000","0"
"","Global","FUN_0092d7e0","0092d7e0","","Global","FUN_007e1970","007e1970","0"
"","Global","FUN_0092d810","0092d810","","Global","FUN_007e19a0","007e19a0","0"
"","Global","FUN_0092d880","0092d880","","Global","FUN_007e1a10","007e1a10","0"
"","Global","FUN_0092dcd0","0092dcd0","","Global","FUN_007e2010","007e2010","0"
"","Global","FUN_0092de30","0092de30","","Global","FUN_007e2180","007e2180","0"
"","Global","FUN_0092ded0","0092ded0","","Global","FUN_007e2240","007e2240","0"
"","Global","FUN_0092dfb0","0092dfb0","","Global","FUN_007e2340","007e2340","0"
"","Global","FUN_0092e1c0","0092e1c0","","Global","FUN_007e2630","007e2630","0"
"","Global","FUN_0092e1e0","0092e1e0","","Global","FUN_007e2650","007e2650","0"
"","Global","FUN_0092e400","0092e400","","Global","FUN_007e29f0","007e29f0","0"
"","Global","FUN_0092e430","0092e430","","Global","FUN_007e2a20","007e2a20","0"
"","Global","FUN_0092e4f0","0092e4f0","","Global","FUN_007e2ae0","007e2ae0","0"
"","Global","FUN_0092e580","0092e580","","Global","FUN_007e2b70","007e2b70","0"
"","Global","FUN_0092e680","0092e680","","Global","FUN_007e2c70","007e2c70","0"
"","Global","FUN_0092e6b0","0092e6b0","","Global","FUN_007e2ca0","007e2ca0","0"
"","Global","FUN_0092e750","0092e750","","Global","FUN_007e2d60","007e2d60","0"
"","Global","FUN_0092e960","0092e960","","Global","FUN_007e3010","007e3010","0"
"","Global","FUN_0092e9a0","0092e9a0","","Global","FUN_007e3050","007e3050","0"
"","Global","FUN_0092e9c0","0092e9c0","","Global","FUN_007e3070","007e3070","0"
"","Global","FUN_0092ea40","0092ea40","","Global","FUN_007e30f0","007e30f0","0"
"","Global","FUN_0092eb20","0092eb20","","Global","FUN_007e31d0","007e31d0","0"
"","Global","FUN_0092eba0","0092eba0","","Global","FUN_007e3250","007e3250","0"
"","Global","FUN_0092ebf0","0092ebf0","","Global","FUN_007e32a0","007e32a0","0"
"","Global","FUN_0092ec20","0092ec20","","Global","FUN_007e32d0","007e32d0","0"
"","Global","FUN_0092ec60","0092ec60","","Global","FUN_007e3310","007e3310","0"
"","Global","FUN_0092ec90","0092ec90","","Global","FUN_007e9180","007e9180","0"
"","Global","FUN_0092ecb0","0092ecb0","","Global","FUN_007e91a0","007e91a0","0"
"","Global","FUN_0092ed10","0092ed10","","Global","FUN_007e9210","007e9210","0"
"","Global","FUN_0092ed90","0092ed90","","Global","FUN_007e92a0","007e92a0","0"
"","Global","FUN_0092ede0","0092ede0","","Global","FUN_007e92f0","007e92f0","0"
"","Global","FUN_0092ee20","0092ee20","","Global","FUN_007e9330","007e9330","0"
"","Global","FUN_0092efd0","0092efd0","","Global","FUN_007e9480","007e9480","0"
"","Global","FUN_0092f4a0","0092f4a0","","Global","FUN_007e98d0","007e98d0","0"
"","Global","FUN_0092f6b0","0092f6b0","","Global","FUN_007e9b10","007e9b10","0"
"","Global","FUN_0092f750","0092f750","","Global","FUN_007e9b80","007e9b80","0"
"","Global","FUN_0092f770","0092f770","","Global","FUN_007e9ba0","007e9ba0","0"
"","Global","FUN_0092f8e0","0092f8e0","","Global","FUN_007e9e60","007e9e60","0"
"","Global","FUN_0092f920","0092f920","","Global","FUN_007e9ea0","007e9ea0","0"
"","Global","FUN_0092f970","0092f970","","Global","FUN_007e9ef0","007e9ef0","0"
"","Global","FUN_0092fe30","0092fe30","","Global","FUN_007ea470","007ea470","0"
"","Global","FUN_0092fee0","0092fee0","","Global","FUN_007ea540","007ea540","0"
"","Global","FUN_0092ff20","0092ff20","","Global","FUN_007ea580","007ea580","0"
"","Global","FUN_009300a0","009300a0","","Global","FUN_007ea750","007ea750","0"
"","Global","FUN_009301e0","009301e0","","Global","FUN_007ea890","007ea890","0"
"","Global","FUN_00930220","00930220","","Global","FUN_007ea8d0","007ea8d0","0"
"","Global","FUN_00930260","00930260","","Global","FUN_007ea910","007ea910","0"
"","Global","FUN_00930290","00930290","","Global","FUN_007ea940","007ea940","0"
"","Global","FUN_009302e0","009302e0","","Global","FUN_007ea990","007ea990","0"
"","Global","FUN_00930300","00930300","","Global","FUN_007ea9b0","007ea9b0","0"
"","Global","FUN_00930390","00930390","","Global","FUN_007eaa40","007eaa40","0"
"","Global","FUN_009303e0","009303e0","","Global","FUN_007eaa90","007eaa90","0"
"","Global","FUN_00930430","00930430","","Global","FUN_007eaae0","007eaae0","0"
"","Global","FUN_00930460","00930460","","Global","FUN_007eab10","007eab10","0"
"","Global","FUN_009304b0","009304b0","","Global","FUN_007eab60","007eab60","0"
"","Global","FUN_00930500","00930500","","Global","FUN_007eabc0","007eabc0","0"
"","Global","FUN_00930520","00930520","","Global","FUN_007eabe0","007eabe0","0"
"","Global","FUN_00930860","00930860","","Global","FUN_007df190","007df190","0"
"","Global","FUN_00930880","00930880","","Global","FUN_007df1b0","007df1b0","0"
"","Global","rcbgAnimeInit","009308a0","","Global","FUN_007df1d0","007df1d0","0"
"","Global","rcbgAnimeSetDataCnt","009308d0","","Global","FUN_007df200","007df200","0"
"","Global","FUN_00930920","00930920","","Global","FUN_007df250","007df250","0"
"","Global","FUN_00930a10","00930a10","","Global","FUN_007cfcd0","007cfcd0","0"
"","Global","FUN_00930ba0","00930ba0","","Global","FUN_007cfe60","007cfe60","0"
"","Global","FUN_00930c00","00930c00","","Global","FUN_007cfec0","007cfec0","0"
"","Global","FUN_00930c60","00930c60","","Global","FUN_007cff20","007cff20","0"
"","Global","Gui_YanagiInit","00930d80","","Global","FUN_007d0040","007d0040","0"
"","Global","FUN_00930db0","00930db0","","Global","FUN_007d0070","007d0070","0"
"","Global","FUN_00930e70","00930e70","","Global","FUN_007d0130","007d0130","0"
"","Global","FUN_00931050","00931050","","Global","FUN_007d0310","007d0310","0"
"","Global","FUN_009313f0","009313f0","","Global","FUN_007d06b0","007d06b0","0"
"","Global","FUN_00931910","00931910","","Global","FUN_007d0be0","007d0be0","0"
"","Global","FUN_00931e90","00931e90","","Global","FUN_007d1160","007d1160","0"
"","Global","FUN_00932320","00932320","","Global","FUN_007d15f0","007d15f0","0"
"","Global","FUN_00932570","00932570","","Global","FUN_007d17e0","007d17e0","0"
"","Global","FUN_009325c0","009325c0","","Global","FUN_007d1830","007d1830","0"
"","Global","FUN_00932a60","00932a60","","Global","FUN_007d1cd0","007d1cd0","0"
"","Global","FUN_00932f20","00932f20","","Global","FUN_007d2180","007d2180","0"
"","Global","FUN_00933aa0","00933aa0","","Global","FUN_007d2d00","007d2d00","0"
"","Global","Yn_FpMemWinOpen","00933c80","","Global","FUN_007d2ee0","007d2ee0","0"
"","Global","FUN_00934110","00934110","","Global","FUN_007d3360","007d3360","0"
"","Global","FUN_00934250","00934250","","Global","FUN_007d34a0","007d34a0","0"
"","Global","FUN_00934390","00934390","","Global","FUN_007d35e0","007d35e0","0"
"","Global","FUN_00934470","00934470","","Global","FUN_007d36c0","007d36c0","0"
"","Global","FUN_00934af0","00934af0","","Global","FUN_007d3d40","007d3d40","0"
"","Global","FUN_00934b50","00934b50","","Global","FUN_007d3da0","007d3da0","0"
"","Global","FUN_00934fb0","00934fb0","","Global","FUN_007d41f0","007d41f0","0"
"","Global","FUN_00935690","00935690","","Global","FUN_007d48f0","007d48f0","0"
"","Global","FUN_00935710","00935710","","Global","FUN_007d4970","007d4970","0"
"","Global","FUN_00935820","00935820","","Global","FUN_007d4a80","007d4a80","0"
"","Global","FUN_00935970","00935970","","Global","FUN_007d4bd0","007d4bd0","0"
"","Global","FUN_009363f0","009363f0","","Global","FUN_007d5660","007d5660","0"
"","Global","FUN_009364a0","009364a0","","Global","FUN_007d5710","007d5710","0"
"","Global","FUN_009364d0","009364d0","","Global","FUN_007d5740","007d5740","0"
"","Global","FUN_00936570","00936570","","Global","FUN_007d57e0","007d57e0","0"
"","Global","FUN_009365c0","009365c0","","Global","FUN_007d5830","007d5830","0"
"","Global","FUN_00936840","00936840","","Global","FUN_007d5ab0","007d5ab0","0"
"","Global","FUN_00936a00","00936a00","","Global","FUN_007d5c70","007d5c70","0"
"","Global","FUN_00937190","00937190","","Global","FUN_007d6400","007d6400","0"
"","Global","FUN_00937400","00937400","","Global","FUN_007eef50","007eef50","0"
"","Global","FUN_00937440","00937440","","Global","FUN_007eef90","007eef90","0"
"","Global","FUN_009374f0","009374f0","","Global","FUN_007ef040","007ef040","0"
"","Global","FUN_00937780","00937780","","Global","FUN_007e4120","007e4120","0"
"","Global","FUN_009377e0","009377e0","","Global","FUN_007e4180","007e4180","0"
"","Global","FUN_00937960","00937960","","Global","FUN_007e4300","007e4300","0"
"","Global","FUN_00937b20","00937b20","","Global","FUN_007e44d0","007e44d0","0"
"","Global","rcuiWindowCreate","00937ef0","","Global","FUN_007e4880","007e4880","0"
"","Global","FUN_00937f70","00937f70","","Global","FUN_007eae70","007eae70","0"
"","Global","FUN_00938010","00938010","","Global","FUN_007eaf10","007eaf10","0"
"","Global","FUN_00938080","00938080","","Global","FUN_007eaf80","007eaf80","0"
"","Global","FUN_009381d0","009381d0","","Global","FUN_007eb0d0","007eb0d0","0"
"","Global","FUN_00938230","00938230","","Global","FUN_007eb130","007eb130","0"
"","Global","FUN_009382a0","009382a0","","Global","FUN_007eb1a0","007eb1a0","0"
"","Global","FUN_00938350","00938350","","Global","FUN_007eb250","007eb250","0"
"","Global","FUN_00938570","00938570","","Global","FUN_007eb470","007eb470","0"
"","Global","FUN_00938590","00938590","","Global","FUN_007eb490","007eb490","0"
"","Global","FUN_00938a10","00938a10","","Global","FUN_007eb910","007eb910","0"
"","Global","FUN_00938cc0","00938cc0","","Global","FUN_007ebbc0","007ebbc0","0"
"","Global","FUN_00938d20","00938d20","","Global","FUN_007ebc20","007ebc20","0"
"","Global","FUN_00938f10","00938f10","","Global","FUN_007ebe00","007ebe00","0"
"","Global","FUN_00938f40","00938f40","","Global","FUN_007ebe30","007ebe30","0"
"","Global","FUN_00938fd0","00938fd0","","Global","FUN_007ebec0","007ebec0","0"
"","Global","FUN_00939040","00939040","","Global","FUN_007ebf30","007ebf30","0"
"","Global","FUN_009391d0","009391d0","","Global","FUN_007ec0c0","007ec0c0","0"
"","Global","FUN_00939480","00939480","","Global","FUN_007ec370","007ec370","0"
"","Global","FUN_009396a0","009396a0","","Global","FUN_007ec590","007ec590","0"
"","Global","FUN_00939720","00939720","","Global","FUN_007ec610","007ec610","0"
"","Global","FUN_009397f0","009397f0","","Global","FUN_007ec6e0","007ec6e0","0"
"","Global","FUN_00939930","00939930","","Global","FUN_007ec820","007ec820","0"
"","Global","FUN_00939950","00939950","","Global","FUN_007ec840","007ec840","0"
"","Global","FUN_009399c0","009399c0","","Global","FUN_007ec8b0","007ec8b0","0"
"","Global","FUN_009399f0","009399f0","","Global","FUN_007ec8e0","007ec8e0","0"
"","Global","FUN_00939b10","00939b10","","Global","FUN_007eca10","007eca10","0"
"","Global","FUN_0093a280","0093a280","","Global","FUN_007ed190","007ed190","0"
"","Global","FUN_0093a630","0093a630","","Global","FUN_007ed540","007ed540","0"
"","Global","FUN_0093a650","0093a650","","Global","FUN_007ed560","007ed560","0"
"","Global","FUN_0093a7e0","0093a7e0","","Global","FUN_007ed6f0","007ed6f0","0"
"","Global","FUN_0093a800","0093a800","","Global","FUN_007ed710","007ed710","0"
"","Global","FUN_0093a890","0093a890","","Global","FUN_007ed7a0","007ed7a0","0"
"","Global","FUN_0093aa60","0093aa60","","Global","FUN_007ed980","007ed980","0"
"","Global","FUN_0093ab80","0093ab80","","Global","FUN_007edaa0","007edaa0","0"
"","Global","FUN_0093acb0","0093acb0","","Global","FUN_007edbd0","007edbd0","0"
"","Global","FUN_0093ad60","0093ad60","","Global","FUN_007edc80","007edc80","0"
"","Global","FUN_0093adf0","0093adf0","","Global","FUN_007edd10","007edd10","0"
"","Global","FUN_0093ae60","0093ae60","","Global","FUN_007edd80","007edd80","0"
"","Global","FUN_0093aec0","0093aec0","","Global","FUN_007edde0","007edde0","0"
"","Global","FUN_0093aee0","0093aee0","","Global","FUN_007ede00","007ede00","0"
"","Global","FUN_0093af60","0093af60","","Global","FUN_007ede80","007ede80","0"
"","Global","FUN_0093b110","0093b110","","Global","FUN_007ee030","007ee030","0"
"","Global","FUN_0093b200","0093b200","","Global","FUN_007ee120","007ee120","0"
"","Global","FUN_0093b3e0","0093b3e0","","Global","FUN_007ee300","007ee300","0"
"","Global","FUN_0093b590","0093b590","","Global","FUN_007ee4b0","007ee4b0","0"
"","Global","FUN_0093b6b0","0093b6b0","","Global","FUN_007ee5d0","007ee5d0","0"
"","Global","FUN_0093bbc0","0093bbc0","","Global","FUN_007eeae0","007eeae0","0"
"","Global","FUN_0093c060","0093c060","","Global","FUN_007e3350","007e3350","0"
"","Global","FUN_0093c120","0093c120","","Global","FUN_007e3410","007e3410","0"
"","Global","FUN_0093c150","0093c150","","Global","FUN_007e3440","007e3440","0"
"","Global","FUN_0093c1d0","0093c1d0","","Global","FUN_007e34c0","007e34c0","0"
"","Global","FUN_0093c210","0093c210","","Global","FUN_007e3500","007e3500","0"
"","Global","FUN_0093c270","0093c270","","Global","FUN_007e3560","007e3560","0"
"","Global","FUN_0093c2c0","0093c2c0","","Global","FUN_007e35b0","007e35b0","0"
"","Global","FUN_0093c2e0","0093c2e0","","Global","FUN_007e35d0","007e35d0","0"
"","Global","FUN_0093c3f0","0093c3f0","","Global","FUN_007e36e0","007e36e0","0"
"","Global","FUN_0093c730","0093c730","","Global","FUN_007e3a20","007e3a20","0"
"","Global","FUN_0093c860","0093c860","","Global","FUN_007e3b50","007e3b50","0"
"","Global","FUN_0093ce10","0093ce10","","Global","FUN_007f38b0","007f38b0","0"
"","Global","FUN_0093ce80","0093ce80","","Global","FUN_007f3920","007f3920","0"
"","Global","FUN_0093cfa0","0093cfa0","","Global","FUN_007f3a40","007f3a40","0"
"","Global","FUN_0093cff0","0093cff0","","Global","FUN_007f3a90","007f3a90","0"
"","Global","FUN_0093d030","0093d030","","Global","FUN_007f3ad0","007f3ad0","0"
"","Global","FUN_0093d3d0","0093d3d0","","Global","FUN_007f3fb0","007f3fb0","0"
"","Global","FUN_0093d710","0093d710","","Global","FUN_007f44e0","007f44e0","0"
"","Global","FFXSamp0UnitMatrix","0093d900","","Global","FUN_007f4730","007f4730","0"
"","Global","FUN_0093e570","0093e570","","Global","FUN_007ef150","007ef150","0"
"","Global","FUN_0093ee10","0093ee10","","Global","FUN_007efa00","007efa00","0"
"","Global","FUN_0093f900","0093f900","","Global","FUN_007f04f0","007f04f0","0"
"","Global","FUN_0093fd60","0093fd60","","Global","FUN_007f0950","007f0950","0"
"","Global","FUN_0093feb0","0093feb0","","Global","FUN_007f0aa0","007f0aa0","0"
"","Global","FUN_009402c0","009402c0","","Global","FUN_007f0ed0","007f0ed0","0"
"","Global","FUN_00940580","00940580","","Global","FUN_007f11d0","007f11d0","0"
"","Global","FUN_00940f30","00940f30","","Global","FUN_007f1bb0","007f1bb0","0"
"","Global","FUN_00941460","00941460","","Global","FUN_007f20f0","007f20f0","0"
"","Global","FUN_009415e0","009415e0","","Global","FUN_007f2270","007f2270","0"
"","Global","FUN_00941860","00941860","","Global","FUN_007f24d0","007f24d0","0"
"","Global","FUN_00941980","00941980","","Global","FUN_007f25f0","007f25f0","0"
"","Global","FUN_00941a30","00941a30","","Global","FUN_007f26a0","007f26a0","0"
"","Global","FUN_00941ae0","00941ae0","","Global","FUN_007f2750","007f2750","0"
"","Global","FUN_00941b60","00941b60","","Global","FUN_007f27d0","007f27d0","0"
"","Global","FUN_00941c00","00941c00","","Global","FUN_007f2870","007f2870","0"
"","Global","FUN_00941df0","00941df0","","Global","FUN_007f2a60","007f2a60","0"
"","Global","FUN_00941e60","00941e60","","Global","FUN_007f2ad0","007f2ad0","0"
"","Global","FUN_00942030","00942030","","Global","FUN_007f2ca0","007f2ca0","0"
"","Global","FUN_00942060","00942060","","Global","FUN_007f2cd0","007f2cd0","0"
"","Global","sasa_menu","00942110","","Global","FUN_007f2d80","007f2d80","0"
"","Global","FUN_00942140","00942140","","Global","FUN_007f2db0","007f2db0","0"
"","Global","FUN_00942260","00942260","","Global","FUN_007f2ed0","007f2ed0","0"
"","Global","FUN_00942320","00942320","","Global","FUN_007f2f90","007f2f90","0"
"","Global","FUN_00942520","00942520","","Global","FUN_007f31d0","007f31d0","0"
"","Global","FUN_009426e0","009426e0","","Global","FUN_008770e0","008770e0","0"
"","Global","FUN_009427f0","009427f0","","Global","FUN_008771f0","008771f0","0"
"","Global","FUN_00942830","00942830","","Global","FUN_00877230","00877230","0"
"","Global","FUN_009428a0","009428a0","","Global","FUN_008772a0","008772a0","0"
"","Global","FUN_009428b0","009428b0","","Global","FUN_008772b0","008772b0","0"
"","Global","FUN_00942950","00942950","","Global","FUN_00877350","00877350","0"
"","Global","FUN_00942a40","00942a40","","Global","FUN_00877440","00877440","0"
"","Global","FUN_00942a80","00942a80","","Global","FUN_00877480","00877480","0"
"","Global","FUN_00942b60","00942b60","","Global","FUN_00877560","00877560","0"
"","Global","FUN_00942d00","00942d00","","Global","FUN_00877700","00877700","0"
"","Global","FUN_00942d80","00942d80","","Global","FUN_00877780","00877780","0"
"","Global","FUN_00942dc0","00942dc0","","Global","FUN_008777c0","008777c0","0"
"","Global","FUN_00942f00","00942f00","","Global","FUN_00877900","00877900","0"
"","Global","FUN_00943020","00943020","","Global","FUN_00877a20","00877a20","0"
"","Global","FUN_00943050","00943050","","Global","FUN_00877a50","00877a50","0"
"","Global","FUN_009430f0","009430f0","","Global","FUN_00877af0","00877af0","0"
"","Global","FUN_00943130","00943130","","Global","FUN_00877b30","00877b30","0"
"","Global","FUN_009432e0","009432e0","","Global","FUN_00877ce0","00877ce0","0"
"","Global","FUN_00943380","00943380","","Global","FUN_00877d80","00877d80","0"
"","Global","FUN_00943450","00943450","","Global","FUN_00877e50","00877e50","0"
"","Global","FUN_00943480","00943480","","Global","FUN_00877e80","00877e80","0"
"","Global","FUN_009434c0","009434c0","","Global","FUN_00877ec0","00877ec0","0"
"","Global","FUN_00943580","00943580","","Global","FUN_00877f80","00877f80","0"
"","Global","FUN_009435a0","009435a0","","Global","FUN_00877fa0","00877fa0","0"
"","Global","FUN_00943680","00943680","","Global","FUN_00878080","00878080","0"
"","Global","FUN_009436f0","009436f0","","Global","FUN_008780f0","008780f0","0"
"","Global","FUN_009437c0","009437c0","","Global","FUN_008781c0","008781c0","0"
"","Global","FUN_00943810","00943810","","Global","FUN_00878210","00878210","0"
"","Global","FUN_00943830","00943830","","Global","FUN_00878230","00878230","0"
"","Global","FUN_009438b0","009438b0","","Global","FUN_008782b0","008782b0","0"
"","Global","FUN_009438e0","009438e0","","Global","FUN_008782e0","008782e0","0"
"","Global","FUN_00943940","00943940","","Global","FUN_00878340","00878340","0"
"","Global","FUN_009439a0","009439a0","","Global","FUN_008783a0","008783a0","0"
"","Global","FUN_009439d0","009439d0","","Global","FUN_008783d0","008783d0","0"
"","Global","FUN_009439f0","009439f0","","Global","FUN_008783f0","008783f0","0"
"","Global","FUN_00943a50","00943a50","","Global","FUN_00878450","00878450","0"
"","Global","FUN_00943b10","00943b10","","Global","FUN_00878510","00878510","0"
"","Global","FUN_00943c50","00943c50","","Global","FUN_00878650","00878650","0"
"","Global","FUN_00943cf0","00943cf0","","Global","FUN_008786f0","008786f0","0"
"","Global","FUN_00943d30","00943d30","","Global","FUN_00878730","00878730","0"
"","Global","FUN_00943e10","00943e10","","Global","FUN_00878810","00878810","0"
"","Global","FUN_00943e30","00943e30","","Global","FUN_00878830","00878830","0"
"","Global","FUN_00943f20","00943f20","","Global","FUN_00878920","00878920","0"
"","Global","FUN_00943f40","00943f40","","Global","FUN_00878940","00878940","0"
"","Global","FUN_00943fe0","00943fe0","","Global","FUN_008789d0","008789d0","0"
"","Global","FUN_00944080","00944080","","Global","FUN_00878a70","00878a70","0"
"","Global","FUN_00944160","00944160","","Global","FUN_00878b50","00878b50","0"
"","Global","FUN_00944190","00944190","","Global","FUN_00878b80","00878b80","0"
"","Global","FUN_009442a0","009442a0","","Global","FUN_00878c90","00878c90","0"
"","Global","FUN_00944440","00944440","","Global","FUN_00878e30","00878e30","0"
"","Global","FUN_00944540","00944540","","Global","FUN_00878f30","00878f30","0"
"","Global","FUN_00944580","00944580","","Global","FUN_00878f70","00878f70","0"
"","Global","FUN_00944660","00944660","","Global","FUN_00879050","00879050","0"
"","Global","FUN_009447a0","009447a0","","Global","FUN_00879190","00879190","0"
"","Global","FUN_00944800","00944800","","Global","FUN_008791f0","008791f0","0"
"","Global","FUN_009448e0","009448e0","","Global","FUN_008792d0","008792d0","0"
"","Global","FUN_00944930","00944930","","Global","FUN_00879320","00879320","0"
"","Global","FUN_009449b0","009449b0","","Global","FUN_008793a0","008793a0","0"
"","Global","FUN_009449e0","009449e0","","Global","FUN_008793d0","008793d0","0"
"","Global","FUN_00944a20","00944a20","","Global","FUN_00879410","00879410","0"
"","Global","FUN_00944a60","00944a60","","Global","FUN_00879450","00879450","0"
"","Global","FUN_00944a90","00944a90","","Global","FUN_00879480","00879480","0"
"","Global","FUN_00944af0","00944af0","","Global","FUN_008794e0","008794e0","0"
"","Global","FUN_00944b40","00944b40","","Global","FUN_00879530","00879530","0"
"","Global","FUN_00944ba0","00944ba0","","Global","FUN_00879590","00879590","0"
"","Global","FUN_00944c80","00944c80","","Global","FUN_00879670","00879670","0"
"","Global","FUN_00944d50","00944d50","","Global","FUN_00879740","00879740","0"
"","Global","FUN_00944f80","00944f80","","Global","FUN_00879970","00879970","0"
"","Global","FUN_00945120","00945120","","Global","FUN_00879b10","00879b10","0"
"","Global","FUN_00945190","00945190","","Global","FUN_00879b80","00879b80","0"
"","Global","FUN_00945270","00945270","","Global","FUN_00879c60","00879c60","0"
"","Global","FUN_009453d0","009453d0","","Global","FUN_00879dc0","00879dc0","0"
"","Global","FUN_009455d0","009455d0","","Global","FUN_00879fc0","00879fc0","0"
"","Global","FUN_009456f0","009456f0","","Global","FUN_0087a0e0","0087a0e0","0"
"","Global","FUN_009457b0","009457b0","","Global","FUN_0087a1a0","0087a1a0","0"
"","Global","FUN_00945920","00945920","","Global","FUN_0087a310","0087a310","0"
"","Global","FUN_009459a0","009459a0","","Global","FUN_0087a390","0087a390","0"
"","Global","FUN_00945a00","00945a00","","Global","FUN_0087a3f0","0087a3f0","0"
"","Global","FUN_00945b20","00945b20","","Global","FUN_0087a510","0087a510","0"
"","Global","FUN_00945b80","00945b80","","Global","FUN_0087a570","0087a570","0"
"","Global","FUN_00945c30","00945c30","","Global","FUN_0087a620","0087a620","0"
"","Global","FUN_00945ce0","00945ce0","","Global","FUN_0087a6d0","0087a6d0","0"
"","Global","FUN_00945d80","00945d80","","Global","FUN_0087a770","0087a770","0"
"","Global","FUN_00945de0","00945de0","","Global","FUN_0087a7d0","0087a7d0","0"
"","Global","FUN_00945f40","00945f40","","Global","FUN_0087a930","0087a930","0"
"","Global","FUN_00946060","00946060","","Global","FUN_0087aa50","0087aa50","0"
"","Global","FUN_00946100","00946100","","Global","FUN_0087aaf0","0087aaf0","0"
"","Global","FUN_00946230","00946230","","Global","FUN_0087ac20","0087ac20","0"
"","Global","FUN_009462d0","009462d0","","Global","FUN_0087acc0","0087acc0","0"
"","Global","FUN_00946340","00946340","","Global","FUN_0087ad30","0087ad30","0"
"","Global","FUN_009463b0","009463b0","","Global","FUN_0087ada0","0087ada0","0"
"","Global","FUN_00946440","00946440","","Global","FUN_0087ae30","0087ae30","0"
"","Global","FUN_00946560","00946560","","Global","FUN_0087af50","0087af50","0"
"","Global","FUN_00946590","00946590","","Global","FUN_0087af80","0087af80","0"
"","Global","FUN_00946660","00946660","","Global","FUN_0087b050","0087b050","0"
"","Global","FUN_00946740","00946740","","Global","FUN_0087b130","0087b130","0"
"","Global","FUN_00946790","00946790","","Global","FUN_0087b180","0087b180","0"
"","Global","FUN_009467c0","009467c0","","Global","FUN_0087b1b0","0087b1b0","0"
"","Global","FUN_009467f0","009467f0","","Global","FUN_0087b1e0","0087b1e0","0"
"","Global","FUN_00946840","00946840","","Global","FUN_0087b230","0087b230","0"
"","Global","FUN_009468f0","009468f0","","Global","FUN_0087b2e0","0087b2e0","0"
"","Global","FUN_00946950","00946950","","Global","FUN_0087b340","0087b340","0"
"","Global","FUN_00946a10","00946a10","","Global","FUN_0087b400","0087b400","0"
"","Global","FUN_00946b20","00946b20","","Global","FUN_0087b510","0087b510","0"
"","Global","FUN_00946d30","00946d30","","Global","FUN_0087b720","0087b720","0"
"","Global","FUN_00946d50","00946d50","","Global","FUN_0087b740","0087b740","0"
"","Global","FUN_00946ef0","00946ef0","","Global","FUN_0087b8e0","0087b8e0","0"
"","Global","FUN_00946f50","00946f50","","Global","FUN_0087b940","0087b940","0"
"","Global","FUN_00947140","00947140","","Global","FUN_0087bb30","0087bb30","0"
"","Global","FUN_009471d0","009471d0","","Global","FUN_0087bbc0","0087bbc0","0"
"","Global","FUN_00947270","00947270","","Global","FUN_0087bc60","0087bc60","0"
"","Global","FUN_00947590","00947590","","Global","FUN_0087bf90","0087bf90","0"
"","Global","FUN_00947630","00947630","","Global","FUN_0087c030","0087c030","0"
"","Global","FUN_00947690","00947690","","Global","FUN_0087c090","0087c090","0"
"","Global","FUN_00947750","00947750","","Global","FUN_0087c150","0087c150","0"
"","Global","FUN_00947820","00947820","","Global","FUN_0087c220","0087c220","0"
"","Global","FUN_00947890","00947890","","Global","FUN_0087c290","0087c290","0"
"","Global","FUN_009478e0","009478e0","","Global","FUN_0087c2e0","0087c2e0","0"
"","Global","FUN_00947ba0","00947ba0","","Global","FUN_0087c5a0","0087c5a0","0"
"","Global","FUN_00947c10","00947c10","","Global","FUN_0087c610","0087c610","0"
"","Global","FUN_00947cc0","00947cc0","","Global","FUN_0087c6c0","0087c6c0","0"
"","Global","FUN_00947ec0","00947ec0","","Global","FUN_0087c8c0","0087c8c0","0"
"","Global","FUN_00948000","00948000","","Global","FUN_0087ca00","0087ca00","0"
"","Global","FUN_00948130","00948130","","Global","FUN_0087cb30","0087cb30","0"
"","Global","FUN_009483d0","009483d0","","Global","FUN_0087cdd0","0087cdd0","0"
"","Global","FUN_00948590","00948590","","Global","FUN_0087cf90","0087cf90","0"
"","Global","FUN_009485b0","009485b0","","Global","FUN_0087cfb0","0087cfb0","0"
"","Global","FUN_009485f0","009485f0","","Global","FUN_0087cff0","0087cff0","0"
"","Global","FUN_00948680","00948680","","Global","FUN_0087d080","0087d080","0"
"","Global","FUN_009486a0","009486a0","","Global","FUN_0087d0a0","0087d0a0","0"
"","Global","FUN_00948720","00948720","","Global","FUN_0087d120","0087d120","0"
"","Global","FUN_00948750","00948750","","Global","FUN_0087d150","0087d150","0"
"","Global","FUN_00948820","00948820","","Global","FUN_0087d220","0087d220","0"
"","Global","FUN_009488a0","009488a0","","Global","FUN_0087d2a0","0087d2a0","0"
"","Global","FUN_00948900","00948900","","Global","FUN_0087d300","0087d300","0"
"","Global","FUN_00948970","00948970","","Global","FUN_0087d370","0087d370","0"
"","Global","FUN_00948990","00948990","","Global","FUN_0087d390","0087d390","0"
"","Global","FUN_009489d0","009489d0","","Global","FUN_0087d3d0","0087d3d0","0"
"","Global","FUN_00948a40","00948a40","","Global","FUN_0087d440","0087d440","0"
"","Global","FUN_00948a80","00948a80","","Global","FUN_0087d480","0087d480","0"
"","Global","FUN_00948a90","00948a90","","Global","FUN_0087d490","0087d490","0"
"","Global","FUN_00948b30","00948b30","","Global","FUN_0087d530","0087d530","0"
"","Global","FUN_00948b70","00948b70","","Global","FUN_0087d570","0087d570","0"
"","Global","FUN_00948b80","00948b80","","Global","FUN_0087d580","0087d580","0"
"","Global","FUN_00948bc0","00948bc0","","Global","FUN_0087d5c0","0087d5c0","0"
"","Global","FUN_00948c10","00948c10","","Global","FUN_0087d610","0087d610","0"
"","Global","FUN_00948c30","00948c30","","Global","FUN_0087d630","0087d630","0"
"","Global","FUN_00948c40","00948c40","","Global","FUN_0087d640","0087d640","0"
"","Global","FUN_00948c60","00948c60","","Global","FUN_0087d660","0087d660","0"
"","Global","__onexit","00949162","","Global","__onexit","0087d8b2","0"
"","Global","_atexit","00949207","","Global","_atexit","0087d957","0"
"2","Global","__security_check_cookie","00949240","2","Global","__security_check_cookie","0087d990","0"
"3","Global","FID_conflict:`vector_deleting_destructor'","00949272","3","Global","FID_conflict:`vector_deleting_destructor'","0087d9c2","0"
"","Global","entry","009493c7","","Global","entry","0087db17","0"
"2","Global","__alloca_probe","00949620","2","Global","__alloca_probe","0087e0a0","0"
"2","Global","`eh_vector_constructor_iterator'","0094966a","2","Global","`eh_vector_constructor_iterator'","0087e2df","0"
"2","Global","`eh_vector_destructor_iterator'","009496d2","2","Global","`eh_vector_destructor_iterator'","0087e17b","0"
"","Global","FUN_00949741","00949741","","Global","FUN_0087e1ea","0087e1ea","0"
"2","Global","__ArrayUnwind","0094975a","2","Global","__ArrayUnwind","0087e203","0"
"","Global","FUN_009497e0","009497e0","","Global","FUN_0087e0d0","0087e0d0","0"
"","Global","FUN_00949816","00949816","","Global","FUN_0087e106","0087e106","0"
"","Global","__allshl","00949910","","Global","__allshl","0087e510","0"
"","Global","FUN_0094995a","0094995a","","Global","FUN_00b8b262","00b8b262","0"
"","Global","Catch_All@00949975","00949975","","Global","Catch_All@00b8b27d","00b8b27d","0"
"","Global","___raise_securityfailure","009499c6","","Global","___raise_securityfailure","0087dd2a","0"
"","Global","___report_gsfailure","00949a03","","Global","___report_gsfailure","0087dd67","0"
"","Global","___report_rangecheckfailure","00949afc","","Global","___report_rangecheckfailure","0087de60","0"
"","Global","___report_securityfailure","00949b08","","Global","___report_securityfailure","0087de6c","0"
"","Global","___report_securityfailureEx","00949bd6","","Global","___report_securityfailureEx","0087df3a","0"
"","Global","__aullshr","00949d00","","Global","__aullshr","0087e2c0","0"
"","Global","__aullrem","00949db0","","Global","__aullrem","0087e420","0"
"","Global","__aulldiv","00949e30","","Global","__aulldiv","0087e4a0","0"
"","Global","__alldiv","00949ea0","","Global","__alldiv","0087e540","0"
"","Global","__allmul","00949f80","","Global","__allmul","0087e5f0","0"
"","Global","__SEH_prolog4","00949ff0","","Global","__SEH_prolog4","0087e6e0","0"
"","Global","FUN_0094a050","0094a050","","Global","FUN_0087e740","0087e740","0"
"","Global","__FindPESection","0094a0d0","","Global","__FindPESection","0087e7c0","0"
"","Global","__IsNonwritableInCurrentImage","0094a120","","Global","__IsNonwritableInCurrentImage","0087e810","0"
"","Global","__ValidateImageBase","0094a1e0","","Global","__ValidateImageBase","0087e8d0","0"
"","Global","___security_init_cookie","0094a224","","Global","___security_init_cookie","0087e914","0"
"","Global","FUN_0094a32e","0094a32e","","Global","FUN_0087ea1e","0087ea1e","0"
"","Global","__EH_prolog3_catch","0094a548","","Global","__EH_prolog3_catch","00b8b4d9","0"
"2","std::_Fac_node","~_Fac_node","0094a62c","2","std::_Fac_node","~_Fac_node","00aad892","0"
"","Global","FUN_0094a641","0094a641","","Global","FUN_00aad8a7","00aad8a7","0"
"","Global","Facet_Register","0094a684","","Global","Facet_Register","00aad8ea","0"
"","Global","FUN_0094a950","0094a950","","Global","FUN_00abf550","00abf550","0"
"","Global","FUN_0094a9f0","0094a9f0","","Global","FUN_00abf5f0","00abf5f0","0"
"","Global","FUN_0094aa10","0094aa10","","Global","FUN_00abf610","00abf610","0"
"","Global","FUN_0094aa60","0094aa60","","Global","FUN_00abf660","00abf660","0"
"","Global","FUN_0094aad0","0094aad0","","Global","FUN_00abf6d0","00abf6d0","0"
"","Global","FUN_0094ab00","0094ab00","","Global","FUN_00abf700","00abf700","0"
"","Global","FUN_0094ab80","0094ab80","","Global","FUN_00abf780","00abf780","0"
"","Global","FUN_0094aba0","0094aba0","","Global","FUN_00abf7a0","00abf7a0","0"
"","Global","FUN_0094ac00","0094ac00","","Global","FUN_00abf800","00abf800","0"
"","Global","FUN_0094ac70","0094ac70","","Global","FUN_00abf870","00abf870","0"
"","Global","FUN_0094ad00","0094ad00","","Global","FUN_00abf900","00abf900","0"
"","Global","FUN_0094ad60","0094ad60","","Global","FUN_00abf960","00abf960","0"
"","Global","FUN_0094adc0","0094adc0","","Global","FUN_00abf9c0","00abf9c0","0"
"","Global","FUN_0094ae10","0094ae10","","Global","FUN_00abfa10","00abfa10","0"
"","Global","FUN_0094ae40","0094ae40","","Global","FUN_00abfa40","00abfa40","0"
"","Global","FUN_0094ae50","0094ae50","","Global","FUN_00abfa50","00abfa50","0"
"","Global","FUN_0094afd0","0094afd0","","Global","FUN_00abfbd0","00abfbd0","0"
"","Global","FUN_0094b000","0094b000","","Global","FUN_00abfc00","00abfc00","0"
"","Global","FUN_0094b030","0094b030","","Global","FUN_00abfc30","00abfc30","0"
"","Global","FUN_0094b080","0094b080","","Global","FUN_00abfc80","00abfc80","0"
"","Global","FUN_0094b0d0","0094b0d0","","Global","FUN_00abfcd0","00abfcd0","0"
"","Global","FUN_0094b130","0094b130","","Global","FUN_00abfd30","00abfd30","0"
"","Global","FUN_0094b160","0094b160","","Global","FUN_00abfd60","00abfd60","0"
"","Global","FUN_0094b180","0094b180","","Global","FUN_00abfd80","00abfd80","0"
"","Global","FUN_0094b210","0094b210","","Global","FUN_00abfe10","00abfe10","0"
"","Global","FUN_0094b250","0094b250","","Global","FUN_00abfe50","00abfe50","0"
"","Global","FUN_0094b2d0","0094b2d0","","Global","FUN_00abfed0","00abfed0","0"
"","Global","FUN_0094b310","0094b310","","Global","FUN_00abff10","00abff10","0"
"","Global","FUN_0094b380","0094b380","","Global","FUN_00abff80","00abff80","0"
"","Global","FUN_0094b3b0","0094b3b0","","Global","FUN_00abffb0","00abffb0","0"
"","Global","FUN_0094b450","0094b450","","Global","FUN_00ac0050","00ac0050","0"
"","Global","FUN_0094b490","0094b490","","Global","FUN_00ac0090","00ac0090","0"
"","Global","FUN_0094b4d0","0094b4d0","","Global","FUN_00ac00d0","00ac00d0","0"
"","Global","FUN_0094b5a0","0094b5a0","","Global","FUN_00ac01a0","00ac01a0","0"
"","Global","FUN_0094b5c0","0094b5c0","","Global","FUN_00ac01c0","00ac01c0","0"
"","Global","FUN_0094b660","0094b660","","Global","FUN_00ac0260","00ac0260","0"
"","Global","FUN_0094b690","0094b690","","Global","FUN_00ac0290","00ac0290","0"
"","Global","FUN_0094b6c0","0094b6c0","","Global","FUN_00ac02c0","00ac02c0","0"
"","Global","FUN_0094b6e0","0094b6e0","","Global","FUN_00ac02e0","00ac02e0","0"
"","Global","FUN_0094b730","0094b730","","Global","FUN_00ac0330","00ac0330","0"
"","Global","FUN_0094b750","0094b750","","Global","FUN_00ac0350","00ac0350","0"
"","Global","FUN_0094b770","0094b770","","Global","FUN_00ac0370","00ac0370","0"
"","Global","FUN_0094b7d0","0094b7d0","","Global","FUN_00ac03d0","00ac03d0","0"
"","Global","FUN_0094b800","0094b800","","Global","FUN_00ac0400","00ac0400","0"
"","Global","FUN_0094b850","0094b850","","Global","FUN_00ac0450","00ac0450","0"
"","Global","FUN_0094b880","0094b880","","Global","FUN_00ac0480","00ac0480","0"
"","Global","FUN_0094b8b0","0094b8b0","","Global","FUN_00ac04b0","00ac04b0","0"
"","Global","FUN_0094b910","0094b910","","Global","FUN_00ac0510","00ac0510","0"
"","Global","FUN_0094b950","0094b950","","Global","FUN_00ac0550","00ac0550","0"
"","Global","FUN_0094b990","0094b990","","Global","FUN_00ac0590","00ac0590","0"
"","Global","FUN_0094b9e0","0094b9e0","","Global","FUN_00ac05e0","00ac05e0","0"
"","Global","FUN_0094ba30","0094ba30","","Global","FUN_00ac0630","00ac0630","0"
"","Global","FUN_0094baa0","0094baa0","","Global","FUN_00ac06a0","00ac06a0","0"
"","Global","FUN_0094bb00","0094bb00","","Global","FUN_00ac0700","00ac0700","0"
"","Global","FUN_0094bb70","0094bb70","","Global","FUN_00ac0770","00ac0770","0"
"","Global","FUN_0094bbb0","0094bbb0","","Global","FUN_00ac07b0","00ac07b0","0"
"","Global","FUN_0094bc10","0094bc10","","Global","FUN_00ac0810","00ac0810","0"
"","Global","FUN_0094bc30","0094bc30","","Global","FUN_00ac0830","00ac0830","0"
"","Global","FUN_0094bc80","0094bc80","","Global","FUN_00ac0880","00ac0880","0"
"","Global","FUN_0094bce0","0094bce0","","Global","FUN_00ac08e0","00ac08e0","0"
"","Global","FUN_0094bd90","0094bd90","","Global","FUN_00ac0990","00ac0990","0"
"","Global","FUN_0094bdc0","0094bdc0","","Global","FUN_00ac09c0","00ac09c0","0"
"","Global","FUN_0094be10","0094be10","","Global","FUN_00ac0a10","00ac0a10","0"
"","Global","FUN_0094be90","0094be90","","Global","FUN_00ac0a90","00ac0a90","0"
"","Global","FUN_0094bf00","0094bf00","","Global","FUN_00ac0b00","00ac0b00","0"
"","Global","FUN_0094bf30","0094bf30","","Global","FUN_00ac0b30","00ac0b30","0"
"","Global","FUN_0094bfc0","0094bfc0","","Global","FUN_00ac0bc0","00ac0bc0","0"
"","Global","FUN_0094c040","0094c040","","Global","FUN_00ac0c40","00ac0c40","0"
"","Global","FUN_0094c0a0","0094c0a0","","Global","FUN_00ac0ca0","00ac0ca0","0"
"","Global","FUN_0094c130","0094c130","","Global","FUN_00ac0d30","00ac0d30","0"
"","Global","FUN_0094c1b0","0094c1b0","","Global","FUN_00ac0db0","00ac0db0","0"
"","Global","FUN_0094c1e0","0094c1e0","","Global","FUN_00ac0de0","00ac0de0","0"
"","Global","FUN_0094c220","0094c220","","Global","FUN_00ac0e20","00ac0e20","0"
"","Global","FUN_0094c270","0094c270","","Global","FUN_00ac0e70","00ac0e70","0"
"","Global","FUN_0094c2c0","0094c2c0","","Global","FUN_00ac0ec0","00ac0ec0","0"
"","Global","FUN_0094c2e0","0094c2e0","","Global","FUN_00ac0ee0","00ac0ee0","0"
"","Global","FUN_0094c330","0094c330","","Global","FUN_00ac0f30","00ac0f30","0"
"","Global","FUN_0094c390","0094c390","","Global","FUN_00ac0f90","00ac0f90","0"
"","Global","FUN_0094c430","0094c430","","Global","FUN_00ac1030","00ac1030","0"
"","Global","FUN_0094c480","0094c480","","Global","FUN_00ac1080","00ac1080","0"
"","Global","FUN_0094c560","0094c560","","Global","FUN_00ac1160","00ac1160","0"
"","Global","FUN_0094c5c0","0094c5c0","","Global","FUN_00ac11c0","00ac11c0","0"
"","Global","FUN_0094c5f0","0094c5f0","","Global","FUN_00ac11f0","00ac11f0","0"
"","Global","FUN_0094c620","0094c620","","Global","FUN_00ac1220","00ac1220","0"
"","Global","FUN_0094c650","0094c650","","Global","FUN_00ac1250","00ac1250","0"
"","Global","FUN_0094c690","0094c690","","Global","FUN_00ac1290","00ac1290","0"
"","Global","FUN_0094c700","0094c700","","Global","FUN_00ac1300","00ac1300","0"
"","Global","FUN_0094c810","0094c810","","Global","FUN_00ac1410","00ac1410","0"
"","Global","FUN_0094c840","0094c840","","Global","FUN_00ac1440","00ac1440","0"
"","Global","FUN_0094c870","0094c870","","Global","FUN_00ac1470","00ac1470","0"
"","Global","FUN_0094c8f0","0094c8f0","","Global","FUN_00ac14f0","00ac14f0","0"
"","Global","FUN_0094c980","0094c980","","Global","FUN_00ac1580","00ac1580","0"
"","Global","FUN_0094c9e0","0094c9e0","","Global","FUN_00ac15e0","00ac15e0","0"
"","Global","FUN_0094ca40","0094ca40","","Global","FUN_00ac1640","00ac1640","0"
"","Global","FUN_0094cae0","0094cae0","","Global","FUN_00ac16e0","00ac16e0","0"
"","Global","FUN_0094cb30","0094cb30","","Global","FUN_00ac1730","00ac1730","0"
"","Global","FUN_0094cb90","0094cb90","","Global","FUN_00ac1790","00ac1790","0"
"","Global","FUN_0094cc90","0094cc90","","Global","FUN_00ac1890","00ac1890","0"
"","Global","FUN_0094cd50","0094cd50","","Global","FUN_00ac1950","00ac1950","0"
"","Global","FUN_0094cd80","0094cd80","","Global","FUN_00ac1980","00ac1980","0"
"","Global","FUN_0094ce00","0094ce00","","Global","FUN_00ac1a00","00ac1a00","0"
"","Global","FUN_0094ce90","0094ce90","","Global","FUN_00ac1a90","00ac1a90","0"
"","Global","FUN_0094cef0","0094cef0","","Global","FUN_00ac1af0","00ac1af0","0"
"","Global","FUN_0094cf60","0094cf60","","Global","FUN_00ac1b60","00ac1b60","0"
"","Global","FUN_0094d230","0094d230","","Global","FUN_00ac1e30","00ac1e30","0"
"","Global","FUN_0094d280","0094d280","","Global","FUN_00ac1e80","00ac1e80","0"
"","Global","FUN_0094d2b0","0094d2b0","","Global","FUN_00ac1eb0","00ac1eb0","0"
"","Global","FUN_0094d510","0094d510","","Global","FUN_00ac2110","00ac2110","0"
"","Global","FUN_0094d550","0094d550","","Global","FUN_00ac2150","00ac2150","0"
"","Global","FUN_0094d610","0094d610","","Global","FUN_00ac2210","00ac2210","0"
"","Global","FUN_0094d670","0094d670","","Global","FUN_00ac2270","00ac2270","0"
"","Global","FUN_0094d6e0","0094d6e0","","Global","FUN_00ac22e0","00ac22e0","0"
"","Global","FUN_0094d760","0094d760","","Global","FUN_00ac2360","00ac2360","0"
"","Global","FUN_0094d790","0094d790","","Global","FUN_00ac2390","00ac2390","0"
"","Global","FUN_0094d7d0","0094d7d0","","Global","FUN_00ac23d0","00ac23d0","0"
"","Global","FUN_0094d870","0094d870","","Global","FUN_00ac2470","00ac2470","0"
"","Global","FUN_0094d930","0094d930","","Global","FUN_00ac2530","00ac2530","0"
"","Global","FUN_0094d9e0","0094d9e0","","Global","FUN_00ac25e0","00ac25e0","0"
"","Global","FUN_0094da10","0094da10","","Global","FUN_00ac2610","00ac2610","0"
"","Global","FUN_0094da80","0094da80","","Global","FUN_00ac2680","00ac2680","0"
"","Global","FUN_0094db70","0094db70","","Global","FUN_00ac2770","00ac2770","0"
"","Global","FUN_0094dcd0","0094dcd0","","Global","FUN_00ac28d0","00ac28d0","0"
"","Global","FUN_0094dd20","0094dd20","","Global","FUN_00ac2920","00ac2920","0"
"","Global","FUN_0094ddb0","0094ddb0","","Global","FUN_00ac29b0","00ac29b0","0"
"","Global","FUN_0094ddf0","0094ddf0","","Global","FUN_00ac29f0","00ac29f0","0"
"","Global","FUN_0094de90","0094de90","","Global","FUN_00ac2a90","00ac2a90","0"
"","Global","FUN_0094df00","0094df00","","Global","FUN_00ac2b00","00ac2b00","0"
"","Global","FUN_0094df60","0094df60","","Global","FUN_00ac2b60","00ac2b60","0"
"","Global","FUN_0094dfb0","0094dfb0","","Global","FUN_00ac2bb0","00ac2bb0","0"
"","Global","FUN_0094e000","0094e000","","Global","FUN_00ac2c00","00ac2c00","0"
"","Global","FUN_0094e040","0094e040","","Global","FUN_00ac2c40","00ac2c40","0"
"","Global","FUN_0094e160","0094e160","","Global","FUN_00ac2d60","00ac2d60","0"
"","Global","FUN_0094e2d0","0094e2d0","","Global","FUN_00ac2ed0","00ac2ed0","0"
"","Global","FUN_0094e410","0094e410","","Global","FUN_00ac3010","00ac3010","0"
"","Global","FUN_0094e460","0094e460","","Global","FUN_00ac3060","00ac3060","0"
"","Global","FUN_0094e4f0","0094e4f0","","Global","FUN_00ac30f0","00ac30f0","0"
"","Global","FUN_0094e5d0","0094e5d0","","Global","FUN_00ac31d0","00ac31d0","0"
"","Global","FUN_0094e620","0094e620","","Global","FUN_00ac3220","00ac3220","0"
"","Global","FUN_0094e640","0094e640","","Global","FUN_00ac3240","00ac3240","0"
"","Global","FUN_0094e690","0094e690","","Global","FUN_00ac3290","00ac3290","0"
"","Global","FUN_0094e790","0094e790","","Global","FUN_00ac3390","00ac3390","0"
"","Global","FUN_0094e810","0094e810","","Global","FUN_00ac3410","00ac3410","0"
"","Global","FUN_0094ea90","0094ea90","","Global","FUN_00ac3690","00ac3690","0"
"","Global","FUN_0094ead0","0094ead0","","Global","FUN_00ac36d0","00ac36d0","0"
"","Global","FUN_0094eb10","0094eb10","","Global","FUN_00ac3710","00ac3710","0"
"","Global","FUN_0094eb30","0094eb30","","Global","FUN_00ac3730","00ac3730","0"
"","Global","FUN_0094eb80","0094eb80","","Global","FUN_00ac3780","00ac3780","0"
"","Global","FUN_0094ebd0","0094ebd0","","Global","FUN_00ac37d0","00ac37d0","0"
"","Global","FUN_0094ec80","0094ec80","","Global","FUN_00ac3880","00ac3880","0"
"","Global","FUN_0094ece0","0094ece0","","Global","FUN_00ac38e0","00ac38e0","0"
"","Global","FUN_0094ed40","0094ed40","","Global","FUN_00ac3940","00ac3940","0"
"","Global","FUN_0094edd0","0094edd0","","Global","FUN_00ac39d0","00ac39d0","0"
"","Global","FUN_0094eed0","0094eed0","","Global","FUN_00ac3ad0","00ac3ad0","0"
"","Global","FUN_0094ef20","0094ef20","","Global","FUN_00ac3b20","00ac3b20","0"
"","Global","FUN_0094f0e0","0094f0e0","","Global","FUN_00ac3ce0","00ac3ce0","0"
"","Global","FUN_0094f110","0094f110","","Global","FUN_00ac3d10","00ac3d10","0"
"","Global","FUN_0094f240","0094f240","","Global","FUN_00ac3e40","00ac3e40","0"
"","Global","FUN_0094f380","0094f380","","Global","FUN_00ac3f80","00ac3f80","0"
"","Global","FUN_0094f3f0","0094f3f0","","Global","FUN_00ac3ff0","00ac3ff0","0"
"","Global","FUN_0094f4d0","0094f4d0","","Global","FUN_00ac40d0","00ac40d0","0"
"","Global","FUN_0094f4f0","0094f4f0","","Global","FUN_00ac40f0","00ac40f0","0"
"","Global","FUN_0094f5e0","0094f5e0","","Global","FUN_00ac41e0","00ac41e0","0"
"","Global","FUN_0094f710","0094f710","","Global","FUN_00ac4310","00ac4310","0"
"","Global","FUN_0094f750","0094f750","","Global","FUN_00ac4350","00ac4350","0"
"","Global","FUN_0094f770","0094f770","","Global","FUN_00ac4370","00ac4370","0"
"","Global","FUN_0094f7d0","0094f7d0","","Global","FUN_00ac43d0","00ac43d0","0"
"","Global","FUN_0094f820","0094f820","","Global","FUN_00ac4420","00ac4420","0"
"","Global","FUN_0094f970","0094f970","","Global","FUN_00ac4570","00ac4570","0"
"","Global","FUN_0094fa60","0094fa60","","Global","FUN_00ac4660","00ac4660","0"
"","Global","FUN_0094faa0","0094faa0","","Global","FUN_00ac46a0","00ac46a0","0"
"","Global","FUN_0094fbc0","0094fbc0","","Global","FUN_00ac47c0","00ac47c0","0"
"","Global","FUN_0094fd30","0094fd30","","Global","FUN_00ac4930","00ac4930","0"
"","Global","FUN_0094fea0","0094fea0","","Global","FUN_00ac4aa0","00ac4aa0","0"
"","Global","FUN_0094fff0","0094fff0","","Global","FUN_00ac4bf0","00ac4bf0","0"
"","Global","FUN_00950100","00950100","","Global","FUN_00ac4d00","00ac4d00","0"
"","Global","FUN_00950170","00950170","","Global","FUN_00ac4d70","00ac4d70","0"
"","Global","FUN_00950220","00950220","","Global","FUN_00ac4e20","00ac4e20","0"
"","Global","FUN_00950310","00950310","","Global","FUN_00ac4f10","00ac4f10","0"
"","Global","FUN_00950400","00950400","","Global","FUN_00ac5000","00ac5000","0"
"","Global","FUN_00950440","00950440","","Global","FUN_00ac5040","00ac5040","0"
"","Global","FUN_009504d0","009504d0","","Global","FUN_00ac50d0","00ac50d0","0"
"","Global","FUN_00950520","00950520","","Global","FUN_00ac5120","00ac5120","0"
"","Global","FUN_00950560","00950560","","Global","FUN_00ac5160","00ac5160","0"
"","Global","FUN_009505d0","009505d0","","Global","FUN_00ac51d0","00ac51d0","0"
"","Global","FUN_00950600","00950600","","Global","FUN_00ac5200","00ac5200","0"
"","Global","FUN_00950640","00950640","","Global","FUN_00ac5240","00ac5240","0"
"","Global","FUN_00950690","00950690","","Global","FUN_00ac5290","00ac5290","0"
"","Global","FUN_009506b0","009506b0","","Global","FUN_00ac52b0","00ac52b0","0"
"","Global","FUN_009506d0","009506d0","","Global","FUN_00ac52d0","00ac52d0","0"
"","Global","FUN_00950880","00950880","","Global","FUN_00ac5480","00ac5480","0"
"","Global","FUN_00950940","00950940","","Global","FUN_00ac5540","00ac5540","0"
"","Global","FUN_009509a0","009509a0","","Global","FUN_00ac55a0","00ac55a0","0"
"","Global","FUN_00950a00","00950a00","","Global","FUN_00ac5600","00ac5600","0"
"","Global","FUN_00950aa0","00950aa0","","Global","FUN_00ac56a0","00ac56a0","0"
"","Global","FUN_00950b20","00950b20","","Global","FUN_00ac5720","00ac5720","0"
"","Global","FUN_00950b60","00950b60","","Global","FUN_00ac5760","00ac5760","0"
"","Global","FUN_00950bb0","00950bb0","","Global","FUN_00ac57b0","00ac57b0","0"
"","Global","FUN_00950bd0","00950bd0","","Global","FUN_00ac57d0","00ac57d0","0"
"","Global","FUN_00950c80","00950c80","","Global","FUN_00ac5880","00ac5880","0"
"","Global","FUN_00950ca0","00950ca0","","Global","FUN_00ac58a0","00ac58a0","0"
"","Global","FUN_00950d90","00950d90","","Global","FUN_00ac5990","00ac5990","0"
"","Global","FUN_00950e30","00950e30","","Global","FUN_00ac5a30","00ac5a30","0"
"","Global","FUN_00950e60","00950e60","","Global","FUN_00ac5a60","00ac5a60","0"
"","Global","FUN_00950f10","00950f10","","Global","FUN_00ac5b10","00ac5b10","0"
"","Global","FUN_009510e0","009510e0","","Global","FUN_00ac5ce0","00ac5ce0","0"
"","Global","FUN_00951260","00951260","","Global","FUN_00ac5e60","00ac5e60","0"
"","Global","FUN_00951340","00951340","","Global","FUN_00ac5f40","00ac5f40","0"
"","Global","FUN_009513f0","009513f0","","Global","FUN_00ac5ff0","00ac5ff0","0"
"","Global","FUN_009514c0","009514c0","","Global","FUN_00ac60c0","00ac60c0","0"
"","Global","FUN_00951510","00951510","","Global","FUN_00ac6110","00ac6110","0"
"","Global","FUN_00951720","00951720","","Global","FUN_00ac6320","00ac6320","0"
"","Global","FUN_00951b80","00951b80","","Global","FUN_00ac6780","00ac6780","0"
"","Global","FUN_00951c90","00951c90","","Global","FUN_00ac6890","00ac6890","0"
"","Global","FUN_00951d80","00951d80","","Global","FUN_00ac6980","00ac6980","0"
"","Global","FUN_00951dd0","00951dd0","","Global","FUN_00ac69d0","00ac69d0","0"
"","Global","FUN_00951f10","00951f10","","Global","FUN_00ac6b10","00ac6b10","0"
"","Global","FUN_00951f40","00951f40","","Global","FUN_00ac6b40","00ac6b40","0"
"","Global","FUN_00951f70","00951f70","","Global","FUN_00ac6b70","00ac6b70","0"
"","Global","FUN_00951ff0","00951ff0","","Global","FUN_00ac6bf0","00ac6bf0","0"
"","Global","FUN_00952050","00952050","","Global","FUN_00ac6c50","00ac6c50","0"
"","Global","FUN_009520b0","009520b0","","Global","FUN_00ac6cb0","00ac6cb0","0"
"","Global","FUN_009521d0","009521d0","","Global","FUN_00ac6dd0","00ac6dd0","0"
"","Global","FUN_00952290","00952290","","Global","FUN_00ac6e90","00ac6e90","0"
"","Global","FUN_009522c0","009522c0","","Global","FUN_00ac6ec0","00ac6ec0","0"
"","Global","FUN_009525b0","009525b0","","Global","FUN_00ac71b0","00ac71b0","0"
"","Global","FUN_00952660","00952660","","Global","FUN_00ac7260","00ac7260","0"
"","Global","FUN_009527b0","009527b0","","Global","FUN_00ac73b0","00ac73b0","0"
"","Global","FUN_00952820","00952820","","Global","FUN_00ac7420","00ac7420","0"
"","Global","FUN_009529f0","009529f0","","Global","FUN_00ac75f0","00ac75f0","0"
"","Global","FUN_00952a90","00952a90","","Global","FUN_00ac7690","00ac7690","0"
"","Global","FUN_00952b20","00952b20","","Global","FUN_00ac7720","00ac7720","0"
"","Global","FUN_00952b80","00952b80","","Global","FUN_00ac7780","00ac7780","0"
"","Global","FUN_00952ba0","00952ba0","","Global","FUN_00ac77a0","00ac77a0","0"
"","Global","FUN_00952c70","00952c70","","Global","FUN_00ac7870","00ac7870","0"
"","Global","FUN_00952d00","00952d00","","Global","FUN_00ac7900","00ac7900","0"
"","Global","FUN_00952dd0","00952dd0","","Global","FUN_00ac79d0","00ac79d0","0"
"","Global","FUN_00952e20","00952e20","","Global","FUN_00ac7a20","00ac7a20","0"
"","Global","FUN_00952e70","00952e70","","Global","FUN_00ac7a70","00ac7a70","0"
"","Global","FUN_009530e0","009530e0","","Global","FUN_00ac7ce0","00ac7ce0","0"
"","Global","FUN_00953130","00953130","","Global","FUN_00ac7d30","00ac7d30","0"
"","Global","FUN_00953190","00953190","","Global","FUN_00ac7d90","00ac7d90","0"
"","Global","FUN_009531e0","009531e0","","Global","FUN_00ac7de0","00ac7de0","0"
"","Global","FUN_00953230","00953230","","Global","FUN_00ac7e30","00ac7e30","0"
"","Global","FUN_00953260","00953260","","Global","FUN_00ac7e60","00ac7e60","0"
"","Global","FUN_009532d0","009532d0","","Global","FUN_00ac7ed0","00ac7ed0","0"
"","Global","FUN_00953340","00953340","","Global","FUN_00ac7f40","00ac7f40","0"
"","Global","FUN_009533c0","009533c0","","Global","FUN_00ac7fc0","00ac7fc0","0"
"","Global","FUN_00953400","00953400","","Global","FUN_00ac8000","00ac8000","0"
"","Global","FUN_00953440","00953440","","Global","FUN_00ac8040","00ac8040","0"
"","Global","FUN_00953490","00953490","","Global","FUN_00ac8090","00ac8090","0"
"","Global","FUN_009534f0","009534f0","","Global","FUN_00ac80f0","00ac80f0","0"
"","Global","FUN_00953530","00953530","","Global","FUN_00ac8130","00ac8130","0"
"","Global","FUN_00953560","00953560","","Global","FUN_00ac8160","00ac8160","0"
"","Global","FUN_009535c0","009535c0","","Global","FUN_00ac81c0","00ac81c0","0"
"","Global","FUN_00953670","00953670","","Global","FUN_00ac8270","00ac8270","0"
"","Global","FUN_009539a0","009539a0","","Global","FUN_00ac85a0","00ac85a0","0"
"","Global","FUN_009539e0","009539e0","","Global","FUN_00ac85e0","00ac85e0","0"
"","Global","FUN_00953aa0","00953aa0","","Global","FUN_00ac86a0","00ac86a0","0"
"","Global","FUN_00953b00","00953b00","","Global","FUN_00ac8700","00ac8700","0"
"","Global","FUN_00953b50","00953b50","","Global","FUN_00ac8750","00ac8750","0"
"","Global","FUN_00953bb0","00953bb0","","Global","FUN_00ac87b0","00ac87b0","0"
"","Global","FUN_00953ca0","00953ca0","","Global","FUN_00ac88a0","00ac88a0","0"
"","Global","FUN_00953cf0","00953cf0","","Global","FUN_00ac88f0","00ac88f0","0"
"","Global","FUN_00953d40","00953d40","","Global","FUN_00ac8940","00ac8940","0"
"","Global","FUN_00953d90","00953d90","","Global","FUN_00ac8990","00ac8990","0"
"","Global","FUN_00953ee0","00953ee0","","Global","FUN_00ac8ae0","00ac8ae0","0"
"","Global","FUN_00954050","00954050","","Global","FUN_00ac8c50","00ac8c50","0"
"","Global","FUN_00954080","00954080","","Global","FUN_00ac8c80","00ac8c80","0"
"","Global","FUN_009540f0","009540f0","","Global","FUN_00ac8cf0","00ac8cf0","0"
"","Global","FUN_00954180","00954180","","Global","FUN_00ac8d80","00ac8d80","0"
"","Global","FUN_00954280","00954280","","Global","FUN_00ac8e80","00ac8e80","0"
"","Global","FUN_00954430","00954430","","Global","FUN_00ac9030","00ac9030","0"
"","Global","FUN_00954490","00954490","","Global","FUN_00ac9090","00ac9090","0"
"","Global","FUN_009544e0","009544e0","","Global","FUN_00ac90e0","00ac90e0","0"
"","Global","FUN_00954560","00954560","","Global","FUN_00ac9160","00ac9160","0"
"","Global","FUN_009545a0","009545a0","","Global","FUN_00ac91a0","00ac91a0","0"
"","Global","FUN_009545f0","009545f0","","Global","FUN_00ac91f0","00ac91f0","0"
"","Global","FUN_00954630","00954630","","Global","FUN_00ac9230","00ac9230","0"
"","Global","FUN_00954670","00954670","","Global","FUN_00ac9270","00ac9270","0"
"","Global","FUN_00954730","00954730","","Global","FUN_00ac9330","00ac9330","0"
"","Global","FUN_00954760","00954760","","Global","FUN_00ac9360","00ac9360","0"
"","Global","FUN_009547b0","009547b0","","Global","FUN_00ac93b0","00ac93b0","0"
"","Global","FUN_00954820","00954820","","Global","FUN_00ac9420","00ac9420","0"
"","Global","FUN_00954890","00954890","","Global","FUN_00ac9490","00ac9490","0"
"","Global","FUN_00954920","00954920","","Global","FUN_00ac9520","00ac9520","0"
"","Global","FUN_00954a00","00954a00","","Global","FUN_00ac9600","00ac9600","0"
"","Global","FUN_00954a60","00954a60","","Global","FUN_00ac9660","00ac9660","0"
"","Global","FUN_00954ab0","00954ab0","","Global","FUN_00ac96b0","00ac96b0","0"
"","Global","FUN_00954b40","00954b40","","Global","FUN_00ac9740","00ac9740","0"
"","Global","FUN_00954be0","00954be0","","Global","FUN_00ac97e0","00ac97e0","0"
"","Global","FUN_00954ca0","00954ca0","","Global","FUN_00ac98a0","00ac98a0","0"
"","Global","FUN_00954cd0","00954cd0","","Global","FUN_00ac98d0","00ac98d0","0"
"","Global","FUN_00954cf0","00954cf0","","Global","FUN_00ac98f0","00ac98f0","0"
"","Global","FUN_00954d50","00954d50","","Global","FUN_00ac9950","00ac9950","0"
"","Global","FUN_00954de0","00954de0","","Global","FUN_00ac99e0","00ac99e0","0"
"","Global","FUN_00954e30","00954e30","","Global","FUN_00ac9a30","00ac9a30","0"
"","Global","FUN_00954e60","00954e60","","Global","FUN_00ac9a60","00ac9a60","0"
"","Global","FUN_00954ec0","00954ec0","","Global","FUN_00ac9ac0","00ac9ac0","0"
"","Global","FUN_00954f50","00954f50","","Global","FUN_00ac9b50","00ac9b50","0"
"","Global","FUN_00954fc0","00954fc0","","Global","FUN_00ac9bc0","00ac9bc0","0"
"","Global","FUN_00955070","00955070","","Global","FUN_00ac9c70","00ac9c70","0"
"","Global","FUN_00955100","00955100","","Global","FUN_00ac9d00","00ac9d00","0"
"","Global","FUN_00955260","00955260","","Global","FUN_00ac9e60","00ac9e60","0"
"","Global","FUN_009552e0","009552e0","","Global","FUN_00ac9ee0","00ac9ee0","0"
"","Global","FUN_00955390","00955390","","Global","FUN_00ac9f90","00ac9f90","0"
"","Global","FUN_009553f0","009553f0","","Global","FUN_00ac9ff0","00ac9ff0","0"
"","Global","FUN_00955450","00955450","","Global","FUN_00aca050","00aca050","0"
"","Global","FUN_00955890","00955890","","Global","FUN_00aca490","00aca490","0"
"","Global","FUN_009558b0","009558b0","","Global","FUN_00aca4b0","00aca4b0","0"
"","Global","FUN_00955930","00955930","","Global","FUN_00aca530","00aca530","0"
"","Global","FUN_00955960","00955960","","Global","FUN_00aca560","00aca560","0"
"","Global","FUN_00955a80","00955a80","","Global","FUN_00aca680","00aca680","0"
"","Global","FUN_00955ab0","00955ab0","","Global","FUN_00aca6b0","00aca6b0","0"
"","Global","FUN_00955bd0","00955bd0","","Global","FUN_00aca7d0","00aca7d0","0"
"","Global","FUN_00955bf0","00955bf0","","Global","FUN_00aca7f0","00aca7f0","0"
"","Global","FUN_00955c10","00955c10","","Global","FUN_00aca810","00aca810","0"
"","Global","FUN_00955c40","00955c40","","Global","FUN_00aca840","00aca840","0"
"","Global","FUN_00955f20","00955f20","","Global","FUN_00acab20","00acab20","0"
"","Global","FUN_00955fb0","00955fb0","","Global","FUN_00acabb0","00acabb0","0"
"","Global","FUN_00956110","00956110","","Global","FUN_00acad10","00acad10","0"
"","Global","FUN_00956160","00956160","","Global","FUN_00acad60","00acad60","0"
"","Global","FUN_009561e0","009561e0","","Global","FUN_00acade0","00acade0","0"
"","Global","FUN_00956220","00956220","","Global","FUN_00acae20","00acae20","0"
"","Global","FUN_00956250","00956250","","Global","FUN_00acae50","00acae50","0"
"","Global","FUN_009562a0","009562a0","","Global","FUN_00acaea0","00acaea0","0"
"","Global","FUN_00956330","00956330","","Global","FUN_00acaf30","00acaf30","0"
"","Global","FUN_009563c0","009563c0","","Global","FUN_00acafc0","00acafc0","0"
"","Global","FUN_00956540","00956540","","Global","FUN_00acb140","00acb140","0"
"","Global","FUN_00956620","00956620","","Global","FUN_00acb220","00acb220","0"
"","Global","FUN_00956650","00956650","","Global","FUN_00acb250","00acb250","0"
"","Global","FUN_00956670","00956670","","Global","FUN_00acb270","00acb270","0"
"","Global","FUN_00956720","00956720","","Global","FUN_00acb320","00acb320","0"
"","Global","FUN_00956830","00956830","","Global","FUN_00acb430","00acb430","0"
"","Global","FUN_00956870","00956870","","Global","FUN_00acb470","00acb470","0"
"","Global","FUN_00956900","00956900","","Global","FUN_00acb500","00acb500","0"
"","Global","FUN_00956a50","00956a50","","Global","FUN_00acb650","00acb650","0"
"","Global","FUN_00956c10","00956c10","","Global","FUN_00acb810","00acb810","0"
"","Global","FUN_00956c80","00956c80","","Global","FUN_00acb880","00acb880","0"
"","Global","FUN_00956cb0","00956cb0","","Global","FUN_00acb8b0","00acb8b0","0"
"","Global","FUN_00956d10","00956d10","","Global","FUN_00acb910","00acb910","0"
"","Global","FUN_00956d40","00956d40","","Global","FUN_00acb940","00acb940","0"
"","Global","FUN_00956d70","00956d70","","Global","FUN_00acb970","00acb970","0"
"","Global","FUN_00956df0","00956df0","","Global","FUN_00acb9f0","00acb9f0","0"
"","Global","FUN_00956e40","00956e40","","Global","FUN_00acba40","00acba40","0"
"","Global","FUN_00956e70","00956e70","","Global","FUN_00acba70","00acba70","0"
"","Global","FUN_00956f50","00956f50","","Global","FUN_00acbb50","00acbb50","0"
"","Global","FUN_00957000","00957000","","Global","FUN_00acbc00","00acbc00","0"
"","Global","FUN_00957070","00957070","","Global","FUN_00acbc70","00acbc70","0"
"","Global","FUN_009570c0","009570c0","","Global","FUN_00acbcc0","00acbcc0","0"
"","Global","FUN_00957100","00957100","","Global","FUN_00acbd00","00acbd00","0"
"","Global","FUN_00957150","00957150","","Global","FUN_00acbd50","00acbd50","0"
"","Global","FUN_00957170","00957170","","Global","FUN_00acbd70","00acbd70","0"
"","Global","FUN_009571d0","009571d0","","Global","FUN_00acbdd0","00acbdd0","0"
"","Global","FUN_00957220","00957220","","Global","FUN_00acbe20","00acbe20","0"
"","Global","FUN_00957270","00957270","","Global","FUN_00acbe70","00acbe70","0"
"","Global","FUN_00957300","00957300","","Global","FUN_00acbf00","00acbf00","0"
"","Global","FUN_00957420","00957420","","Global","FUN_00acc020","00acc020","0"
"","Global","FUN_00957450","00957450","","Global","FUN_00acc050","00acc050","0"
"","Global","FUN_009574a0","009574a0","","Global","FUN_00acc0a0","00acc0a0","0"
"","Global","FUN_00957530","00957530","","Global","FUN_00acc130","00acc130","0"
"","Global","FUN_009575a0","009575a0","","Global","FUN_00acc1a0","00acc1a0","0"
"","Global","FUN_00957650","00957650","","Global","FUN_00acc250","00acc250","0"
"","Global","FUN_009576e0","009576e0","","Global","FUN_00acc2e0","00acc2e0","0"
"","Global","FUN_00957790","00957790","","Global","FUN_00acc390","00acc390","0"
"","Global","FUN_00957960","00957960","","Global","FUN_00acc560","00acc560","0"
"","Global","FUN_00957a40","00957a40","","Global","FUN_00acc640","00acc640","0"
"","Global","FUN_00957ac0","00957ac0","","Global","FUN_00acc6c0","00acc6c0","0"
"","Global","FUN_00957ba0","00957ba0","","Global","FUN_00acc7a0","00acc7a0","0"
"","Global","FUN_00957c00","00957c00","","Global","FUN_00acc800","00acc800","0"
"","Global","FUN_00957c80","00957c80","","Global","FUN_00acc880","00acc880","0"
"","Global","FUN_00957d30","00957d30","","Global","FUN_00acc930","00acc930","0"
"","Global","FUN_00957db0","00957db0","","Global","FUN_00acc9b0","00acc9b0","0"
"","Global","FUN_00957e20","00957e20","","Global","FUN_00acca20","00acca20","0"
"","Global","FUN_00957f00","00957f00","","Global","FUN_00accb00","00accb00","0"
"","Global","FUN_00957f50","00957f50","","Global","FUN_00accb50","00accb50","0"
"","Global","FUN_00957fd0","00957fd0","","Global","FUN_00accbd0","00accbd0","0"
"","Global","FUN_00958000","00958000","","Global","FUN_00accc00","00accc00","0"
"","Global","FUN_009580d0","009580d0","","Global","FUN_00acccd0","00acccd0","0"
"","Global","FUN_00958150","00958150","","Global","FUN_00accd50","00accd50","0"
"","Global","FUN_009581f0","009581f0","","Global","FUN_00accdf0","00accdf0","0"
"","Global","FUN_00958260","00958260","","Global","FUN_00acce60","00acce60","0"
"","Global","FUN_009582f0","009582f0","","Global","FUN_00accef0","00accef0","0"
"","Global","FUN_00958330","00958330","","Global","FUN_00accf30","00accf30","0"
"","Global","FUN_00958380","00958380","","Global","FUN_00accf80","00accf80","0"
"","Global","FUN_009583b0","009583b0","","Global","FUN_00accfb0","00accfb0","0"
"","Global","FUN_00958400","00958400","","Global","FUN_00acd000","00acd000","0"
"","Global","FUN_009584a0","009584a0","","Global","FUN_00acd0a0","00acd0a0","0"
"","Global","FUN_009584f0","009584f0","","Global","FUN_00acd0f0","00acd0f0","0"
"","Global","FUN_00958540","00958540","","Global","FUN_00acd140","00acd140","0"
"","Global","FUN_009586a0","009586a0","","Global","FUN_00acd2a0","00acd2a0","0"
"","Global","FUN_00958720","00958720","","Global","FUN_00acd320","00acd320","0"
"","Global","FUN_00958760","00958760","","Global","FUN_00acd360","00acd360","0"
"","Global","FUN_009587a0","009587a0","","Global","FUN_00acd3a0","00acd3a0","0"
"","Global","FUN_009587d0","009587d0","","Global","FUN_00acd3d0","00acd3d0","0"
"","Global","FUN_00958850","00958850","","Global","FUN_00acd450","00acd450","0"
"","Global","FUN_00958890","00958890","","Global","FUN_00acd490","00acd490","0"
"","Global","FUN_009589b0","009589b0","","Global","FUN_00acd5b0","00acd5b0","0"
"","Global","FUN_00958a30","00958a30","","Global","FUN_00acd630","00acd630","0"
"","Global","FUN_00958a60","00958a60","","Global","FUN_00acd660","00acd660","0"
"","Global","FUN_00958ad0","00958ad0","","Global","FUN_00acd6d0","00acd6d0","0"
"","Global","FUN_00958b20","00958b20","","Global","FUN_00acd720","00acd720","0"
"","Global","FUN_00958be0","00958be0","","Global","FUN_00acd7e0","00acd7e0","0"
"","Global","FUN_00958c10","00958c10","","Global","FUN_00acd810","00acd810","0"
"","Global","FUN_00958c90","00958c90","","Global","FUN_00acd890","00acd890","0"
"","Global","FUN_00958cf0","00958cf0","","Global","FUN_00acd8f0","00acd8f0","0"
"","Global","FUN_00958dc0","00958dc0","","Global","FUN_00acd9c0","00acd9c0","0"
"","Global","FUN_00958e30","00958e30","","Global","FUN_00acda30","00acda30","0"
"","Global","FUN_00958e90","00958e90","","Global","FUN_00acda90","00acda90","0"
"","Global","FUN_00958ed0","00958ed0","","Global","FUN_00acdad0","00acdad0","0"
"","Global","FUN_00958f20","00958f20","","Global","FUN_00acdb20","00acdb20","0"
"","Global","FUN_00959060","00959060","","Global","FUN_00acdc60","00acdc60","0"
"","Global","FUN_00959140","00959140","","Global","FUN_00acdd40","00acdd40","0"
"","Global","FUN_009592d0","009592d0","","Global","FUN_00acded0","00acded0","0"
"","Global","FUN_00959310","00959310","","Global","FUN_00acdf10","00acdf10","0"
"","Global","FUN_00959330","00959330","","Global","FUN_00acdf30","00acdf30","0"
"","Global","FUN_00959390","00959390","","Global","FUN_00acdf90","00acdf90","0"
"","Global","FUN_00959490","00959490","","Global","FUN_00ace090","00ace090","0"
"","Global","FUN_00959510","00959510","","Global","FUN_00ace110","00ace110","0"
"","Global","FUN_009595b0","009595b0","","Global","FUN_00ace1b0","00ace1b0","0"
"","Global","FUN_009596e0","009596e0","","Global","FUN_00ace2e0","00ace2e0","0"
"","Global","FUN_00959740","00959740","","Global","FUN_00ace340","00ace340","0"
"","Global","FUN_00959810","00959810","","Global","FUN_00ace410","00ace410","0"
"","Global","FUN_00959aa0","00959aa0","","Global","FUN_00ace6a0","00ace6a0","0"
"","Global","FUN_00959ad0","00959ad0","","Global","FUN_00ace6d0","00ace6d0","0"
"","Global","FUN_00959b00","00959b00","","Global","FUN_00ace700","00ace700","0"
"","Global","FUN_00959c20","00959c20","","Global","FUN_00ace820","00ace820","0"
"","Global","FUN_00959e40","00959e40","","Global","FUN_00acea40","00acea40","0"
"","Global","FUN_00959f60","00959f60","","Global","FUN_00aceb60","00aceb60","0"
"","Global","FUN_0095a010","0095a010","","Global","FUN_00acec10","00acec10","0"
"","Global","FUN_0095a090","0095a090","","Global","FUN_00acec90","00acec90","0"
"","Global","FUN_0095a130","0095a130","","Global","FUN_00aced30","00aced30","0"
"","Global","FUN_0095a180","0095a180","","Global","FUN_00aced80","00aced80","0"
"","Global","FUN_0095a200","0095a200","","Global","FUN_00acee00","00acee00","0"
"","Global","FUN_0095a2d0","0095a2d0","","Global","FUN_00aceed0","00aceed0","0"
"","Global","FUN_0095a3b0","0095a3b0","","Global","FUN_00acefb0","00acefb0","0"
"","Global","FUN_0095a400","0095a400","","Global","FUN_00acf000","00acf000","0"
"","Global","FUN_0095a4a0","0095a4a0","","Global","FUN_00acf0a0","00acf0a0","0"
"","Global","FUN_0095a510","0095a510","","Global","FUN_00acf110","00acf110","0"
"","Global","FUN_0095a590","0095a590","","Global","FUN_00acf190","00acf190","0"
"","Global","FUN_0095a680","0095a680","","Global","FUN_00acf280","00acf280","0"
"","Global","FUN_0095a910","0095a910","","Global","FUN_00acf510","00acf510","0"
"","Global","FUN_0095aa10","0095aa10","","Global","FUN_00acf610","00acf610","0"
"","Global","FUN_0095bb20","0095bb20","","Global","FUN_00ad0720","00ad0720","0"
"","Global","FUN_0095bcb0","0095bcb0","","Global","FUN_00ad08b0","00ad08b0","0"
"","Global","FUN_0095be00","0095be00","","Global","FUN_00ad0a00","00ad0a00","0"
"","Global","FUN_0095bee0","0095bee0","","Global","FUN_00ad0ae0","00ad0ae0","0"
"","Global","FUN_0095bf80","0095bf80","","Global","FUN_00ad0b80","00ad0b80","0"
"","Global","FUN_0095c0e0","0095c0e0","","Global","FUN_00ad0ce0","00ad0ce0","0"
"","Global","FUN_0095c270","0095c270","","Global","FUN_00ad0e70","00ad0e70","0"
"","Global","FUN_0095c2c0","0095c2c0","","Global","FUN_00ad0ec0","00ad0ec0","0"
"","Global","FUN_0095c340","0095c340","","Global","FUN_00ad0f40","00ad0f40","0"
"","Global","FUN_0095c3e0","0095c3e0","","Global","FUN_00ad0fe0","00ad0fe0","0"
"","Global","FUN_0095c4c0","0095c4c0","","Global","FUN_00ad10c0","00ad10c0","0"
"","Global","FUN_0095c4f0","0095c4f0","","Global","FUN_00ad10f0","00ad10f0","0"
"","Global","FUN_0095c550","0095c550","","Global","FUN_00ad1150","00ad1150","0"
"","Global","FUN_0095c5a0","0095c5a0","","Global","FUN_00ad11a0","00ad11a0","0"
"","Global","FUN_0095c620","0095c620","","Global","FUN_00ad1220","00ad1220","0"
"","Global","FUN_0095c690","0095c690","","Global","FUN_00ad1290","00ad1290","0"
"","Global","FUN_0095c6b0","0095c6b0","","Global","FUN_00ad12b0","00ad12b0","0"
"","Global","FUN_0095c6e0","0095c6e0","","Global","FUN_00ad12e0","00ad12e0","0"
"","Global","FUN_0095c750","0095c750","","Global","FUN_00ad1350","00ad1350","0"
"","Global","FUN_0095c800","0095c800","","Global","FUN_00ad1400","00ad1400","0"
"","Global","FUN_0095c8a0","0095c8a0","","Global","FUN_00ad14a0","00ad14a0","0"
"","Global","FUN_0095c940","0095c940","","Global","FUN_00ad1540","00ad1540","0"
"","Global","FUN_0095cf70","0095cf70","","Global","FUN_00ad1b70","00ad1b70","0"
"","Global","FUN_0095cfb0","0095cfb0","","Global","FUN_00ad1bb0","00ad1bb0","0"
"","Global","FUN_0095cfd0","0095cfd0","","Global","FUN_00ad1bd0","00ad1bd0","0"
"","Global","FUN_0095d050","0095d050","","Global","FUN_00ad1c50","00ad1c50","0"
"","Global","FUN_0095d090","0095d090","","Global","FUN_00ad1c90","00ad1c90","0"
"","Global","FUN_0095d110","0095d110","","Global","FUN_00ad1d10","00ad1d10","0"
"","Global","FUN_0095d130","0095d130","","Global","FUN_00ad1d30","00ad1d30","0"
"","Global","FUN_0095d460","0095d460","","Global","FUN_00ad2060","00ad2060","0"
"","Global","FUN_0095db40","0095db40","","Global","FUN_00ad2740","00ad2740","0"
"","Global","FUN_0095dbe0","0095dbe0","","Global","FUN_00ad27e0","00ad27e0","0"
"","Global","FUN_0095dc80","0095dc80","","Global","FUN_00ad2880","00ad2880","0"
"","Global","FUN_0095dcf0","0095dcf0","","Global","FUN_00ad28f0","00ad28f0","0"
"","Global","FUN_0095de00","0095de00","","Global","FUN_00ad2a00","00ad2a00","0"
"","Global","FUN_0095de90","0095de90","","Global","FUN_00ad2a90","00ad2a90","0"
"","Global","FUN_0095ded0","0095ded0","","Global","FUN_00ad2ad0","00ad2ad0","0"
"","Global","FUN_0095df10","0095df10","","Global","FUN_00ad2b10","00ad2b10","0"
"","Global","FUN_0095e020","0095e020","","Global","FUN_00ad2c20","00ad2c20","0"
"","Global","FUN_0095e0b0","0095e0b0","","Global","FUN_00ad2cb0","00ad2cb0","0"
"","Global","FUN_0095e100","0095e100","","Global","FUN_00ad2d00","00ad2d00","0"
"","Global","FUN_0095e200","0095e200","","Global","FUN_00ad2e00","00ad2e00","0"
"","Global","FUN_0095e280","0095e280","","Global","FUN_00ad2e80","00ad2e80","0"
"","Global","FUN_0095e2e0","0095e2e0","","Global","FUN_00ad2ee0","00ad2ee0","0"
"","Global","FUN_0095e330","0095e330","","Global","FUN_00ad2f30","00ad2f30","0"
"","Global","FUN_0095e3a0","0095e3a0","","Global","FUN_00ad2fa0","00ad2fa0","0"
"","Global","FUN_0095e3f0","0095e3f0","","Global","FUN_00ad2ff0","00ad2ff0","0"
"","Global","FUN_0095e460","0095e460","","Global","FUN_00ad3060","00ad3060","0"
"","Global","FUN_0095e4b0","0095e4b0","","Global","FUN_00ad30b0","00ad30b0","0"
"","Global","FUN_0095e590","0095e590","","Global","FUN_00ad3190","00ad3190","0"
"","Global","FUN_0095e610","0095e610","","Global","FUN_00ad3210","00ad3210","0"
"","Global","FUN_0095e6b0","0095e6b0","","Global","FUN_00ad32b0","00ad32b0","0"
"","Global","FUN_0095e6e0","0095e6e0","","Global","FUN_00ad32e0","00ad32e0","0"
"","Global","FUN_0095e760","0095e760","","Global","FUN_00ad3360","00ad3360","0"
"","Global","FUN_0095e7b0","0095e7b0","","Global","FUN_00ad33b0","00ad33b0","0"
"","Global","FUN_0095e820","0095e820","","Global","FUN_00ad3420","00ad3420","0"
"","Global","FUN_0095e8b0","0095e8b0","","Global","FUN_00ad34b0","00ad34b0","0"
"","Global","FUN_0095eb30","0095eb30","","Global","FUN_00ad3730","00ad3730","0"
"","Global","FUN_0095ebf0","0095ebf0","","Global","FUN_00ad37f0","00ad37f0","0"
"","Global","FUN_0095ec40","0095ec40","","Global","FUN_00ad3840","00ad3840","0"
"","Global","FUN_0095ec80","0095ec80","","Global","FUN_00ad3880","00ad3880","0"
"","Global","FUN_0095ecc0","0095ecc0","","Global","FUN_00ad38c0","00ad38c0","0"
"","Global","FUN_0095ecf0","0095ecf0","","Global","FUN_00ad38f0","00ad38f0","0"
"","Global","FUN_0095ee00","0095ee00","","Global","FUN_00ad3a00","00ad3a00","0"
"","Global","FUN_0095ef60","0095ef60","","Global","FUN_00ad3b60","00ad3b60","0"
"","Global","FUN_0095efa0","0095efa0","","Global","FUN_00ad3ba0","00ad3ba0","0"
"","Global","FUN_0095efd0","0095efd0","","Global","FUN_00ad3bd0","00ad3bd0","0"
"","Global","FUN_0095f040","0095f040","","Global","FUN_00ad3c40","00ad3c40","0"
"","Global","FUN_0095f0e0","0095f0e0","","Global","FUN_00ad3ce0","00ad3ce0","0"
"","Global","FUN_0095f160","0095f160","","Global","FUN_00ad3d60","00ad3d60","0"
"","Global","FUN_0095f260","0095f260","","Global","FUN_00ad3e60","00ad3e60","0"
"","Global","FUN_0095f2b0","0095f2b0","","Global","FUN_00ad3eb0","00ad3eb0","0"
"","Global","FUN_0095f2f0","0095f2f0","","Global","FUN_00ad3ef0","00ad3ef0","0"
"","Global","FUN_0095f330","0095f330","","Global","FUN_00ad3f30","00ad3f30","0"
"","Global","FUN_0095f380","0095f380","","Global","FUN_00ad3f80","00ad3f80","0"
"","Global","FUN_0095f3b0","0095f3b0","","Global","FUN_00ad3fb0","00ad3fb0","0"
"","Global","FUN_0095f3f0","0095f3f0","","Global","FUN_00ad3ff0","00ad3ff0","0"
"","Global","FUN_0095f460","0095f460","","Global","FUN_00ad4060","00ad4060","0"
"","Global","FUN_0095f490","0095f490","","Global","FUN_00ad4090","00ad4090","0"
"","Global","FUN_0095f4c0","0095f4c0","","Global","FUN_00ad40c0","00ad40c0","0"
"","Global","FUN_0095f760","0095f760","","Global","FUN_00ad4360","00ad4360","0"
"","Global","FUN_0095f9c0","0095f9c0","","Global","FUN_00ad45c0","00ad45c0","0"
"","Global","FUN_0095fa20","0095fa20","","Global","FUN_00ad4620","00ad4620","0"
"","Global","FUN_0095fa70","0095fa70","","Global","FUN_00ad4670","00ad4670","0"
"","Global","FUN_0095fae0","0095fae0","","Global","FUN_00ad46e0","00ad46e0","0"
"","Global","FUN_0095fb80","0095fb80","","Global","FUN_00ad4780","00ad4780","0"
"","Global","FUN_0095fba0","0095fba0","","Global","FUN_00ad47a0","00ad47a0","0"
"","Global","FUN_0095fc00","0095fc00","","Global","FUN_00ad4800","00ad4800","0"
"","Global","FUN_0095fcc0","0095fcc0","","Global","FUN_00ad48c0","00ad48c0","0"
"","Global","FUN_0095fd20","0095fd20","","Global","FUN_00ad4920","00ad4920","0"
"","Global","FUN_0095fe80","0095fe80","","Global","FUN_00ad4a80","00ad4a80","0"
"","Global","FUN_0095ff80","0095ff80","","Global","FUN_00ad4b80","00ad4b80","0"
"","Global","FUN_009600f0","009600f0","","Global","FUN_00ad4cf0","00ad4cf0","0"
"","Global","FUN_009601b0","009601b0","","Global","FUN_00ad4db0","00ad4db0","0"
"","Global","FUN_009601e0","009601e0","","Global","FUN_00ad4de0","00ad4de0","0"
"","Global","FUN_00960230","00960230","","Global","FUN_00ad4e30","00ad4e30","0"
"","Global","FUN_00960270","00960270","","Global","FUN_00ad4e70","00ad4e70","0"
"","Global","FUN_009602e0","009602e0","","Global","FUN_00ad4ee0","00ad4ee0","0"
"","Global","FUN_009605e0","009605e0","","Global","FUN_00ad51e0","00ad51e0","0"
"","Global","FUN_00960700","00960700","","Global","FUN_00ad5300","00ad5300","0"
"","Global","FUN_009607e0","009607e0","","Global","FUN_00ad53e0","00ad53e0","0"
"","Global","FUN_00960830","00960830","","Global","FUN_00ad5430","00ad5430","0"
"","Global","FUN_00960890","00960890","","Global","FUN_00ad5490","00ad5490","0"
"","Global","FUN_00960920","00960920","","Global","FUN_00ad5520","00ad5520","0"
"","Global","FUN_00960a30","00960a30","","Global","FUN_00ad5630","00ad5630","0"
"","Global","FUN_00960aa0","00960aa0","","Global","FUN_00ad56a0","00ad56a0","0"
"","Global","FUN_00960b20","00960b20","","Global","FUN_00ad5720","00ad5720","0"
"","Global","FUN_00960b60","00960b60","","Global","FUN_00ad5760","00ad5760","0"
"","Global","FUN_00960c20","00960c20","","Global","FUN_00ad5820","00ad5820","0"
"","Global","FUN_00960cd0","00960cd0","","Global","FUN_00ad58d0","00ad58d0","0"
"","Global","FUN_00960d20","00960d20","","Global","FUN_00ad5920","00ad5920","0"
"","Global","FUN_00960d60","00960d60","","Global","FUN_00ad5960","00ad5960","0"
"","Global","FUN_00960dd0","00960dd0","","Global","FUN_00ad59d0","00ad59d0","0"
"","Global","FUN_00960e50","00960e50","","Global","FUN_00ad5a50","00ad5a50","0"
"","Global","FUN_00960f20","00960f20","","Global","FUN_00ad5b20","00ad5b20","0"
"","Global","FUN_00960ff0","00960ff0","","Global","FUN_00ad5bf0","00ad5bf0","0"
"","Global","FUN_00961100","00961100","","Global","FUN_00ad5d00","00ad5d00","0"
"","Global","FUN_00961160","00961160","","Global","FUN_00ad5d60","00ad5d60","0"
"","Global","FUN_00961230","00961230","","Global","FUN_00ad5e30","00ad5e30","0"
"","Global","FUN_00961290","00961290","","Global","FUN_00ad5e90","00ad5e90","0"
"","Global","FUN_009612f0","009612f0","","Global","FUN_00ad5ef0","00ad5ef0","0"
"","Global","FUN_00961350","00961350","","Global","FUN_00ad5f50","00ad5f50","0"
"","Global","FUN_00961470","00961470","","Global","FUN_00ad6070","00ad6070","0"
"","Global","FUN_009614c0","009614c0","","Global","FUN_00ad60c0","00ad60c0","0"
"","Global","FUN_00961520","00961520","","Global","FUN_00ad6120","00ad6120","0"
"","Global","FUN_00961560","00961560","","Global","FUN_00ad6160","00ad6160","0"
"","Global","FUN_00961590","00961590","","Global","FUN_00ad6190","00ad6190","0"
"","Global","FUN_00961650","00961650","","Global","FUN_00ad6250","00ad6250","0"
"","Global","FUN_00961690","00961690","","Global","FUN_00ad6290","00ad6290","0"
"","Global","FUN_00961710","00961710","","Global","FUN_00ad6310","00ad6310","0"
"","Global","FUN_00961850","00961850","","Global","FUN_00ad6450","00ad6450","0"
"","Global","FUN_00961890","00961890","","Global","FUN_00ad6490","00ad6490","0"
"","Global","FUN_00961920","00961920","","Global","FUN_00ad6520","00ad6520","0"
"","Global","FUN_00961980","00961980","","Global","FUN_00ad6580","00ad6580","0"
"","Global","FUN_009619b0","009619b0","","Global","FUN_00ad65b0","00ad65b0","0"
"","Global","FUN_00961b10","00961b10","","Global","FUN_00ad6710","00ad6710","0"
"","Global","FUN_00961bc0","00961bc0","","Global","FUN_00ad67c0","00ad67c0","0"
"","Global","FUN_00961c70","00961c70","","Global","FUN_00ad6870","00ad6870","0"
"","Global","FUN_00961d10","00961d10","","Global","FUN_00ad6910","00ad6910","0"
"","Global","FUN_00961d90","00961d90","","Global","FUN_00ad6990","00ad6990","0"
"","Global","FUN_00961dd0","00961dd0","","Global","FUN_00ad69d0","00ad69d0","0"
"","Global","FUN_00961e00","00961e00","","Global","FUN_00ad6a00","00ad6a00","0"
"","Global","FUN_00961f70","00961f70","","Global","FUN_00ad6b70","00ad6b70","0"
"","Global","FUN_00961fd0","00961fd0","","Global","FUN_00ad6bd0","00ad6bd0","0"
"","Global","FUN_00962030","00962030","","Global","FUN_00ad6c30","00ad6c30","0"
"","Global","FUN_00962190","00962190","","Global","FUN_00ad6d90","00ad6d90","0"
"","Global","FUN_009621d0","009621d0","","Global","FUN_00ad6dd0","00ad6dd0","0"
"","Global","FUN_009621f0","009621f0","","Global","FUN_00ad6df0","00ad6df0","0"
"","Global","FUN_00962280","00962280","","Global","FUN_00ad6e80","00ad6e80","0"
"","Global","FUN_009622e0","009622e0","","Global","FUN_00ad6ee0","00ad6ee0","0"
"","Global","FUN_00962300","00962300","","Global","FUN_00ad6f00","00ad6f00","0"
"","Global","FUN_00962350","00962350","","Global","FUN_00ad6f50","00ad6f50","0"
"","Global","FUN_00962380","00962380","","Global","FUN_00ad6f80","00ad6f80","0"
"","Global","FUN_00962400","00962400","","Global","FUN_00ad7000","00ad7000","0"
"","Global","FUN_009625e0","009625e0","","Global","FUN_00ad71e0","00ad71e0","0"
"","Global","FUN_009626c0","009626c0","","Global","FUN_00ad72c0","00ad72c0","0"
"","Global","FUN_00962710","00962710","","Global","FUN_00ad7310","00ad7310","0"
"","Global","FUN_00962760","00962760","","Global","FUN_00ad7360","00ad7360","0"
"","Global","FUN_00962790","00962790","","Global","FUN_00ad7390","00ad7390","0"
"","Global","FUN_009627f0","009627f0","","Global","FUN_00ad73f0","00ad73f0","0"
"","Global","FUN_00962a10","00962a10","","Global","FUN_00ad7610","00ad7610","0"
"","Global","FUN_00962a50","00962a50","","Global","FUN_00ad7650","00ad7650","0"
"","Global","FUN_00962a80","00962a80","","Global","FUN_00ad7680","00ad7680","0"
"","Global","FUN_00962ab0","00962ab0","","Global","FUN_00ad76b0","00ad76b0","0"
"","Global","FUN_00962b00","00962b00","","Global","FUN_00ad7700","00ad7700","0"
"","Global","FUN_00962b50","00962b50","","Global","FUN_00ad7750","00ad7750","0"
"","Global","FUN_00962bc0","00962bc0","","Global","FUN_00ad77c0","00ad77c0","0"
"","Global","FUN_00962c60","00962c60","","Global","FUN_00ad7860","00ad7860","0"
"","Global","FUN_00962ce0","00962ce0","","Global","FUN_00ad78e0","00ad78e0","0"
"","Global","FUN_00962d70","00962d70","","Global","FUN_00ad7970","00ad7970","0"
"","Global","FUN_00962e90","00962e90","","Global","FUN_00ad7a90","00ad7a90","0"
"","Global","FUN_00963000","00963000","","Global","FUN_00ad7c00","00ad7c00","0"
"","Global","FUN_009631a0","009631a0","","Global","FUN_00ad7da0","00ad7da0","0"
"","Global","FUN_00963330","00963330","","Global","FUN_00ad7f30","00ad7f30","0"
"","Global","FUN_00963480","00963480","","Global","FUN_00ad8080","00ad8080","0"
"","Global","FUN_009635a0","009635a0","","Global","FUN_00ad81a0","00ad81a0","0"
"","Global","FUN_00963720","00963720","","Global","FUN_00ad8320","00ad8320","0"
"","Global","FUN_009637f0","009637f0","","Global","FUN_00ad83f0","00ad83f0","0"
"","Global","FUN_00963850","00963850","","Global","FUN_00ad8450","00ad8450","0"
"","Global","FUN_00963a20","00963a20","","Global","FUN_00ad8620","00ad8620","0"
"","Global","FUN_00963a50","00963a50","","Global","FUN_00ad8650","00ad8650","0"
"","Global","FUN_00963a80","00963a80","","Global","FUN_00ad8680","00ad8680","0"
"","Global","FUN_00963b00","00963b00","","Global","FUN_00ad8700","00ad8700","0"
"","Global","FUN_00963c10","00963c10","","Global","FUN_00ad8810","00ad8810","0"
"","Global","FUN_00963d20","00963d20","","Global","FUN_00ad8920","00ad8920","0"
"","Global","FUN_00963d90","00963d90","","Global","FUN_00ad8990","00ad8990","0"
"","Global","FUN_00963e60","00963e60","","Global","FUN_00ad8a60","00ad8a60","0"
"","Global","FUN_00963ea0","00963ea0","","Global","FUN_00ad8aa0","00ad8aa0","0"
"","Global","FUN_00963f50","00963f50","","Global","FUN_00ad8b50","00ad8b50","0"
"","Global","FUN_00964070","00964070","","Global","FUN_00ad8c70","00ad8c70","0"
"","Global","FUN_00964120","00964120","","Global","FUN_00ad8d20","00ad8d20","0"
"","Global","FUN_009641a0","009641a0","","Global","FUN_00ad8da0","00ad8da0","0"
"","Global","FUN_009641d0","009641d0","","Global","FUN_00ad8dd0","00ad8dd0","0"
"","Global","FUN_00964300","00964300","","Global","FUN_00ad8f00","00ad8f00","0"
"","Global","FUN_00964380","00964380","","Global","FUN_00ad8f80","00ad8f80","0"
"","Global","FUN_009643a0","009643a0","","Global","FUN_00ad8fa0","00ad8fa0","0"
"","Global","FUN_00964410","00964410","","Global","FUN_00ad9010","00ad9010","0"
"","Global","FUN_009644e0","009644e0","","Global","FUN_00ad90e0","00ad90e0","0"
"","Global","FUN_009645c0","009645c0","","Global","FUN_00ad91c0","00ad91c0","0"
"","Global","FUN_00964660","00964660","","Global","FUN_00ad9260","00ad9260","0"
"","Global","FUN_00964710","00964710","","Global","FUN_00ad9310","00ad9310","0"
"","Global","FUN_00964830","00964830","","Global","FUN_00ad9430","00ad9430","0"
"","Global","FUN_009648e0","009648e0","","Global","FUN_00ad94e0","00ad94e0","0"
"","Global","FUN_00964940","00964940","","Global","FUN_00ad9540","00ad9540","0"
"","Global","FUN_00964ab0","00964ab0","","Global","FUN_00ad96b0","00ad96b0","0"
"","Global","FUN_00964bc0","00964bc0","","Global","FUN_00ad97c0","00ad97c0","0"
"","Global","FUN_00964c10","00964c10","","Global","FUN_00ad9810","00ad9810","0"
"","Global","FUN_00964c60","00964c60","","Global","FUN_00ad9860","00ad9860","0"
"","Global","FUN_00964c80","00964c80","","Global","FUN_00ad9880","00ad9880","0"
"","Global","FUN_00964ec0","00964ec0","","Global","FUN_00ad9ac0","00ad9ac0","0"
"","Global","FUN_00964f60","00964f60","","Global","FUN_00ad9b60","00ad9b60","0"
"","Global","FUN_00965020","00965020","","Global","FUN_00ad9c20","00ad9c20","0"
"","Global","FUN_009652c0","009652c0","","Global","FUN_00ad9ec0","00ad9ec0","0"
"","Global","FUN_00965310","00965310","","Global","FUN_00ad9f10","00ad9f10","0"
"","Global","FUN_00965340","00965340","","Global","FUN_00ad9f40","00ad9f40","0"
"","Global","FUN_00965470","00965470","","Global","FUN_00ada070","00ada070","0"
"","Global","FUN_009656d0","009656d0","","Global","FUN_00ada2d0","00ada2d0","0"
"","Global","FUN_00965870","00965870","","Global","FUN_00ada470","00ada470","0"
"","Global","FUN_009658a0","009658a0","","Global","FUN_00ada4a0","00ada4a0","0"
"","Global","FUN_009658f0","009658f0","","Global","FUN_00ada4f0","00ada4f0","0"
"","Global","FUN_00965a80","00965a80","","Global","FUN_00ada680","00ada680","0"
"","Global","FUN_00965ad0","00965ad0","","Global","FUN_00ada6d0","00ada6d0","0"
"","Global","FUN_00965b00","00965b00","","Global","FUN_00ada700","00ada700","0"
"","Global","FUN_00965b40","00965b40","","Global","FUN_00ada740","00ada740","0"
"","Global","FUN_009660c0","009660c0","","Global","FUN_00adacc0","00adacc0","0"
"","Global","FUN_009661e0","009661e0","","Global","FUN_00adade0","00adade0","0"
"","Global","FUN_009662e0","009662e0","","Global","FUN_00adaee0","00adaee0","0"
"","Global","FUN_00966320","00966320","","Global","FUN_00adaf20","00adaf20","0"
"","Global","FUN_00966360","00966360","","Global","FUN_00adaf60","00adaf60","0"
"","Global","FUN_009663e0","009663e0","","Global","FUN_00adafe0","00adafe0","0"
"","Global","FUN_009664d0","009664d0","","Global","FUN_00adb0d0","00adb0d0","0"
"","Global","FUN_00966500","00966500","","Global","FUN_00adb100","00adb100","0"
"","Global","FUN_00966530","00966530","","Global","FUN_00adb130","00adb130","0"
"","Global","FUN_00966600","00966600","","Global","FUN_00adb200","00adb200","0"
"","Global","FUN_00966710","00966710","","Global","FUN_00adb310","00adb310","0"
"","Global","FUN_00966740","00966740","","Global","FUN_00adb340","00adb340","0"
"","Global","FUN_00966770","00966770","","Global","FUN_00adb370","00adb370","0"
"","Global","FUN_00966860","00966860","","Global","FUN_00adb460","00adb460","0"
"","Global","FUN_00966930","00966930","","Global","FUN_00adb530","00adb530","0"
"","Global","FUN_00966950","00966950","","Global","FUN_00adb550","00adb550","0"
"","Global","FUN_00966a20","00966a20","","Global","FUN_00adb620","00adb620","0"
"","Global","FUN_00966a80","00966a80","","Global","FUN_00adb680","00adb680","0"
"","Global","FUN_00966b00","00966b00","","Global","FUN_00adb700","00adb700","0"
"","Global","FUN_00966b50","00966b50","","Global","FUN_00adb750","00adb750","0"
"","Global","FUN_00966c80","00966c80","","Global","FUN_00adb880","00adb880","0"
"","Global","FUN_00966cb0","00966cb0","","Global","FUN_00adb8b0","00adb8b0","0"
"","Global","FUN_00966df0","00966df0","","Global","FUN_00adb9f0","00adb9f0","0"
"","Global","FUN_00966e40","00966e40","","Global","FUN_00adba40","00adba40","0"
"","Global","FUN_00966e70","00966e70","","Global","FUN_00adba70","00adba70","0"
"","Global","FUN_00966e90","00966e90","","Global","FUN_00adba90","00adba90","0"
"","Global","FUN_00966ec0","00966ec0","","Global","FUN_00adbac0","00adbac0","0"
"","Global","FUN_00966ef0","00966ef0","","Global","FUN_00adbaf0","00adbaf0","0"
"","Global","FUN_00966f40","00966f40","","Global","FUN_00adbb40","00adbb40","0"
"","Global","FUN_00966f70","00966f70","","Global","FUN_00adbb70","00adbb70","0"
"","Global","FUN_00967060","00967060","","Global","FUN_00adbc60","00adbc60","0"
"","Global","FUN_009670a0","009670a0","","Global","FUN_00adbca0","00adbca0","0"
"","Global","FUN_00967150","00967150","","Global","FUN_00adbd50","00adbd50","0"
"","Global","FUN_00967180","00967180","","Global","FUN_00adbd80","00adbd80","0"
"","Global","FUN_009671a0","009671a0","","Global","FUN_00adbda0","00adbda0","0"
"","Global","FUN_00967200","00967200","","Global","FUN_00adbe00","00adbe00","0"
"","Global","FUN_00967280","00967280","","Global","FUN_00adbe80","00adbe80","0"
"","Global","FUN_00967360","00967360","","Global","FUN_00adbf60","00adbf60","0"
"","Global","FUN_00967470","00967470","","Global","FUN_00adc070","00adc070","0"
"","Global","FUN_009674c0","009674c0","","Global","FUN_00adc0c0","00adc0c0","0"
"","Global","FUN_00967520","00967520","","Global","FUN_00adc120","00adc120","0"
"","Global","FUN_00967590","00967590","","Global","FUN_00adc190","00adc190","0"
"","Global","FUN_00967600","00967600","","Global","FUN_00adc200","00adc200","0"
"","Global","FUN_00967630","00967630","","Global","FUN_00adc230","00adc230","0"
"","Global","FUN_009676a0","009676a0","","Global","FUN_00adc2a0","00adc2a0","0"
"","Global","FUN_00967740","00967740","","Global","FUN_00adc340","00adc340","0"
"","Global","FUN_00967780","00967780","","Global","FUN_00adc380","00adc380","0"
"","Global","FUN_00967820","00967820","","Global","FUN_00adc420","00adc420","0"
"","Global","FUN_00967860","00967860","","Global","FUN_00adc460","00adc460","0"
"","Global","FUN_00967910","00967910","","Global","FUN_00adc510","00adc510","0"
"","Global","FUN_009679c0","009679c0","","Global","FUN_00adc5c0","00adc5c0","0"
"","Global","FUN_00967a20","00967a20","","Global","FUN_00adc620","00adc620","0"
"","Global","FUN_00967a60","00967a60","","Global","FUN_00adc660","00adc660","0"
"","Global","FUN_00967a80","00967a80","","Global","FUN_00adc680","00adc680","0"
"","Global","FUN_00967c00","00967c00","","Global","FUN_00adc800","00adc800","0"
"","Global","FUN_00967cc0","00967cc0","","Global","FUN_00adc8c0","00adc8c0","0"
"","Global","FUN_00967d00","00967d00","","Global","FUN_00adc900","00adc900","0"
"","Global","FUN_00967d30","00967d30","","Global","FUN_00adc930","00adc930","0"
"","Global","FUN_00967e20","00967e20","","Global","FUN_00adca20","00adca20","0"
"","Global","FUN_00967ed0","00967ed0","","Global","FUN_00adcad0","00adcad0","0"
"","Global","FUN_00967f30","00967f30","","Global","FUN_00adcb30","00adcb30","0"
"","Global","FUN_00967fe0","00967fe0","","Global","FUN_00adcbe0","00adcbe0","0"
"","Global","FUN_009680b0","009680b0","","Global","FUN_00adccb0","00adccb0","0"
"","Global","FUN_009680e0","009680e0","","Global","FUN_00adcce0","00adcce0","0"
"","Global","FUN_00968140","00968140","","Global","FUN_00adcd40","00adcd40","0"
"","Global","FUN_00968180","00968180","","Global","FUN_00adcd80","00adcd80","0"
"","Global","FUN_00968280","00968280","","Global","FUN_00adce80","00adce80","0"
"","Global","FUN_00968310","00968310","","Global","FUN_00adcf10","00adcf10","0"
"","Global","FUN_009683d0","009683d0","","Global","FUN_00add0c0","00add0c0","0"
"","Global","FUN_00968600","00968600","","Global","FUN_00add2f0","00add2f0","0"
"","Global","FUN_00968660","00968660","","Global","FUN_00add350","00add350","0"
"","Global","FUN_00968780","00968780","","Global","FUN_00add470","00add470","0"
"","Global","FUN_009687a0","009687a0","","Global","FUN_00add490","00add490","0"
"","Global","FUN_00968860","00968860","","Global","FUN_00add550","00add550","0"
"","Global","FUN_009688c0","009688c0","","Global","FUN_00add5b0","00add5b0","0"
"","Global","FUN_009689a0","009689a0","","Global","FUN_00add690","00add690","0"
"","Global","FUN_00968d80","00968d80","","Global","FUN_00adda70","00adda70","0"
"","Global","FUN_009695e0","009695e0","","Global","FUN_00ade2d0","00ade2d0","0"
"","Global","FUN_00969b20","00969b20","","Global","FUN_00ade810","00ade810","0"
"","Global","FUN_0096a210","0096a210","","Global","FUN_00adef00","00adef00","0"
"","Global","FUN_0096a270","0096a270","","Global","FUN_00adef60","00adef60","0"
"","Global","FUN_0096a370","0096a370","","Global","FUN_00adf060","00adf060","0"
"","Global","FUN_0096a3e0","0096a3e0","","Global","FUN_00adf0d0","00adf0d0","0"
"","Global","FUN_0096ace0","0096ace0","","Global","FUN_00adf9d0","00adf9d0","0"
"","Global","FUN_0096ad60","0096ad60","","Global","FUN_00adfa50","00adfa50","0"
"","Global","FUN_0096add0","0096add0","","Global","FUN_00adfac0","00adfac0","0"
"","Global","FUN_0096aeb0","0096aeb0","","Global","FUN_00adfba0","00adfba0","0"
"","Global","FUN_0096af90","0096af90","","Global","FUN_00adfc80","00adfc80","0"
"","Global","FUN_0096b130","0096b130","","Global","FUN_00adfe20","00adfe20","0"
"","Global","FUN_0096b4d0","0096b4d0","","Global","FUN_00ae01d0","00ae01d0","0"
"","Global","FUN_0096b9f0","0096b9f0","","Global","FUN_00ae06f0","00ae06f0","0"
"","Global","FUN_0096bbf0","0096bbf0","","Global","FUN_00ae08f0","00ae08f0","0"
"","Global","FUN_0096bdc0","0096bdc0","","Global","FUN_00ae0ac0","00ae0ac0","0"
"","Global","FUN_0096be00","0096be00","","Global","FUN_00ae0b00","00ae0b00","0"
"","Global","FUN_0096c120","0096c120","","Global","FUN_00ae0e20","00ae0e20","0"
"","Global","FUN_0096c980","0096c980","","Global","FUN_00ae1680","00ae1680","0"
"","Global","FUN_0096cbd0","0096cbd0","","Global","FUN_00ae18d0","00ae18d0","0"
"","Global","FUN_0096cf80","0096cf80","","Global","FUN_00ae1c80","00ae1c80","0"
"","Global","FUN_0096d300","0096d300","","Global","FUN_00ae2000","00ae2000","0"
"","Global","FUN_0096d3d0","0096d3d0","","Global","FUN_00ae20d0","00ae20d0","0"
"","Global","FUN_0096d520","0096d520","","Global","FUN_00ae2220","00ae2220","0"
"","Global","FUN_0096d570","0096d570","","Global","FUN_00ae2270","00ae2270","0"
"","Global","FUN_0096d630","0096d630","","Global","FUN_00ae2330","00ae2330","0"
"","Global","FUN_0096d6d0","0096d6d0","","Global","FUN_00ae23d0","00ae23d0","0"
"","Global","FUN_0096d920","0096d920","","Global","FUN_00ae2620","00ae2620","0"
"","Global","FUN_0096dbc0","0096dbc0","","Global","FUN_00ae28c0","00ae28c0","0"
"","Global","FUN_0096dc20","0096dc20","","Global","FUN_00ae2920","00ae2920","0"
"","Global","FUN_0096dd60","0096dd60","","Global","FUN_00ae2a60","00ae2a60","0"
"","Global","FUN_0096df90","0096df90","","Global","FUN_00ae2c90","00ae2c90","0"
"","Global","FUN_0096e050","0096e050","","Global","FUN_00ae2d50","00ae2d50","0"
"","Global","FUN_0096e1b0","0096e1b0","","Global","FUN_00ae2eb0","00ae2eb0","0"
"","Global","FUN_0096e3c0","0096e3c0","","Global","FUN_00ae30c0","00ae30c0","0"
"","Global","FUN_0096e4d0","0096e4d0","","Global","FUN_00ae31d0","00ae31d0","0"
"","Global","FUN_0096e510","0096e510","","Global","FUN_00ae3210","00ae3210","0"
"","Global","FUN_0096e710","0096e710","","Global","FUN_00ae3410","00ae3410","0"
"","Global","FUN_0096eac0","0096eac0","","Global","FUN_00ae37c0","00ae37c0","0"
"","Global","FUN_0096ebc0","0096ebc0","","Global","FUN_00ae38c0","00ae38c0","0"
"","Global","FUN_0096ed50","0096ed50","","Global","FUN_00ae3a50","00ae3a50","0"
"","Global","FUN_0096f090","0096f090","","Global","FUN_00ae3d90","00ae3d90","0"
"","Global","FUN_0096f220","0096f220","","Global","FUN_00ae3f20","00ae3f20","0"
"","Global","FUN_00970350","00970350","","Global","FUN_00ae5050","00ae5050","0"
"","Global","FUN_00970500","00970500","","Global","FUN_00ae5200","00ae5200","0"
"","Global","FUN_00970810","00970810","","Global","FUN_00ae5510","00ae5510","0"
"","Global","FUN_00970920","00970920","","Global","FUN_00ae5620","00ae5620","0"
"","Global","FUN_00970b60","00970b60","","Global","FUN_00ae5860","00ae5860","0"
"","Global","FUN_00971070","00971070","","Global","FUN_00ae5d70","00ae5d70","0"
"","Global","FUN_00971240","00971240","","Global","FUN_00ae5f40","00ae5f40","0"
"","Global","FUN_009714a0","009714a0","","Global","FUN_00ae61a0","00ae61a0","0"
"","Global","FUN_009715c0","009715c0","","Global","FUN_00ae62c0","00ae62c0","0"
"","Global","FUN_009716e0","009716e0","","Global","FUN_00ae63e0","00ae63e0","0"
"","Global","FUN_00971be0","00971be0","","Global","FUN_00ae68e0","00ae68e0","0"
"","Global","FUN_00971cc0","00971cc0","","Global","FUN_00ae69c0","00ae69c0","0"
"","Global","FUN_00971e50","00971e50","","Global","FUN_00ae6b50","00ae6b50","0"
"","Global","FUN_00972150","00972150","","Global","FUN_00ae6e50","00ae6e50","0"
"","Global","FUN_00972180","00972180","","Global","FUN_00ae6e80","00ae6e80","0"
"","Global","FUN_00972290","00972290","","Global","FUN_00ae6f90","00ae6f90","0"
"","Global","FUN_009728f0","009728f0","","Global","FUN_00ae75f0","00ae75f0","0"
"","Global","FUN_00972ba0","00972ba0","","Global","FUN_00ae78a0","00ae78a0","0"
"","Global","FUN_00972ec0","00972ec0","","Global","FUN_00ae7bc0","00ae7bc0","0"
"","Global","FUN_00972f40","00972f40","","Global","FUN_00ae7c40","00ae7c40","0"
"","Global","FUN_009730b0","009730b0","","Global","FUN_00ae7db0","00ae7db0","0"
"","Global","FUN_00973240","00973240","","Global","FUN_00ae7f40","00ae7f40","0"
"","Global","FUN_009732f0","009732f0","","Global","FUN_00ae7ff0","00ae7ff0","0"
"","Global","FUN_00973370","00973370","","Global","FUN_00ae8070","00ae8070","0"
"","Global","FUN_00973470","00973470","","Global","FUN_00ae8170","00ae8170","0"
"","Global","FUN_009735a0","009735a0","","Global","FUN_00ae82a0","00ae82a0","0"
"","Global","FUN_00973660","00973660","","Global","FUN_00ae8360","00ae8360","0"
"","Global","FUN_00973740","00973740","","Global","FUN_00ae8440","00ae8440","0"
"","Global","FUN_00973760","00973760","","Global","FUN_00ae8460","00ae8460","0"
"","Global","FUN_00973860","00973860","","Global","FUN_00ae8560","00ae8560","0"
"","Global","FUN_009738d0","009738d0","","Global","FUN_00ae85d0","00ae85d0","0"
"","Global","FUN_00973940","00973940","","Global","FUN_00ae8640","00ae8640","0"
"","Global","FUN_00973ed0","00973ed0","","Global","FUN_00ae8bd0","00ae8bd0","0"
"","Global","FUN_00974120","00974120","","Global","FUN_00ae8e20","00ae8e20","0"
"","Global","FUN_00974150","00974150","","Global","FUN_00ae8e50","00ae8e50","0"
"","Global","FUN_00974340","00974340","","Global","FUN_00ae9040","00ae9040","0"
"","Global","FUN_00974470","00974470","","Global","FUN_00ae9170","00ae9170","0"
"","Global","FUN_00974580","00974580","","Global","FUN_00ae9280","00ae9280","0"
"","Global","FUN_00974650","00974650","","Global","FUN_00ae9350","00ae9350","0"
"","Global","FUN_00974700","00974700","","Global","FUN_00ae9400","00ae9400","0"
"","Global","FUN_00974770","00974770","","Global","FUN_00ae9470","00ae9470","0"
"","Global","FUN_009747f0","009747f0","","Global","FUN_00ae94f0","00ae94f0","0"
"","Global","FUN_00975000","00975000","","Global","FUN_00ae9d00","00ae9d00","0"
"","Global","FUN_00975040","00975040","","Global","FUN_00ae9d40","00ae9d40","0"
"","Global","FUN_00975090","00975090","","Global","FUN_00ae9d90","00ae9d90","0"
"","Global","FUN_00975170","00975170","","Global","FUN_00ae9e70","00ae9e70","0"
"","Global","FUN_009752f0","009752f0","","Global","FUN_00ae9ff0","00ae9ff0","0"
"","Global","FUN_009753e0","009753e0","","Global","FUN_00aea0e0","00aea0e0","0"
"","Global","FUN_009757c0","009757c0","","Global","FUN_00aea4c0","00aea4c0","0"
"","Global","FUN_00975810","00975810","","Global","FUN_00aea510","00aea510","0"
"","Global","FUN_00975960","00975960","","Global","FUN_00aea660","00aea660","0"
"","Global","FUN_00975e90","00975e90","","Global","FUN_00aeab90","00aeab90","0"
"","Global","FUN_00975ec0","00975ec0","","Global","FUN_00aeabc0","00aeabc0","0"
"","Global","FUN_00976090","00976090","","Global","FUN_00aead90","00aead90","0"
"","Global","FUN_00976130","00976130","","Global","FUN_00aeae30","00aeae30","0"
"","Global","FUN_00976220","00976220","","Global","FUN_00aeaf20","00aeaf20","0"
"","Global","FUN_009763c0","009763c0","","Global","FUN_00aeb0c0","00aeb0c0","0"
"","Global","FUN_00976460","00976460","","Global","FUN_00aeb160","00aeb160","0"
"","Global","FUN_00976570","00976570","","Global","FUN_00aeb270","00aeb270","0"
"","Global","FUN_009765b0","009765b0","","Global","FUN_00aeb2b0","00aeb2b0","0"
"","Global","FUN_009765f0","009765f0","","Global","FUN_00aeb2f0","00aeb2f0","0"
"","Global","FUN_009767a0","009767a0","","Global","FUN_00aeb4a0","00aeb4a0","0"
"","Global","FUN_00976af0","00976af0","","Global","FUN_00aeb7f0","00aeb7f0","0"
"","Global","FUN_00976e70","00976e70","","Global","FUN_00aebb70","00aebb70","0"
"","Global","FUN_00976ea0","00976ea0","","Global","FUN_00aebba0","00aebba0","0"
"","Global","FUN_00977190","00977190","","Global","FUN_00aebe80","00aebe80","0"
"","Global","FUN_00977250","00977250","","Global","FUN_00aebf40","00aebf40","0"
"","Global","FUN_00977290","00977290","","Global","FUN_00aebf80","00aebf80","0"
"","Global","FUN_00977430","00977430","","Global","FUN_00aec120","00aec120","0"
"","Global","FUN_009775b0","009775b0","","Global","FUN_00aec2b0","00aec2b0","0"
"","Global","FUN_00977620","00977620","","Global","FUN_00aec320","00aec320","0"
"","Global","FUN_009776f0","009776f0","","Global","FUN_00aec3f0","00aec3f0","0"
"","Global","FUN_009777b0","009777b0","","Global","FUN_00aec4b0","00aec4b0","0"
"","Global","FUN_00977940","00977940","","Global","FUN_00aec640","00aec640","0"
"","Global","FUN_00977bb0","00977bb0","","Global","FUN_00aec8b0","00aec8b0","0"
"","Global","FUN_00977f10","00977f10","","Global","FUN_00aecc10","00aecc10","0"
"","Global","FUN_009782d0","009782d0","","Global","FUN_00aecfd0","00aecfd0","0"
"","Global","FUN_00978330","00978330","","Global","FUN_00aed030","00aed030","0"
"","Global","FUN_00978390","00978390","","Global","FUN_00aed090","00aed090","0"
"","Global","FUN_00978450","00978450","","Global","FUN_00aed150","00aed150","0"
"","Global","FUN_00978490","00978490","","Global","FUN_00aed190","00aed190","0"
"","Global","FUN_009784d0","009784d0","","Global","FUN_00aed1d0","00aed1d0","0"
"","Global","FUN_00978500","00978500","","Global","FUN_00aed200","00aed200","0"
"","Global","FUN_00978630","00978630","","Global","FUN_00aed330","00aed330","0"
"","Global","FUN_00978750","00978750","","Global","FUN_00aed450","00aed450","0"
"","Global","FUN_009788c0","009788c0","","Global","FUN_00aed5c0","00aed5c0","0"
"","Global","FUN_00978a50","00978a50","","Global","FUN_00aed750","00aed750","0"
"","Global","FUN_00978ac0","00978ac0","","Global","FUN_00aed7c0","00aed7c0","0"
"","Global","FUN_00978b30","00978b30","","Global","FUN_00aed830","00aed830","0"
"","Global","FUN_00978c40","00978c40","","Global","FUN_00aed940","00aed940","0"
"","Global","FUN_00978d60","00978d60","","Global","FUN_00aeda60","00aeda60","0"
"","Global","FUN_00978e10","00978e10","","Global","FUN_00aedb10","00aedb10","0"
"","Global","FUN_00978e60","00978e60","","Global","FUN_00aedb60","00aedb60","0"
"","Global","FUN_00978ec0","00978ec0","","Global","FUN_00aedbc0","00aedbc0","0"
"","Global","FUN_00978fd0","00978fd0","","Global","FUN_00aedcd0","00aedcd0","0"
"","Global","FUN_00979040","00979040","","Global","FUN_00aedd40","00aedd40","0"
"","Global","FUN_009790e0","009790e0","","Global","FUN_00aedde0","00aedde0","0"
"","Global","FUN_00979230","00979230","","Global","FUN_00aedf30","00aedf30","0"
"","Global","FUN_00979370","00979370","","Global","FUN_00aee070","00aee070","0"
"","Global","FUN_009794d0","009794d0","","Global","FUN_00aee1d0","00aee1d0","0"
"","Global","FUN_00979610","00979610","","Global","FUN_00aee310","00aee310","0"
"","Global","FUN_00979730","00979730","","Global","FUN_00aee430","00aee430","0"
"","Global","FUN_00979860","00979860","","Global","FUN_00aee560","00aee560","0"
"","Global","FUN_009799b0","009799b0","","Global","FUN_00aee6b0","00aee6b0","0"
"","Global","FUN_00979b00","00979b00","","Global","FUN_00aee800","00aee800","0"
"","Global","FUN_00979b90","00979b90","","Global","FUN_00aee890","00aee890","0"
"","Global","FUN_00979be0","00979be0","","Global","FUN_00aee8e0","00aee8e0","0"
"","Global","FUN_00979c20","00979c20","","Global","FUN_00aee920","00aee920","0"
"","Global","FUN_00979c90","00979c90","","Global","FUN_00aee990","00aee990","0"
"","Global","FUN_00979cf0","00979cf0","","Global","FUN_00aee9f0","00aee9f0","0"
"","Global","FUN_00979e20","00979e20","","Global","FUN_00aeeb20","00aeeb20","0"
"","Global","FUN_00979f40","00979f40","","Global","FUN_00aeec40","00aeec40","0"
"","Global","FUN_0097a080","0097a080","","Global","FUN_00aeed80","00aeed80","0"
"","Global","FUN_0097a0f0","0097a0f0","","Global","FUN_00aeedf0","00aeedf0","0"
"","Global","FUN_0097a440","0097a440","","Global","FUN_00aef140","00aef140","0"
"","Global","FUN_0097a460","0097a460","","Global","FUN_00aef160","00aef160","0"
"","Global","FUN_0097a480","0097a480","","Global","FUN_00aef180","00aef180","0"
"","Global","FUN_0097a4f0","0097a4f0","","Global","FUN_00aef1f0","00aef1f0","0"
"","Global","FUN_0097a680","0097a680","","Global","FUN_00aef380","00aef380","0"
"","Global","FUN_0097a8b0","0097a8b0","","Global","FUN_00aef5b0","00aef5b0","0"
"","Global","FUN_0097ab50","0097ab50","","Global","FUN_00aef850","00aef850","0"
"","Global","FUN_0097ab90","0097ab90","","Global","FUN_00aef890","00aef890","0"
"","Global","FUN_0097abf0","0097abf0","","Global","FUN_00aef8f0","00aef8f0","0"
"","Global","FUN_0097ac40","0097ac40","","Global","FUN_00aef940","00aef940","0"
"","Global","FUN_0097ae60","0097ae60","","Global","FUN_00aefb60","00aefb60","0"
"","Global","FUN_0097aec0","0097aec0","","Global","FUN_00aefbc0","00aefbc0","0"
"","Global","FUN_0097af10","0097af10","","Global","FUN_00aefc10","00aefc10","0"
"","Global","FUN_0097af50","0097af50","","Global","FUN_00aefc50","00aefc50","0"
"","Global","FUN_0097afd0","0097afd0","","Global","FUN_00aefcd0","00aefcd0","0"
"","Global","FUN_0097b1e0","0097b1e0","","Global","FUN_00aefee0","00aefee0","0"
"","Global","FUN_0097b240","0097b240","","Global","FUN_00aeff40","00aeff40","0"
"","Global","FUN_0097b2a0","0097b2a0","","Global","FUN_00aeffa0","00aeffa0","0"
"","Global","FUN_0097b370","0097b370","","Global","FUN_00af0070","00af0070","0"
"","Global","FUN_0097b390","0097b390","","Global","FUN_00af0090","00af0090","0"
"","Global","FUN_0097b530","0097b530","","Global","FUN_00af0230","00af0230","0"
"","Global","FUN_0097b890","0097b890","","Global","FUN_00af0590","00af0590","0"
"","Global","FUN_0097b940","0097b940","","Global","FUN_00af0640","00af0640","0"
"","Global","FUN_0097b9a0","0097b9a0","","Global","FUN_00af06a0","00af06a0","0"
"","Global","FUN_0097b9f0","0097b9f0","","Global","FUN_00af06f0","00af06f0","0"
"","Global","FUN_0097ba30","0097ba30","","Global","FUN_00af0730","00af0730","0"
"","Global","FUN_0097ba70","0097ba70","","Global","FUN_00af0770","00af0770","0"
"","Global","FUN_0097bac0","0097bac0","","Global","FUN_00af07c0","00af07c0","0"
"","Global","FUN_0097bc00","0097bc00","","Global","FUN_00af0900","00af0900","0"
"","Global","FUN_0097bd20","0097bd20","","Global","FUN_00af0a20","00af0a20","0"
"","Global","FUN_0097bf30","0097bf30","","Global","FUN_00af0c30","00af0c30","0"
"","Global","FUN_0097c270","0097c270","","Global","FUN_00af0f70","00af0f70","0"
"","Global","FUN_0097c4a0","0097c4a0","","Global","FUN_00af11a0","00af11a0","0"
"","Global","FUN_0097c650","0097c650","","Global","FUN_00af1350","00af1350","0"
"","Global","FUN_0097c680","0097c680","","Global","FUN_00af1380","00af1380","0"
"","Global","FUN_0097ca10","0097ca10","","Global","FUN_00af1710","00af1710","0"
"","Global","FUN_0097cbb0","0097cbb0","","Global","FUN_00af18b0","00af18b0","0"
"","Global","FUN_0097d4a0","0097d4a0","","Global","FUN_00af21a0","00af21a0","0"
"","Global","FUN_0097d980","0097d980","","Global","FUN_00af2680","00af2680","0"
"","Global","FUN_0097db70","0097db70","","Global","FUN_00af2870","00af2870","0"
"","Global","FUN_0097dd40","0097dd40","","Global","FUN_00af2a40","00af2a40","0"
"","Global","FUN_0097e180","0097e180","","Global","FUN_00af2e80","00af2e80","0"
"","Global","FUN_00981b80","00981b80","","Global","FUN_00af6880","00af6880","0"
"","Global","FUN_00981f60","00981f60","","Global","FUN_00af6c60","00af6c60","0"
"","Global","FUN_00981f90","00981f90","","Global","FUN_00af6c90","00af6c90","0"
"","Global","FUN_00982040","00982040","","Global","FUN_00af6d40","00af6d40","0"
"","Global","FUN_009821d0","009821d0","","Global","FUN_00af6ed0","00af6ed0","0"
"","Global","FUN_009821f0","009821f0","","Global","FUN_00af6ef0","00af6ef0","0"
"","Global","FUN_00982450","00982450","","Global","FUN_00af7150","00af7150","0"
"","Global","FUN_00982670","00982670","","Global","FUN_00af7370","00af7370","0"
"","Global","FUN_00982990","00982990","","Global","FUN_00af7690","00af7690","0"
"","Global","FUN_00982b70","00982b70","","Global","FUN_00af7870","00af7870","0"
"","Global","FUN_00982bb0","00982bb0","","Global","FUN_00af78b0","00af78b0","0"
"","Global","FUN_00982c40","00982c40","","Global","FUN_00af7940","00af7940","0"
"","Global","FUN_00983ff0","00983ff0","","Global","FUN_00af8cf0","00af8cf0","0"
"","Global","FUN_00984040","00984040","","Global","FUN_00af8d40","00af8d40","0"
"","Global","FUN_00984160","00984160","","Global","FUN_00af8e60","00af8e60","0"
"","Global","FUN_009841d0","009841d0","","Global","FUN_00af8ed0","00af8ed0","0"
"","Global","FUN_00984250","00984250","","Global","FUN_00af8f50","00af8f50","0"
"","Global","FUN_009848e0","009848e0","","Global","FUN_00af95e0","00af95e0","0"
"","Global","FUN_009849e0","009849e0","","Global","FUN_00af96e0","00af96e0","0"
"","Global","FUN_00985860","00985860","","Global","FUN_00afa560","00afa560","0"
"","Global","FUN_00985ec0","00985ec0","","Global","FUN_00afabc0","00afabc0","0"
"","Global","FUN_00985ef0","00985ef0","","Global","FUN_00afabf0","00afabf0","0"
"","Global","FUN_009860e0","009860e0","","Global","FUN_00afade0","00afade0","0"
"","Global","FUN_00986120","00986120","","Global","FUN_00afae20","00afae20","0"
"","Global","FUN_00986280","00986280","","Global","FUN_00afaf80","00afaf80","0"
"","Global","FUN_009862d0","009862d0","","Global","FUN_00afafd0","00afafd0","0"
"","Global","FUN_00986440","00986440","","Global","FUN_00afb140","00afb140","0"
"","Global","FUN_009864f0","009864f0","","Global","FUN_00afb1f0","00afb1f0","0"
"","Global","FUN_00986620","00986620","","Global","FUN_00afb320","00afb320","0"
"","Global","FUN_00986730","00986730","","Global","FUN_00afb430","00afb430","0"
"","Global","FUN_00986860","00986860","","Global","FUN_00afb560","00afb560","0"
"","Global","FUN_00986cd0","00986cd0","","Global","FUN_00afb9d0","00afb9d0","0"
"","Global","FUN_00987530","00987530","","Global","FUN_00afc230","00afc230","0"
"","Global","FUN_00987590","00987590","","Global","FUN_00afc290","00afc290","0"
"","Global","FUN_00987660","00987660","","Global","FUN_00afc360","00afc360","0"
"","Global","FUN_00987770","00987770","","Global","FUN_00afc470","00afc470","0"
"","Global","FUN_00987900","00987900","","Global","FUN_00afc600","00afc600","0"
"","Global","FUN_00987a80","00987a80","","Global","FUN_00afc780","00afc780","0"
"","Global","FUN_00987ae0","00987ae0","","Global","FUN_00afc7e0","00afc7e0","0"
"","Global","FUN_00987b20","00987b20","","Global","FUN_00afc820","00afc820","0"
"","Global","FUN_00987b50","00987b50","","Global","FUN_00afc850","00afc850","0"
"","Global","FUN_00987b80","00987b80","","Global","FUN_00afc880","00afc880","0"
"","Global","FUN_00987c00","00987c00","","Global","FUN_00afc900","00afc900","0"
"","Global","FUN_00987d40","00987d40","","Global","FUN_00afca40","00afca40","0"
"","Global","FUN_00987f10","00987f10","","Global","FUN_00afcc10","00afcc10","0"
"","Global","FUN_009880e0","009880e0","","Global","FUN_00afcde0","00afcde0","0"
"","Global","FUN_009882d0","009882d0","","Global","FUN_00afcfd0","00afcfd0","0"
"","Global","FUN_00988370","00988370","","Global","FUN_00afd070","00afd070","0"
"","Global","FUN_00988720","00988720","","Global","FUN_00afd420","00afd420","0"
"","Global","FUN_00988750","00988750","","Global","FUN_00afd450","00afd450","0"
"","Global","FUN_009887b0","009887b0","","Global","FUN_00afd4b0","00afd4b0","0"
"","Global","FUN_00988800","00988800","","Global","FUN_00afd500","00afd500","0"
"","Global","FUN_00988980","00988980","","Global","FUN_00afd680","00afd680","0"
"","Global","FUN_009889e0","009889e0","","Global","FUN_00afd6e0","00afd6e0","0"
"","Global","FUN_00988ab0","00988ab0","","Global","FUN_00afd7b0","00afd7b0","0"
"","Global","FUN_00988bd0","00988bd0","","Global","FUN_00afd8d0","00afd8d0","0"
"","Global","FUN_00988c20","00988c20","","Global","FUN_00afd920","00afd920","0"
"","Global","FUN_00988cc0","00988cc0","","Global","FUN_00afd9c0","00afd9c0","0"
"","Global","FUN_00988d30","00988d30","","Global","FUN_00afda30","00afda30","0"
"","Global","FUN_00988f10","00988f10","","Global","FUN_00afdc10","00afdc10","0"
"","Global","FUN_00988fd0","00988fd0","","Global","FUN_00afdcd0","00afdcd0","0"
"","Global","FUN_00989190","00989190","","Global","FUN_00afde90","00afde90","0"
"","Global","FUN_009892f0","009892f0","","Global","FUN_00afdff0","00afdff0","0"
"","Global","FUN_00989700","00989700","","Global","FUN_00afe400","00afe400","0"
"","Global","FUN_00989750","00989750","","Global","FUN_00afe450","00afe450","0"
"","Global","FUN_00989780","00989780","","Global","FUN_00afe480","00afe480","0"
"","Global","FUN_00989cd0","00989cd0","","Global","FUN_00afe9d0","00afe9d0","0"
"","Global","FUN_0098a060","0098a060","","Global","FUN_00afed70","00afed70","0"
"","Global","FUN_0098a770","0098a770","","Global","FUN_00aff480","00aff480","0"
"","Global","FUN_0098a7d0","0098a7d0","","Global","FUN_00aff4e0","00aff4e0","0"
"","Global","FUN_0098a830","0098a830","","Global","FUN_00aff540","00aff540","0"
"","Global","FUN_0098a920","0098a920","","Global","FUN_00aff630","00aff630","0"
"","Global","FUN_0098aa40","0098aa40","","Global","FUN_00aff750","00aff750","0"
"","Global","FUN_0098aae0","0098aae0","","Global","FUN_00aff7f0","00aff7f0","0"
"","Global","FUN_0098acc0","0098acc0","","Global","FUN_00aff9d0","00aff9d0","0"
"","Global","FUN_0098ace0","0098ace0","","Global","FUN_00aff9f0","00aff9f0","0"
"","Global","FUN_0098ad30","0098ad30","","Global","FUN_00affa40","00affa40","0"
"","Global","FUN_0098ae70","0098ae70","","Global","FUN_00affb80","00affb80","0"
"","Global","FUN_0098aff0","0098aff0","","Global","FUN_00affd00","00affd00","0"
"","Global","FUN_0098b190","0098b190","","Global","FUN_00affea0","00affea0","0"
"","Global","FUN_0098b470","0098b470","","Global","FUN_00b00180","00b00180","0"
"","Global","FUN_0098b5f0","0098b5f0","","Global","FUN_00b00300","00b00300","0"
"","Global","FUN_0098b720","0098b720","","Global","FUN_00b00430","00b00430","0"
"","Global","FUN_0098b7e0","0098b7e0","","Global","FUN_00b004f0","00b004f0","0"
"","Global","FUN_0098b8c0","0098b8c0","","Global","FUN_00b005d0","00b005d0","0"
"","Global","FUN_0098b980","0098b980","","Global","FUN_00b00690","00b00690","0"
"","Global","FUN_0098ba90","0098ba90","","Global","FUN_00b007a0","00b007a0","0"
"","Global","FUN_0098bb90","0098bb90","","Global","FUN_00b008a0","00b008a0","0"
"","Global","FUN_0098bd50","0098bd50","","Global","FUN_00b00a60","00b00a60","0"
"","Global","FUN_0098c0f0","0098c0f0","","Global","FUN_00b00e00","00b00e00","0"
"","Global","FUN_0098c160","0098c160","","Global","FUN_00b00e70","00b00e70","0"
"","Global","FUN_0098c2d0","0098c2d0","","Global","FUN_00b00fe0","00b00fe0","0"
"","Global","FUN_0098c370","0098c370","","Global","FUN_00b01080","00b01080","0"
"","Global","FUN_0098c3a0","0098c3a0","","Global","FUN_00b010b0","00b010b0","0"
"","Global","FUN_0098c800","0098c800","","Global","FUN_00b01510","00b01510","0"
"","Global","FUN_0098c950","0098c950","","Global","FUN_00b01660","00b01660","0"
"","Global","FUN_0098cdf0","0098cdf0","","Global","FUN_00b01b00","00b01b00","0"
"","Global","FUN_0098d2f0","0098d2f0","","Global","FUN_00b02000","00b02000","0"
"","Global","FUN_0098d310","0098d310","","Global","FUN_00b02020","00b02020","0"
"","Global","FUN_0098d830","0098d830","","Global","FUN_00b02540","00b02540","0"
"","Global","FUN_0098e050","0098e050","","Global","FUN_00b02d60","00b02d60","0"
"","Global","FUN_0098e120","0098e120","","Global","FUN_00b02e30","00b02e30","0"
"","Global","FUN_0098e1e0","0098e1e0","","Global","FUN_00b02ef0","00b02ef0","0"
"","Global","FUN_0098e410","0098e410","","Global","FUN_00b03120","00b03120","0"
"","Global","FUN_0098ea30","0098ea30","","Global","FUN_00b03740","00b03740","0"
"","Global","FUN_0098ed80","0098ed80","","Global","FUN_00b03a90","00b03a90","0"
"","Global","FUN_0098edb0","0098edb0","","Global","FUN_00b03ac0","00b03ac0","0"
"","Global","FUN_0098f310","0098f310","","Global","FUN_00b04020","00b04020","0"
"","Global","FUN_0098f620","0098f620","","Global","FUN_00b04330","00b04330","0"
"","Global","FUN_009900c0","009900c0","","Global","FUN_00b04dd0","00b04dd0","0"
"","Global","FUN_00990100","00990100","","Global","FUN_00b04e10","00b04e10","0"
"","Global","FUN_00990220","00990220","","Global","FUN_00b04f30","00b04f30","0"
"","Global","FUN_009902f0","009902f0","","Global","FUN_00b05000","00b05000","0"
"","Global","FUN_00990330","00990330","","Global","FUN_00b05040","00b05040","0"
"","Global","FUN_00990460","00990460","","Global","FUN_00b05170","00b05170","0"
"","Global","FUN_00990640","00990640","","Global","FUN_00b05350","00b05350","0"
"","Global","FUN_00990720","00990720","","Global","FUN_00b05430","00b05430","0"
"","Global","FUN_00990790","00990790","","Global","FUN_00b054a0","00b054a0","0"
"","Global","FUN_00990810","00990810","","Global","FUN_00b05520","00b05520","0"
"","Global","FUN_00990b10","00990b10","","Global","FUN_00b05820","00b05820","0"
"","Global","FUN_00990c40","00990c40","","Global","FUN_00b05950","00b05950","0"
"","Global","FUN_00990d40","00990d40","","Global","FUN_00b05a50","00b05a50","0"
"","Global","FUN_00991860","00991860","","Global","FUN_00b06570","00b06570","0"
"","Global","FUN_00991930","00991930","","Global","FUN_00b06640","00b06640","0"
"","Global","FUN_00991a10","00991a10","","Global","FUN_00b06720","00b06720","0"
"","Global","FUN_00991fe0","00991fe0","","Global","FUN_00b06cf0","00b06cf0","0"
"","Global","FUN_00992010","00992010","","Global","FUN_00b06d20","00b06d20","0"
"","Global","FUN_00992120","00992120","","Global","FUN_00b06e30","00b06e30","0"
"","Global","FUN_00992630","00992630","","Global","FUN_00b07340","00b07340","0"
"","Global","FUN_009929b0","009929b0","","Global","FUN_00b076c0","00b076c0","0"
"","Global","FUN_00993000","00993000","","Global","FUN_00b07d10","00b07d10","0"
"","Global","FUN_009930a0","009930a0","","Global","FUN_00b07db0","00b07db0","0"
"","Global","FUN_00993300","00993300","","Global","FUN_00b08010","00b08010","0"
"","Global","FUN_00993aa0","00993aa0","","Global","FUN_00b087b0","00b087b0","0"
"","Global","FUN_00993b20","00993b20","","Global","FUN_00b08830","00b08830","0"
"","Global","FUN_00993b50","00993b50","","Global","FUN_00b08860","00b08860","0"
"","Global","FUN_00993ba0","00993ba0","","Global","FUN_00b088b0","00b088b0","0"
"","Global","FUN_00993d90","00993d90","","Global","FUN_00b08aa0","00b08aa0","0"
"","Global","FUN_00993e70","00993e70","","Global","FUN_00b08b80","00b08b80","0"
"","Global","FUN_00994050","00994050","","Global","FUN_00b08d60","00b08d60","0"
"","Global","FUN_00994110","00994110","","Global","FUN_00b08e20","00b08e20","0"
"","Global","FUN_00994980","00994980","","Global","FUN_00b09690","00b09690","0"
"","Global","FUN_009953d0","009953d0","","Global","FUN_00b0a0e0","00b0a0e0","0"
"","Global","FUN_00995400","00995400","","Global","FUN_00b0a110","00b0a110","0"
"","Global","FUN_00995470","00995470","","Global","FUN_00b0a180","00b0a180","0"
"","Global","FUN_009954b0","009954b0","","Global","FUN_00b0a1c0","00b0a1c0","0"
"","Global","FUN_00997250","00997250","","Global","FUN_00b0bf60","00b0bf60","0"
"","Global","FUN_00997300","00997300","","Global","FUN_00b0c010","00b0c010","0"
"","Global","FUN_009974a0","009974a0","","Global","FUN_00b0c1b0","00b0c1b0","0"
"","Global","FUN_009975a0","009975a0","","Global","FUN_00b0c2b0","00b0c2b0","0"
"","Global","FUN_00997650","00997650","","Global","FUN_00b0c360","00b0c360","0"
"","Global","FUN_009976e0","009976e0","","Global","FUN_00b0c3f0","00b0c3f0","0"
"","Global","FUN_00997760","00997760","","Global","FUN_00b0c470","00b0c470","0"
"","Global","FUN_009977f0","009977f0","","Global","FUN_00b0c500","00b0c500","0"
"","Global","FUN_009978a0","009978a0","","Global","FUN_00b0c5b0","00b0c5b0","0"
"","Global","FUN_00997940","00997940","","Global","FUN_00b0c650","00b0c650","0"
"","Global","FUN_009979f0","009979f0","","Global","FUN_00b0c700","00b0c700","0"
"","Global","FUN_00997b00","00997b00","","Global","FUN_00b0c810","00b0c810","0"
"","Global","FUN_00997c70","00997c70","","Global","FUN_00b0c980","00b0c980","0"
"","Global","FUN_00998750","00998750","","Global","FUN_00b0d460","00b0d460","0"
"","Global","FUN_00998820","00998820","","Global","FUN_00b0d530","00b0d530","0"
"","Global","FUN_009988d0","009988d0","","Global","FUN_00b0d5e0","00b0d5e0","0"
"","Global","FUN_00998900","00998900","","Global","FUN_00b0d610","00b0d610","0"
"","Global","FUN_00998940","00998940","","Global","FUN_00b0d650","00b0d650","0"
"","Global","FUN_00998970","00998970","","Global","FUN_00b0d680","00b0d680","0"
"","Global","FUN_00998b40","00998b40","","Global","FUN_00b0d850","00b0d850","0"
"","Global","FUN_00998c20","00998c20","","Global","FUN_00b0d930","00b0d930","0"
"","Global","FUN_00998d10","00998d10","","Global","FUN_00b0da20","00b0da20","0"
"","Global","FUN_00998ef0","00998ef0","","Global","FUN_00b0dc00","00b0dc00","0"
"","Global","FUN_00999840","00999840","","Global","FUN_00b0e550","00b0e550","0"
"","Global","FUN_00999ce0","00999ce0","","Global","FUN_00b0e9f0","00b0e9f0","0"
"","Global","FUN_00999f40","00999f40","","Global","FUN_00b0ec50","00b0ec50","0"
"","Global","FUN_00999ff0","00999ff0","","Global","FUN_00b0ed00","00b0ed00","0"
"","Global","FUN_0099a070","0099a070","","Global","FUN_00b0ed80","00b0ed80","0"
"","Global","FUN_0099a1c0","0099a1c0","","Global","FUN_00b0eed0","00b0eed0","0"
"","Global","FUN_0099a5d0","0099a5d0","","Global","FUN_00b0f2e0","00b0f2e0","0"
"","Global","FUN_0099ad00","0099ad00","","Global","FUN_00b0fa10","00b0fa10","0"
"","Global","FUN_0099b3c0","0099b3c0","","Global","FUN_00b100d0","00b100d0","0"
"","Global","FUN_0099b440","0099b440","","Global","FUN_00b10150","00b10150","0"
"","Global","FUN_0099b590","0099b590","","Global","FUN_00b102a0","00b102a0","0"
"","Global","FUN_0099c2c0","0099c2c0","","Global","FUN_00b10fd0","00b10fd0","0"
"","Global","FUN_0099c500","0099c500","","Global","FUN_00b11210","00b11210","0"
"","Global","FUN_0099c590","0099c590","","Global","FUN_00b112a0","00b112a0","0"
"","Global","FUN_0099c640","0099c640","","Global","FUN_00b11350","00b11350","0"
"","Global","FUN_0099c6b0","0099c6b0","","Global","FUN_00b113c0","00b113c0","0"
"","Global","FUN_0099c880","0099c880","","Global","FUN_00b11590","00b11590","0"
"","Global","FUN_0099c910","0099c910","","Global","FUN_00b11620","00b11620","0"
"","Global","FUN_0099d4a0","0099d4a0","","Global","FUN_00b121b0","00b121b0","0"
"","Global","FUN_0099d850","0099d850","","Global","FUN_00b12560","00b12560","0"
"","Global","FUN_0099dac0","0099dac0","","Global","FUN_00b127d0","00b127d0","0"
"","Global","FUN_0099dcd0","0099dcd0","","Global","FUN_00b129e0","00b129e0","0"
"","Global","FUN_0099df20","0099df20","","Global","FUN_00b12c30","00b12c30","0"
"","Global","FUN_0099e150","0099e150","","Global","FUN_00b12e60","00b12e60","0"
"","Global","FUN_0099e3c0","0099e3c0","","Global","FUN_00b130d0","00b130d0","0"
"","Global","FUN_0099e620","0099e620","","Global","FUN_00b13330","00b13330","0"
"","Global","FUN_0099e7e0","0099e7e0","","Global","FUN_00b134f0","00b134f0","0"
"","Global","FUN_0099e830","0099e830","","Global","FUN_00b13540","00b13540","0"
"","Global","FUN_009a0050","009a0050","","Global","FUN_00b14d60","00b14d60","0"
"","Global","FUN_009a01a0","009a01a0","","Global","FUN_00b14eb0","00b14eb0","0"
"","Global","FUN_009a01e0","009a01e0","","Global","FUN_00b14ef0","00b14ef0","0"
"","Global","FUN_009a0320","009a0320","","Global","FUN_00b15030","00b15030","0"
"","Global","FUN_009a0460","009a0460","","Global","FUN_00b15170","00b15170","0"
"","Global","FUN_009a0560","009a0560","","Global","FUN_00b15270","00b15270","0"
"","Global","FUN_009a06e0","009a06e0","","Global","FUN_00b153f0","00b153f0","0"
"","Global","FUN_009a0780","009a0780","","Global","FUN_00b15490","00b15490","0"
"","Global","FUN_009a07e0","009a07e0","","Global","FUN_00b154f0","00b154f0","0"
"","Global","FUN_009a0970","009a0970","","Global","FUN_00b15680","00b15680","0"
"","Global","FUN_009a09a0","009a09a0","","Global","FUN_00b156b0","00b156b0","0"
"","Global","FUN_009a0aa0","009a0aa0","","Global","FUN_00b157b0","00b157b0","0"
"","Global","FUN_009a0ad0","009a0ad0","","Global","FUN_00b157e0","00b157e0","0"
"","Global","FUN_009a0bb0","009a0bb0","","Global","FUN_00b158c0","00b158c0","0"
"","Global","FUN_009a0c00","009a0c00","","Global","FUN_00b15910","00b15910","0"
"","Global","FUN_009a0cd0","009a0cd0","","Global","FUN_00b159e0","00b159e0","0"
"","Global","FUN_009a0d80","009a0d80","","Global","FUN_00b15a90","00b15a90","0"
"","Global","FUN_009a0e50","009a0e50","","Global","FUN_00b15b60","00b15b60","0"
"","Global","FUN_009a1080","009a1080","","Global","FUN_00b15d90","00b15d90","0"
"","Global","FUN_009a12d0","009a12d0","","Global","FUN_00b15fe0","00b15fe0","0"
"","Global","FUN_009a13d0","009a13d0","","Global","FUN_00b160e0","00b160e0","0"
"","Global","FUN_009a1430","009a1430","","Global","FUN_00b16140","00b16140","0"
"","Global","FUN_009a15e0","009a15e0","","Global","FUN_00b162f0","00b162f0","0"
"","Global","FUN_009a16d0","009a16d0","","Global","FUN_00b163e0","00b163e0","0"
"","Global","FUN_009a18d0","009a18d0","","Global","FUN_00b165e0","00b165e0","0"
"","Global","FUN_009a1ab0","009a1ab0","","Global","FUN_00b167c0","00b167c0","0"
"","Global","FUN_009a1cf0","009a1cf0","","Global","FUN_00b16a00","00b16a00","0"
"","Global","FUN_009a1d10","009a1d10","","Global","FUN_00b16a20","00b16a20","0"
"","Global","FUN_009a2090","009a2090","","Global","FUN_00b16da0","00b16da0","0"
"","Global","FUN_009a22c0","009a22c0","","Global","FUN_00b16fd0","00b16fd0","0"
"","Global","FUN_009a2510","009a2510","","Global","FUN_00b17220","00b17220","0"
"","Global","FUN_009a2540","009a2540","","Global","FUN_00b17250","00b17250","0"
"","Global","FUN_009a2570","009a2570","","Global","FUN_00b17280","00b17280","0"
"","Global","FUN_009a2980","009a2980","","Global","FUN_00b17690","00b17690","0"
"","Global","FUN_009a29e0","009a29e0","","Global","FUN_00b176f0","00b176f0","0"
"","Global","FUN_009a2b10","009a2b10","","Global","FUN_00b17820","00b17820","0"
"","Global","FUN_009a2bc0","009a2bc0","","Global","FUN_00b178d0","00b178d0","0"
"","Global","FUN_009a2c70","009a2c70","","Global","FUN_00b17980","00b17980","0"
"","Global","FUN_009a2db0","009a2db0","","Global","FUN_00b17ac0","00b17ac0","0"
"","Global","FUN_009a2e90","009a2e90","","Global","FUN_00b17ba0","00b17ba0","0"
"","Global","FUN_009a2ec0","009a2ec0","","Global","FUN_00b17bd0","00b17bd0","0"
"","Global","FUN_009a2ef0","009a2ef0","","Global","FUN_00b17c00","00b17c00","0"
"","Global","FUN_009a2fe0","009a2fe0","","Global","FUN_00b17cf0","00b17cf0","0"
"","Global","FUN_009a3010","009a3010","","Global","FUN_00b17d20","00b17d20","0"
"","Global","FUN_009a3350","009a3350","","Global","FUN_00b18060","00b18060","0"
"","Global","FUN_009a34a0","009a34a0","","Global","FUN_00b181b0","00b181b0","0"
"","Global","FUN_009a3560","009a3560","","Global","FUN_00b18270","00b18270","0"
"","Global","FUN_009a3640","009a3640","","Global","FUN_00b18350","00b18350","0"
"","Global","FUN_009a3660","009a3660","","Global","FUN_00b18370","00b18370","0"
"","Global","FUN_009a38b0","009a38b0","","Global","FUN_00b185c0","00b185c0","0"
"","Global","FUN_009a39c0","009a39c0","","Global","FUN_00b186d0","00b186d0","0"
"","Global","FUN_009a3b40","009a3b40","","Global","FUN_00b18850","00b18850","0"
"","Global","FUN_009a4100","009a4100","","Global","FUN_00b18e10","00b18e10","0"
"","Global","FUN_009a4130","009a4130","","Global","FUN_00b18e40","00b18e40","0"
"","Global","FUN_009a4180","009a4180","","Global","FUN_00b18e90","00b18e90","0"
"","Global","FUN_009a4200","009a4200","","Global","FUN_00b18f10","00b18f10","0"
"","Global","FUN_009a4300","009a4300","","Global","FUN_00b19010","00b19010","0"
"","Global","FUN_009a43e0","009a43e0","","Global","FUN_00b190f0","00b190f0","0"
"","Global","FUN_009a4470","009a4470","","Global","FUN_00b19180","00b19180","0"
"","Global","FUN_009a4760","009a4760","","Global","FUN_00b19470","00b19470","0"
"","Global","FUN_009a4820","009a4820","","Global","FUN_00b19530","00b19530","0"
"","Global","FUN_009a4c30","009a4c30","","Global","FUN_00b19940","00b19940","0"
"","Global","FUN_009a4c60","009a4c60","","Global","FUN_00b19970","00b19970","0"
"","Global","FUN_009a4d60","009a4d60","","Global","FUN_00b19a70","00b19a70","0"
"","Global","FUN_009a5510","009a5510","","Global","FUN_00b1a220","00b1a220","0"
"","Global","FUN_009a5570","009a5570","","Global","FUN_00b1a280","00b1a280","0"
"","Global","FUN_009a55b0","009a55b0","","Global","FUN_00b1a2c0","00b1a2c0","0"
"","Global","FUN_009a5650","009a5650","","Global","FUN_00b1a360","00b1a360","0"
"","Global","FUN_009a57f0","009a57f0","","Global","FUN_00b1a500","00b1a500","0"
"","Global","FUN_009a58b0","009a58b0","","Global","FUN_00b1a5c0","00b1a5c0","0"
"","Global","FUN_009a5ae0","009a5ae0","","Global","FUN_00b1a7f0","00b1a7f0","0"
"","Global","FUN_009a60f0","009a60f0","","Global","FUN_00b1ae00","00b1ae00","0"
"","Global","FUN_009a6e40","009a6e40","","Global","FUN_00b1bb50","00b1bb50","0"
"","Global","FUN_009a6f00","009a6f00","","Global","FUN_00b1bc10","00b1bc10","0"
"","Global","FUN_009a6f60","009a6f60","","Global","FUN_00b1bc70","00b1bc70","0"
"","Global","FUN_009a7ac0","009a7ac0","","Global","FUN_00b1c7d0","00b1c7d0","0"
"","Global","FUN_009a8070","009a8070","","Global","FUN_00b1cd80","00b1cd80","0"
"","Global","FUN_009a82d0","009a82d0","","Global","FUN_00b1cfe0","00b1cfe0","0"
"","Global","FUN_009a8350","009a8350","","Global","FUN_00b1d060","00b1d060","0"
"","Global","FUN_009a8450","009a8450","","Global","FUN_00b1d160","00b1d160","0"
"","Global","FUN_009a8470","009a8470","","Global","FUN_00b1d180","00b1d180","0"
"","Global","FUN_009a95f0","009a95f0","","Global","FUN_00b1e300","00b1e300","0"
"","Global","FUN_009a9b20","009a9b20","","Global","FUN_00b1e830","00b1e830","0"
"","Global","FUN_009a9bb0","009a9bb0","","Global","FUN_00b1e8c0","00b1e8c0","0"
"","Global","FUN_009a9e80","009a9e80","","Global","FUN_00b1eb90","00b1eb90","0"
"","Global","FUN_009ac6f0","009ac6f0","","Global","FUN_00b21400","00b21400","0"
"","Global","FUN_009ac830","009ac830","","Global","FUN_00b21540","00b21540","0"
"","Global","FUN_009acac0","009acac0","","Global","FUN_00b217d0","00b217d0","0"
"","Global","FUN_009acc90","009acc90","","Global","FUN_00b219a0","00b219a0","0"
"","Global","FUN_009accf0","009accf0","","Global","FUN_00b21a00","00b21a00","0"
"","Global","FUN_009aced0","009aced0","","Global","FUN_00b21be0","00b21be0","0"
"","Global","FUN_009ad400","009ad400","","Global","FUN_00b22110","00b22110","0"
"","Global","FUN_009adc30","009adc30","","Global","FUN_00b22940","00b22940","0"
"","Global","FUN_009aded0","009aded0","","Global","FUN_00b22be0","00b22be0","0"
"","Global","FUN_009adf10","009adf10","","Global","FUN_00b22c20","00b22c20","0"
"","Global","FUN_009adfc0","009adfc0","","Global","FUN_00b22cd0","00b22cd0","0"
"","Global","FUN_009ae090","009ae090","","Global","FUN_00b22da0","00b22da0","0"
"","Global","FUN_009ae560","009ae560","","Global","FUN_00b23270","00b23270","0"
"","Global","FUN_009ae580","009ae580","","Global","FUN_00b23290","00b23290","0"
"","Global","FUN_009aead0","009aead0","","Global","FUN_00b237e0","00b237e0","0"
"","Global","FUN_009af2c0","009af2c0","","Global","FUN_00b23fd0","00b23fd0","0"
"","Global","FUN_009afab0","009afab0","","Global","FUN_00b247c0","00b247c0","0"
"","Global","FUN_009afb70","009afb70","","Global","FUN_00b24880","00b24880","0"
"","Global","FUN_009afc00","009afc00","","Global","FUN_00b24910","00b24910","0"
"","Global","FUN_009b01c0","009b01c0","","Global","FUN_00b24ed0","00b24ed0","0"
"","Global","FUN_009b0e90","009b0e90","","Global","FUN_00b25ba0","00b25ba0","0"
"","Global","FUN_009b0f40","009b0f40","","Global","FUN_00b25c50","00b25c50","0"
"","Global","FUN_009b11a0","009b11a0","","Global","FUN_00b25eb0","00b25eb0","0"
"","Global","FUN_009b11d0","009b11d0","","Global","FUN_00b25ee0","00b25ee0","0"
"","Global","FUN_009b1220","009b1220","","Global","FUN_00b25f30","00b25f30","0"
"","Global","FUN_009b1250","009b1250","","Global","FUN_00b25f60","00b25f60","0"
"","Global","FUN_009b12d0","009b12d0","","Global","FUN_00b25fe0","00b25fe0","0"
"","Global","FUN_009b1390","009b1390","","Global","FUN_00b260a0","00b260a0","0"
"","Global","FUN_009b14c0","009b14c0","","Global","FUN_00b261d0","00b261d0","0"
"","Global","FUN_009b1530","009b1530","","Global","FUN_00b26240","00b26240","0"
"","Global","FUN_009b1680","009b1680","","Global","FUN_00b26390","00b26390","0"
"","Global","FUN_009b1b30","009b1b30","","Global","FUN_00b26840","00b26840","0"
"","Global","FUN_009b1ff0","009b1ff0","","Global","FUN_00b26d10","00b26d10","0"
"","Global","FUN_009b2560","009b2560","","Global","FUN_00b27280","00b27280","0"
"","Global","FUN_009b2730","009b2730","","Global","FUN_00b27450","00b27450","0"
"","Global","FUN_009b2770","009b2770","","Global","FUN_00b27490","00b27490","0"
"","Global","FUN_009b27a0","009b27a0","","Global","FUN_00b274c0","00b274c0","0"
"","Global","FUN_009b2800","009b2800","","Global","FUN_00b27520","00b27520","0"
"","Global","FUN_009b28a0","009b28a0","","Global","FUN_00b275c0","00b275c0","0"
"","Global","FUN_009b28d0","009b28d0","","Global","FUN_00b275f0","00b275f0","0"
"","Global","FUN_009b2910","009b2910","","Global","FUN_00b27630","00b27630","0"
"","Global","FUN_009b2dd0","009b2dd0","","Global","FUN_00b27af0","00b27af0","0"
"","Global","FUN_009b3420","009b3420","","Global","FUN_00b28140","00b28140","0"
"","Global","FUN_009b34f0","009b34f0","","Global","FUN_00b28210","00b28210","0"
"","Global","FUN_009b3580","009b3580","","Global","FUN_00b282a0","00b282a0","0"
"","Global","FUN_009b36e0","009b36e0","","Global","FUN_00b28400","00b28400","0"
"","Global","FUN_009b3740","009b3740","","Global","FUN_00b28460","00b28460","0"
"","Global","FUN_009b38d0","009b38d0","","Global","FUN_00b285f0","00b285f0","0"
"","Global","FUN_009b3930","009b3930","","Global","FUN_00b28650","00b28650","0"
"","Global","FUN_009b39c0","009b39c0","","Global","FUN_00b286e0","00b286e0","0"
"","Global","FUN_009b39f0","009b39f0","","Global","FUN_00b28710","00b28710","0"
"","Global","FUN_009b3aa0","009b3aa0","","Global","FUN_00b287c0","00b287c0","0"
"","Global","FUN_009b3ad0","009b3ad0","","Global","FUN_00b287f0","00b287f0","0"
"","Global","FUN_009b4480","009b4480","","Global","FUN_00b291a0","00b291a0","0"
"","Global","FUN_009b44e0","009b44e0","","Global","FUN_00b29200","00b29200","0"
"","Global","FUN_009b4570","009b4570","","Global","FUN_00b29290","00b29290","0"
"","Global","FUN_009b4760","009b4760","","Global","FUN_00b29480","00b29480","0"
"","Global","FUN_009b4960","009b4960","","Global","FUN_00b29680","00b29680","0"
"","Global","FUN_009b4d20","009b4d20","","Global","FUN_00b29a40","00b29a40","0"
"","Global","FUN_009b4df0","009b4df0","","Global","FUN_00b29b10","00b29b10","0"
"","Global","FUN_009b4f60","009b4f60","","Global","FUN_00b29c80","00b29c80","0"
"","Global","FUN_009b4fa0","009b4fa0","","Global","FUN_00b29cc0","00b29cc0","0"
"","Global","FUN_009b5000","009b5000","","Global","FUN_00b29d20","00b29d20","0"
"","Global","FUN_009b51f0","009b51f0","","Global","FUN_00b29f10","00b29f10","0"
"","Global","FUN_009b5340","009b5340","","Global","FUN_00b2a060","00b2a060","0"
"","Global","FUN_009b5490","009b5490","","Global","FUN_00b2a1b0","00b2a1b0","0"
"","Global","FUN_009b5580","009b5580","","Global","FUN_00b2a2a0","00b2a2a0","0"
"","Global","FUN_009b56a0","009b56a0","","Global","FUN_00b2a3c0","00b2a3c0","0"
"","Global","FUN_009b5780","009b5780","","Global","FUN_00b2a4a0","00b2a4a0","0"
"","Global","FUN_009b5a00","009b5a00","","Global","FUN_00b2a720","00b2a720","0"
"","Global","FUN_009b5a40","009b5a40","","Global","FUN_00b2a760","00b2a760","0"
"","Global","FUN_009b5bf0","009b5bf0","","Global","FUN_00b2a910","00b2a910","0"
"","Global","FUN_009b5c70","009b5c70","","Global","FUN_00b2a990","00b2a990","0"
"","Global","FUN_009b5d30","009b5d30","","Global","FUN_00b2aa50","00b2aa50","0"
"","Global","FUN_009b5ec0","009b5ec0","","Global","FUN_00b2abe0","00b2abe0","0"
"","Global","FUN_009b6390","009b6390","","Global","FUN_00b2b0b0","00b2b0b0","0"
"","Global","FUN_009b6660","009b6660","","Global","FUN_00b2b380","00b2b380","0"
"","Global","FUN_009b67f0","009b67f0","","Global","FUN_00b2b510","00b2b510","0"
"","Global","FUN_009b6890","009b6890","","Global","FUN_00b2b5b0","00b2b5b0","0"
"","Global","FUN_009b69a0","009b69a0","","Global","FUN_00b2b6c0","00b2b6c0","0"
"","Global","FUN_009b6b50","009b6b50","","Global","FUN_00b2b870","00b2b870","0"
"","Global","FUN_009b6c10","009b6c10","","Global","FUN_00b2b930","00b2b930","0"
"","Global","FUN_009b6d20","009b6d20","","Global","FUN_00b2ba40","00b2ba40","0"
"","Global","FUN_009b6f10","009b6f10","","Global","FUN_00b2bc30","00b2bc30","0"
"","Global","FUN_009b7050","009b7050","","Global","FUN_00b2bd70","00b2bd70","0"
"","Global","FUN_009b73c0","009b73c0","","Global","FUN_00b2c0e0","00b2c0e0","0"
"","Global","FUN_009b74d0","009b74d0","","Global","FUN_00b2c1f0","00b2c1f0","0"
"","Global","FUN_009b75e0","009b75e0","","Global","FUN_00b2c300","00b2c300","0"
"","Global","FUN_009b7740","009b7740","","Global","FUN_00b2c460","00b2c460","0"
"","Global","FUN_009b7880","009b7880","","Global","FUN_00b2c5a0","00b2c5a0","0"
"","Global","FUN_009b7a30","009b7a30","","Global","FUN_00b2c750","00b2c750","0"
"","Global","FUN_009b7a70","009b7a70","","Global","FUN_00b2c790","00b2c790","0"
"","Global","FUN_009b7aa0","009b7aa0","","Global","FUN_00b2c7c0","00b2c7c0","0"
"","Global","FUN_009b7ac0","009b7ac0","","Global","FUN_00b2c7e0","00b2c7e0","0"
"","Global","FUN_009b7c00","009b7c00","","Global","FUN_00b2c920","00b2c920","0"
"","Global","FUN_009b7e00","009b7e00","","Global","FUN_00b2cb30","00b2cb30","0"
"","Global","FUN_009babf0","009babf0","","Global","FUN_00b2f920","00b2f920","0"
"","Global","FUN_009bacc0","009bacc0","","Global","FUN_00b2f9f0","00b2f9f0","0"
"","Global","FUN_009baea0","009baea0","","Global","FUN_00b2fbd0","00b2fbd0","0"
"","Global","FUN_009bb0e0","009bb0e0","","Global","FUN_00b2fe10","00b2fe10","0"
"","Global","FUN_009bb360","009bb360","","Global","FUN_00b30090","00b30090","0"
"","Global","FUN_009bb440","009bb440","","Global","FUN_00b30170","00b30170","0"
"","Global","FUN_009bb5f0","009bb5f0","","Global","FUN_00b30320","00b30320","0"
"","Global","FUN_009bb660","009bb660","","Global","FUN_00b30390","00b30390","0"
"","Global","FUN_009bba40","009bba40","","Global","FUN_00b30770","00b30770","0"
"","Global","FUN_009bbac0","009bbac0","","Global","FUN_00b307f0","00b307f0","0"
"","Global","FUN_009bbaf0","009bbaf0","","Global","FUN_00b30820","00b30820","0"
"","Global","FUN_009bbb70","009bbb70","","Global","FUN_00b308a0","00b308a0","0"
"","Global","FUN_009bbf40","009bbf40","","Global","FUN_00b30c70","00b30c70","0"
"","Global","FUN_009bbf90","009bbf90","","Global","FUN_00b30cc0","00b30cc0","0"
"","Global","FUN_009bbfc0","009bbfc0","","Global","FUN_00b30cf0","00b30cf0","0"
"","Global","FUN_009bc090","009bc090","","Global","FUN_00b30dc0","00b30dc0","0"
"","Global","FUN_009bc0d0","009bc0d0","","Global","FUN_00b30e00","00b30e00","0"
"","Global","FUN_009bc180","009bc180","","Global","FUN_00b30eb0","00b30eb0","0"
"","Global","FUN_009bc3c0","009bc3c0","","Global","FUN_00b310f0","00b310f0","0"
"","Global","FUN_009bc560","009bc560","","Global","FUN_00b31290","00b31290","0"
"","Global","FUN_009bc5e0","009bc5e0","","Global","FUN_00b31310","00b31310","0"
"","Global","FUN_009bc670","009bc670","","Global","FUN_00b313a0","00b313a0","0"
"","Global","FUN_009bc740","009bc740","","Global","FUN_00b31470","00b31470","0"
"","Global","FUN_009bc980","009bc980","","Global","FUN_00b316b0","00b316b0","0"
"","Global","FUN_009bcb40","009bcb40","","Global","FUN_00b31870","00b31870","0"
"","Global","FUN_009bcbf0","009bcbf0","","Global","FUN_00b31920","00b31920","0"
"","Global","FUN_009bccd0","009bccd0","","Global","FUN_00b31a00","00b31a00","0"
"","Global","FUN_009bcee0","009bcee0","","Global","FUN_00b31c10","00b31c10","0"
"","Global","FUN_009bcf00","009bcf00","","Global","FUN_00b31c30","00b31c30","0"
"","Global","FUN_009bcfb0","009bcfb0","","Global","FUN_00b31ce0","00b31ce0","0"
"","Global","FUN_009bd190","009bd190","","Global","FUN_00b31ec0","00b31ec0","0"
"","Global","FUN_009bd310","009bd310","","Global","FUN_00b32040","00b32040","0"
"","Global","FUN_009bd420","009bd420","","Global","FUN_00b32150","00b32150","0"
"","Global","FUN_009bdb30","009bdb30","","Global","FUN_00b32860","00b32860","0"
"","Global","FUN_009bdc40","009bdc40","","Global","FUN_00b32970","00b32970","0"
"","Global","FUN_009bde50","009bde50","","Global","FUN_00b32b80","00b32b80","0"
"","Global","FUN_009be1e0","009be1e0","","Global","FUN_00b32f10","00b32f10","0"
"","Global","FUN_009be370","009be370","","Global","FUN_00b330a0","00b330a0","0"
"","Global","FUN_009be4f0","009be4f0","","Global","FUN_00b33220","00b33220","0"
"","Global","FUN_009be5e0","009be5e0","","Global","FUN_00b33310","00b33310","0"
"","Global","FUN_009be980","009be980","","Global","FUN_00b336b0","00b336b0","0"
"","Global","FUN_009beb70","009beb70","","Global","FUN_00b338a0","00b338a0","0"
"","Global","FUN_009beef0","009beef0","","Global","FUN_00b33c20","00b33c20","0"
"","Global","FUN_009bf0a0","009bf0a0","","Global","FUN_00b33dd0","00b33dd0","0"
"","Global","FUN_009bf430","009bf430","","Global","FUN_00b34160","00b34160","0"
"","Global","FUN_009bf620","009bf620","","Global","FUN_00b34350","00b34350","0"
"","Global","FUN_009bf640","009bf640","","Global","FUN_00b34370","00b34370","0"
"","Global","FUN_009bfd90","009bfd90","","Global","FUN_00b34ac0","00b34ac0","0"
"","Global","FUN_009c0c90","009c0c90","","Global","FUN_00b359c0","00b359c0","0"
"","Global","FUN_009c14c0","009c14c0","","Global","FUN_00b361f0","00b361f0","0"
"","Global","FUN_009c1540","009c1540","","Global","FUN_00b36270","00b36270","0"
"","Global","FUN_009c1900","009c1900","","Global","FUN_00b36630","00b36630","0"
"","Global","FUN_009c1cd0","009c1cd0","","Global","FUN_00b36a00","00b36a00","0"
"","Global","FUN_009c2a00","009c2a00","","Global","FUN_00b37730","00b37730","0"
"","Global","FUN_009c2ad0","009c2ad0","","Global","FUN_00b37800","00b37800","0"
"","Global","FUN_009c2e80","009c2e80","","Global","FUN_00b37bb0","00b37bb0","0"
"","Global","FUN_009c2f60","009c2f60","","Global","FUN_00b37c90","00b37c90","0"
"","Global","FUN_009c3060","009c3060","","Global","FUN_00b37d90","00b37d90","0"
"","Global","FUN_009c31d0","009c31d0","","Global","FUN_00b37f00","00b37f00","0"
"","Global","FUN_009c3310","009c3310","","Global","FUN_00b38040","00b38040","0"
"","Global","FUN_009c3410","009c3410","","Global","FUN_00b38140","00b38140","0"
"","Global","FUN_009c34c0","009c34c0","","Global","FUN_00b381f0","00b381f0","0"
"","Global","FUN_009c3570","009c3570","","Global","FUN_00b382a0","00b382a0","0"
"","Global","FUN_009c3590","009c3590","","Global","FUN_00b382c0","00b382c0","0"
"","Global","FUN_009c35c0","009c35c0","","Global","FUN_00b382f0","00b382f0","0"
"","Global","FUN_009c3630","009c3630","","Global","FUN_00b38360","00b38360","0"
"","Global","FUN_009c36f0","009c36f0","","Global","FUN_00b38420","00b38420","0"
"","Global","FUN_009c39d0","009c39d0","","Global","FUN_00b38700","00b38700","0"
"","Global","FUN_009c41d0","009c41d0","","Global","FUN_00b38f00","00b38f00","0"
"","Global","FUN_009c42f0","009c42f0","","Global","FUN_00b39020","00b39020","0"
"","Global","FUN_009c4320","009c4320","","Global","FUN_00b39050","00b39050","0"
"","Global","FUN_009c43a0","009c43a0","","Global","FUN_00b390d0","00b390d0","0"
"","Global","FUN_009c4410","009c4410","","Global","FUN_00b39140","00b39140","0"
"","Global","FUN_009c4740","009c4740","","Global","FUN_00b39470","00b39470","0"
"","Global","FUN_009c4c60","009c4c60","","Global","FUN_00b39990","00b39990","0"
"","Global","FUN_009c5100","009c5100","","Global","FUN_00b39e30","00b39e30","0"
"","Global","FUN_009c52c0","009c52c0","","Global","FUN_00b39ff0","00b39ff0","0"
"","Global","FUN_009c5380","009c5380","","Global","FUN_00b3a0b0","00b3a0b0","0"
"","Global","FUN_009c54e0","009c54e0","","Global","FUN_00b3a210","00b3a210","0"
"","Global","FUN_009c5670","009c5670","","Global","FUN_00b3a3a0","00b3a3a0","0"
"","Global","FUN_009c5960","009c5960","","Global","FUN_00b3a690","00b3a690","0"
"","Global","FUN_009c5a10","009c5a10","","Global","FUN_00b3a740","00b3a740","0"
"","Global","FUN_009c5a60","009c5a60","","Global","FUN_00b3a790","00b3a790","0"
"","Global","FUN_009c5ba0","009c5ba0","","Global","FUN_00b3a8d0","00b3a8d0","0"
"","Global","FUN_009c5d70","009c5d70","","Global","FUN_00b3aaa0","00b3aaa0","0"
"","Global","FUN_009c5e70","009c5e70","","Global","FUN_00b3aba0","00b3aba0","0"
"","Global","FUN_009c5f00","009c5f00","","Global","FUN_00b3ac30","00b3ac30","0"
"","Global","FUN_009c65c0","009c65c0","","Global","FUN_00b3b2f0","00b3b2f0","0"
"","Global","FUN_009c9c30","009c9c30","","Global","FUN_00b3e960","00b3e960","0"
"","Global","FUN_009c9df0","009c9df0","","Global","FUN_00b3eb20","00b3eb20","0"
"","Global","FUN_009c9fe0","009c9fe0","","Global","FUN_00b3ed10","00b3ed10","0"
"","Global","FUN_009ca0a0","009ca0a0","","Global","FUN_00b3edd0","00b3edd0","0"
"","Global","FUN_009ca0c0","009ca0c0","","Global","FUN_00b3edf0","00b3edf0","0"
"","Global","FUN_009ca0f0","009ca0f0","","Global","FUN_00b3ee20","00b3ee20","0"
"","Global","FUN_009ca880","009ca880","","Global","FUN_00b3f5b0","00b3f5b0","0"
"","Global","FUN_009ca940","009ca940","","Global","FUN_00b3f670","00b3f670","0"
"","Global","FUN_009ca9f0","009ca9f0","","Global","FUN_00b3f720","00b3f720","0"
"","Global","FUN_009cad50","009cad50","","Global","FUN_00b3fa80","00b3fa80","0"
"","Global","FUN_009caea0","009caea0","","Global","FUN_00b3fbd0","00b3fbd0","0"
"","Global","FUN_009cc4e0","009cc4e0","","Global","FUN_00b41210","00b41210","0"
"","Global","FUN_009cc740","009cc740","","Global","FUN_00b41470","00b41470","0"
"","Global","FUN_009cff60","009cff60","","Global","FUN_00b44c90","00b44c90","0"
"","Global","FUN_009d0850","009d0850","","Global","FUN_00b45580","00b45580","0"
"","Global","FUN_009d0a60","009d0a60","","Global","FUN_00b45790","00b45790","0"
"","Global","FUN_009d0ad0","009d0ad0","","Global","FUN_00b45800","00b45800","0"
"","Global","FUN_009d0c00","009d0c00","","Global","FUN_00b45930","00b45930","0"
"","Global","FUN_009d0ee0","009d0ee0","","Global","FUN_00b45c10","00b45c10","0"
"","Global","FUN_009d0f10","009d0f10","","Global","FUN_00b45c40","00b45c40","0"
"","Global","FUN_009d0f70","009d0f70","","Global","FUN_00b45ca0","00b45ca0","0"
"","Global","FUN_009d10c0","009d10c0","","Global","FUN_00b45df0","00b45df0","0"
"","Global","FUN_009d12e0","009d12e0","","Global","FUN_00b46010","00b46010","0"
"","Global","FUN_009d14d0","009d14d0","","Global","FUN_00b46200","00b46200","0"
"","Global","FUN_009d15d0","009d15d0","","Global","FUN_00b46300","00b46300","0"
"","Global","FUN_009d1cd0","009d1cd0","","Global","FUN_00b46a00","00b46a00","0"
"","Global","FUN_009d1f90","009d1f90","","Global","FUN_00b46cc0","00b46cc0","0"
"","Global","FUN_009d2710","009d2710","","Global","FUN_00b47440","00b47440","0"
"","Global","FUN_009d2740","009d2740","","Global","FUN_00b47470","00b47470","0"
"","Global","FUN_009d2800","009d2800","","Global","FUN_00b47530","00b47530","0"
"","Global","FUN_009d2830","009d2830","","Global","FUN_00b47560","00b47560","0"
"","Global","FUN_009d28e0","009d28e0","","Global","FUN_00b47610","00b47610","0"
"","Global","FUN_009d2990","009d2990","","Global","FUN_00b476c0","00b476c0","0"
"","Global","FUN_009d2a90","009d2a90","","Global","FUN_00b477c0","00b477c0","0"
"","Global","FUN_009d32d0","009d32d0","","Global","FUN_00b48000","00b48000","0"
"","Global","FUN_009d32f0","009d32f0","","Global","FUN_00b48020","00b48020","0"
"","Global","FUN_009d33e0","009d33e0","","Global","FUN_00b48110","00b48110","0"
"","Global","FUN_009d3430","009d3430","","Global","FUN_00b48160","00b48160","0"
"","Global","FUN_009d35c0","009d35c0","","Global","FUN_00b482f0","00b482f0","0"
"","Global","FUN_009d36b0","009d36b0","","Global","FUN_00b483e0","00b483e0","0"
"","Global","FUN_009d38e0","009d38e0","","Global","FUN_00b48610","00b48610","0"
"","Global","FUN_009d4500","009d4500","","Global","FUN_00b49230","00b49230","0"
"","Global","FUN_009d47e0","009d47e0","","Global","FUN_00b49510","00b49510","0"
"","Global","FUN_009d4860","009d4860","","Global","FUN_00b49590","00b49590","0"
"","Global","FUN_009d4900","009d4900","","Global","FUN_00b49630","00b49630","0"
"","Global","FUN_009d4950","009d4950","","Global","FUN_00b49680","00b49680","0"
"","Global","FUN_009d4aa0","009d4aa0","","Global","FUN_00b497d0","00b497d0","0"
"","Global","FUN_009d4b80","009d4b80","","Global","FUN_00b498b0","00b498b0","0"
"","Global","FUN_009d4c80","009d4c80","","Global","FUN_00b499b0","00b499b0","0"
"","Global","FUN_009d4cc0","009d4cc0","","Global","FUN_00b499f0","00b499f0","0"
"","Global","FUN_009d4ce0","009d4ce0","","Global","FUN_00b49a10","00b49a10","0"
"","Global","FUN_009d4d20","009d4d20","","Global","FUN_00b49a50","00b49a50","0"
"","Global","FUN_009d4d50","009d4d50","","Global","FUN_00b49a80","00b49a80","0"
"","Global","FUN_009d4d90","009d4d90","","Global","FUN_00b49ac0","00b49ac0","0"
"","Global","FUN_009d4e60","009d4e60","","Global","FUN_00b49b90","00b49b90","0"
"","Global","FUN_009d55b0","009d55b0","","Global","FUN_00b4a2e0","00b4a2e0","0"
"","Global","FUN_009d5710","009d5710","","Global","FUN_00b4a440","00b4a440","0"
"","Global","FUN_009d57a0","009d57a0","","Global","FUN_00b4a4d0","00b4a4d0","0"
"","Global","FUN_009d5990","009d5990","","Global","FUN_00b4a6c0","00b4a6c0","0"
"","Global","FUN_009d63c0","009d63c0","","Global","FUN_00b4b0f0","00b4b0f0","0"
"","Global","FUN_009d6410","009d6410","","Global","FUN_00b4b140","00b4b140","0"
"","Global","FUN_009d6f10","009d6f10","","Global","FUN_00b4bc40","00b4bc40","0"
"","Global","FUN_009d7540","009d7540","","Global","FUN_00b4c270","00b4c270","0"
"","Global","FUN_009d7580","009d7580","","Global","FUN_00b4c2b0","00b4c2b0","0"
"","Global","FUN_009d7780","009d7780","","Global","FUN_00b4c4b0","00b4c4b0","0"
"","Global","FUN_009d77e0","009d77e0","","Global","FUN_00b4c510","00b4c510","0"
"","Global","FUN_009d7840","009d7840","","Global","FUN_00b4c570","00b4c570","0"
"","Global","FUN_009d78e0","009d78e0","","Global","FUN_00b4c610","00b4c610","0"
"","Global","FUN_009d7c20","009d7c20","","Global","FUN_00b4c950","00b4c950","0"
"","Global","FUN_009d7e00","009d7e00","","Global","FUN_00b4cb30","00b4cb30","0"
"","Global","FUN_009d7f60","009d7f60","","Global","FUN_00b4cc90","00b4cc90","0"
"","Global","FUN_009d8060","009d8060","","Global","FUN_00b4cd90","00b4cd90","0"
"","Global","FUN_009d8180","009d8180","","Global","FUN_00b4ceb0","00b4ceb0","0"
"","Global","FUN_009d8470","009d8470","","Global","FUN_00b4d1a0","00b4d1a0","0"
"","Global","FUN_009d8ff0","009d8ff0","","Global","FUN_00b4dd20","00b4dd20","0"
"","Global","FUN_009d90e0","009d90e0","","Global","FUN_00b4de10","00b4de10","0"
"","Global","FUN_009d9130","009d9130","","Global","FUN_00b4de60","00b4de60","0"
"","Global","FUN_009d9330","009d9330","","Global","FUN_00b4e060","00b4e060","0"
"","Global","FUN_009d9380","009d9380","","Global","FUN_00b4e0b0","00b4e0b0","0"
"","Global","FUN_009d93f0","009d93f0","","Global","FUN_00b4e120","00b4e120","0"
"","Global","FUN_009d9470","009d9470","","Global","FUN_00b4e1a0","00b4e1a0","0"
"","Global","FUN_009d9700","009d9700","","Global","FUN_00b4e430","00b4e430","0"
"","Global","FUN_009d9b60","009d9b60","","Global","FUN_00b4e890","00b4e890","0"
"2","ATL::CComCritSecLock<class_ATL::CComCriticalSection>","CComCritSecLock<class_ATL::CComCriticalSection>","009d9bec","2","ATL::CComCritSecLock<class_ATL::CComCriticalSection>","CComCritSecLock<class_ATL::CComCriticalSection>","00abeeb4","0"
"2","ATL::CAtlBaseModule","CAtlBaseModule","009d9c20","2","ATL::CAtlBaseModule","CAtlBaseModule","00abeee8","0"
"2","ATL::_ATL_BASE_MODULE70","_ATL_BASE_MODULE70","009d9c82","2","ATL::_ATL_BASE_MODULE70","_ATL_BASE_MODULE70","00abef4a","0"
"","Global","FUN_009d9ca5","009d9ca5","","Global","FUN_00abef6d","00abef6d","0"
"2","ATL::CAtlBaseModule","~CAtlBaseModule","009d9cc1","2","ATL::CAtlBaseModule","~CAtlBaseModule","00abef89","0"
"2","ATL::CSimpleArray<struct_HINSTANCE__*\,class_ATL::CSimpleArrayEqualHelper<struct_HINSTANCE__*>_>","operator[]","009d9ce0","2","ATL::CSimpleArray<struct_HINSTANCE__*\,class_ATL::CSimpleArrayEqualHelper<struct_HINSTANCE__*>_>","operator[]","00abefa8","0"
"","Global","FUN_009d9d0a","009d9d0a","","Global","FUN_00abefd2","00abefd2","0"
"2","ATL::CAtlBaseModule","AddResourceInstance","009d9d82","2","ATL::CAtlBaseModule","AddResourceInstance","00abf04a","0"
"2","ATL::CAtlBaseModule","GetHInstanceAt","009d9db5","2","ATL::CAtlBaseModule","GetHInstanceAt","00abf07d","0"
"2","ATL::CComCriticalSection","Init","009d9dfe","2","ATL::CComCriticalSection","Init","00abf0c6","0"
"","Global","InternalSetAtIndex","009d9e27","","Global","InternalSetAtIndex","00abf0ef","0"
"","Global","FUN_009d9e41","009d9e41","","Global","FUN_00abf109","00abf109","0"
"2","ATL::CSimpleArray<struct_HINSTANCE__*\,class_ATL::CSimpleArrayEqualHelper<struct_HINSTANCE__*>_>","RemoveAll","009d9e5e","2","ATL::CSimpleArray<struct_HINSTANCE__*\,class_ATL::CSimpleArrayEqualHelper<struct_HINSTANCE__*>_>","RemoveAll","00abf126","0"
"2","ATL::CSimpleArray<struct_HINSTANCE__*\,class_ATL::CSimpleArrayEqualHelper<struct_HINSTANCE__*>_>","RemoveAt","009d9e7b","2","ATL::CSimpleArray<struct_HINSTANCE__*\,class_ATL::CSimpleArrayEqualHelper<struct_HINSTANCE__*>_>","RemoveAt","00abf143","0"
"2","ATL::CAtlBaseModule","RemoveResourceInstance","009d9ec3","2","ATL::CAtlBaseModule","RemoveResourceInstance","00abf18b","0"
"","Global","FUN_009d9f2a","009d9f2a","","Global","FUN_00abf1f2","00abf1f2","0"
"","Global","FUN_009d9f45","009d9f45","","Global","FUN_00abf20d","00abf20d","0"
"","Global","FUN_009d9fa2","009d9fa2","","Global","FUN_00abf26a","00abf26a","0"
"2","ATL::CAtlStringMgr","CAtlStringMgr","009d9ffb","2","ATL::CAtlStringMgr","CAtlStringMgr","00abf2c3","0"
"","Global","FUN_009da03c","009da03c","","Global","FUN_00abf304","00abf304","0"
"2","ATL::CWin32Heap","~CWin32Heap","009da05c","2","ATL::CWin32Heap","~CWin32Heap","00abf324","0"
"","Global","FUN_009da078","009da078","","Global","FUN_00abf340","00abf340","0"
"2","ATL::CAtlStringMgr","Allocate","009da0c2","2","ATL::CAtlStringMgr","Allocate","00abf38a","0"
"","Global","FUN_009da142","009da142","","Global","FUN_00abf40a","00abf40a","0"
"","Global","FUN_009da169","009da169","","Global","FUN_00abf431","00abf431","0"
"2","ATL::CAtlStringMgr","Reallocate","009da18c","2","ATL::CAtlStringMgr","Reallocate","00abf454","0"
"2","ATL::CWin32Heap","Reallocate","009da1eb","2","ATL::CWin32Heap","Reallocate","00abf4b3","0"
"2","Global","`vector_destructor_iterator'","009da22d","2","Global","`vector_destructor_iterator'","00abf4f5","0"
"","Global","FUN_009da350","009da350","","Global","FUN_00857280","00857280","0"
"","Global","MagicFile_GetEffectOverlayTable","009da370","","Global","FUN_008572a0","008572a0","0"
"","Global","FUN_009df9d0","009df9d0","","Global","FUN_008e18d0","008e18d0","0"
"","Global","FUN_009e1320","009e1320","","Global","FUN_00b909a0","00b909a0","0"
"","Global","FUN_009e13d0","009e13d0","","Global","FUN_00b90a50","00b90a50","0"
"","Global","FUN_009e1400","009e1400","","Global","FUN_00b90a80","00b90a80","0"
"","Global","FUN_009e14a0","009e14a0","","Global","FUN_00b90b20","00b90b20","0"
"","Global","FUN_009e18f0","009e18f0","","Global","FUN_00b90f70","00b90f70","0"
"","Global","FUN_009e19b0","009e19b0","","Global","FUN_00b91030","00b91030","0"
"","Global","FUN_009e2310","009e2310","","Global","FUN_00b91990","00b91990","0"
"","Global","FUN_009e2400","009e2400","","Global","FUN_00b91a80","00b91a80","0"
"","Global","FUN_009e26e0","009e26e0","","Global","FUN_00b91d60","00b91d60","0"
"","Global","FUN_009e4410","009e4410","","Global","FUN_00b93a90","00b93a90","0"
"","Global","FUN_009e46b0","009e46b0","","Global","FUN_00b93d30","00b93d30","0"
"","Global","FUN_009eaab0","009eaab0","","Global","FUN_00b9a120","00b9a120","0"
"","Global","FUN_009eaaf0","009eaaf0","","Global","FUN_00b9a160","00b9a160","0"
"","Global","FUN_009eaed0","009eaed0","","Global","FUN_00b9a540","00b9a540","0"
"","Global","FUN_009eb060","009eb060","","Global","FUN_00b9a6d0","00b9a6d0","0"
"","Global","FUN_009eb470","009eb470","","Global","FUN_00b9aae0","00b9aae0","0"
"","Global","FUN_009eca40","009eca40","","Global","FUN_00b9c0a0","00b9c0a0","0"
"","Global","FUN_009eca80","009eca80","","Global","FUN_00b9c0e0","00b9c0e0","0"
"","Global","FUN_009ecaa0","009ecaa0","","Global","FUN_00b9c100","00b9c100","0"
"","Global","FUN_009ecc70","009ecc70","","Global","FUN_00b9c2d0","00b9c2d0","0"
"","Global","FUN_009ecc80","009ecc80","","Global","FUN_00b9c2e0","00b9c2e0","0"
"","Global","FUN_009eccb0","009eccb0","","Global","FUN_00b9c310","00b9c310","0"
"","Global","FUN_009ee7b0","009ee7b0","","Global","FUN_00b9de10","00b9de10","0"
"","Global","FUN_009ee7f0","009ee7f0","","Global","FUN_00b9de50","00b9de50","0"
"","Global","FUN_009ee860","009ee860","","Global","FUN_00b9ded0","00b9ded0","0"
"","Global","FUN_009ef0f0","009ef0f0","","Global","FUN_00b9e760","00b9e760","0"
"","Global","FUN_009ef180","009ef180","","Global","FUN_00b9e7f0","00b9e7f0","0"
"","Global","FUN_009f0330","009f0330","","Global","FUN_00b9f9a0","00b9f9a0","0"
"","Global","FUN_009f0350","009f0350","","Global","FUN_00b9f9c0","00b9f9c0","0"
"","Global","FUN_009f03c0","009f03c0","","Global","FUN_00b9fa30","00b9fa30","0"
"","Global","FUN_009f0430","009f0430","","Global","FUN_00b9faa0","00b9faa0","0"
"","Global","FUN_009f0570","009f0570","","Global","FUN_00b9fbe0","00b9fbe0","0"
"","Global","FUN_009f06a0","009f06a0","","Global","FUN_00b9fd10","00b9fd10","0"
"","Global","FUN_009f06d0","009f06d0","","Global","FUN_00b9fd40","00b9fd40","0"
"","Global","FUN_009f0810","009f0810","","Global","FUN_00b9fe80","00b9fe80","0"
"","Global","FUN_009f08c0","009f08c0","","Global","FUN_00b9ff30","00b9ff30","0"
"","Global","FUN_009f09e0","009f09e0","","Global","FUN_00932280","00932280","0"
"","Global","FUN_009f0ae0","009f0ae0","","Global","FUN_00932380","00932380","0"
"","Global","FUN_009f0b60","009f0b60","","Global","FUN_00932400","00932400","0"
"","Global","FUN_009f0c80","009f0c80","","Global","FUN_00932520","00932520","0"
"","Global","FUN_009f0d20","009f0d20","","Global","FUN_009325c0","009325c0","0"
"","Global","FUN_009f0e40","009f0e40","","Global","FUN_009326e0","009326e0","0"
"","Global","FUN_009f0f50","009f0f50","","Global","FUN_009327f0","009327f0","0"
"","Global","FUN_009f1060","009f1060","","Global","FUN_00932900","00932900","0"
"","Global","FUN_009f10e0","009f10e0","","Global","FUN_00932980","00932980","0"
"","Global","FUN_009f1180","009f1180","","Global","FUN_00932a20","00932a20","0"
"","Global","FUN_009f1230","009f1230","","Global","FUN_00932ad0","00932ad0","0"
"","Global","FUN_009f13c0","009f13c0","","Global","FUN_00932c60","00932c60","0"
"","Global","FUN_009f1450","009f1450","","Global","FUN_00932cf0","00932cf0","0"
"","Global","FUN_009f15d0","009f15d0","","Global","FUN_00932e70","00932e70","0"
"","Global","FUN_009f1630","009f1630","","Global","FUN_00932ed0","00932ed0","0"
"","Global","FUN_009f16c0","009f16c0","","Global","FUN_00932f60","00932f60","0"
"","Global","FUN_009f17c0","009f17c0","","Global","FUN_00933060","00933060","0"
"","Global","FUN_009f1900","009f1900","","Global","FUN_009331a0","009331a0","0"
"","Global","FUN_009f1970","009f1970","","Global","FUN_00933210","00933210","0"
"","Global","FUN_009f1a30","009f1a30","","Global","FUN_009332d0","009332d0","0"
"","Global","FUN_009f1c60","009f1c60","","Global","FUN_00933500","00933500","0"
"","Global","FUN_009f2000","009f2000","","Global","FUN_009338a0","009338a0","0"
"","Global","FUN_009f2030","009f2030","","Global","FUN_009338d0","009338d0","0"
"","Global","FUN_009f2090","009f2090","","Global","FUN_00933930","00933930","0"
"","Global","FUN_009f20f0","009f20f0","","Global","FUN_00933990","00933990","0"
"","Global","FUN_009f2150","009f2150","","Global","FUN_009339f0","009339f0","0"
"","Global","FUN_009f2180","009f2180","","Global","FUN_00933a20","00933a20","0"
"","Global","FUN_009f21b0","009f21b0","","Global","FUN_00933a50","00933a50","0"
"","Global","FUN_009f21e0","009f21e0","","Global","FUN_00933a80","00933a80","0"
"","Global","FUN_009f2250","009f2250","","Global","FUN_00933af0","00933af0","0"
"","Global","FUN_009f2580","009f2580","","Global","FUN_00933e20","00933e20","0"
"","Global","FUN_009f26c0","009f26c0","","Global","FUN_00933f60","00933f60","0"
"","Global","FUN_009f27b0","009f27b0","","Global","FUN_00934080","00934080","0"
"","Global","FUN_009f2890","009f2890","","Global","FUN_00934160","00934160","0"
"","Global","FUN_009f2a60","009f2a60","","Global","FUN_00934330","00934330","0"
"","Global","FUN_009f2d50","009f2d50","","Global","FUN_00934620","00934620","0"
"","Global","FUN_009f2d70","009f2d70","","Global","FUN_00934640","00934640","0"
"","Global","FUN_009f2ea0","009f2ea0","","Global","FUN_00934770","00934770","0"
"","Global","FUN_009f2f20","009f2f20","","Global","FUN_009347f0","009347f0","0"
"","Global","FUN_009f2fd0","009f2fd0","","Global","FUN_009348a0","009348a0","0"
"","Global","FUN_009f30d0","009f30d0","","Global","FUN_009349a0","009349a0","0"
"","Global","FUN_009f3160","009f3160","","Global","FUN_00934a30","00934a30","0"
"","Global","FUN_009f3590","009f3590","","Global","FUN_00934e60","00934e60","0"
"","Global","FUN_009f3660","009f3660","","Global","FUN_00934f30","00934f30","0"
"","Global","FUN_009f3a40","009f3a40","","Global","FUN_00935300","00935300","0"
"","Global","FUN_009f3bc0","009f3bc0","","Global","FUN_00935480","00935480","0"
"","Global","FUN_009f3c30","009f3c30","","Global","FUN_009354f0","009354f0","0"
"","Global","FUN_009f4000","009f4000","","Global","FUN_009358c0","009358c0","0"
"","Global","FUN_009f4100","009f4100","","Global","FUN_009359c0","009359c0","0"
"","Global","FUN_009f4650","009f4650","","Global","FUN_00ba0120","00ba0120","0"
"","Global","FUN_009f6ae0","009f6ae0","","Global","FUN_008df2a0","008df2a0","0"
"","Global","FUN_009f6e70","009f6e70","","Global","FUN_008df630","008df630","0"
"","Global","FUN_009f9090","009f9090","","Global","FUN_008e19a0","008e19a0","0"
"","Global","FUN_009f9330","009f9330","","Global","FUN_008e1c40","008e1c40","0"
"","Global","FUN_009f9600","009f9600","","Global","FUN_008e1f10","008e1f10","0"
"","Global","FUN_009fb830","009fb830","","Global","FUN_008e4180","008e4180","0"
"","Global","FUN_009fbb30","009fbb30","","Global","FUN_008e4480","008e4480","0"
"","Global","FUN_009fbd40","009fbd40","","Global","FUN_008e4690","008e4690","0"
"","Global","FUN_009fbd90","009fbd90","","Global","FUN_008e46e0","008e46e0","0"
"","Global","FUN_009fbfb0","009fbfb0","","Global","FUN_008e4900","008e4900","0"
"","Global","FUN_009fbff0","009fbff0","","Global","FUN_008e4940","008e4940","0"
"","Global","FUN_009fc160","009fc160","","Global","FUN_008e4ab0","008e4ab0","0"
"","Global","FUN_009fc2b0","009fc2b0","","Global","FUN_008e4c00","008e4c00","0"
"","Global","FUN_009fc310","009fc310","","Global","FUN_008e4c60","008e4c60","0"
"","Global","FUN_009fc480","009fc480","","Global","FUN_008e4dd0","008e4dd0","0"
"","Global","FUN_009fc4e0","009fc4e0","","Global","FUN_008e4e30","008e4e30","0"
"","Global","FUN_009fc540","009fc540","","Global","FUN_008e4ee0","008e4ee0","0"
"","Global","FUN_009fc6f0","009fc6f0","","Global","FUN_008e5090","008e5090","0"
"","Global","FUN_009fc7e0","009fc7e0","","Global","FUN_008e5180","008e5180","0"
"","Global","FUN_009fc970","009fc970","","Global","FUN_008e5310","008e5310","0"
"","Global","FUN_009fc9e0","009fc9e0","","Global","FUN_008e5380","008e5380","0"
"","Global","FUN_009fcb80","009fcb80","","Global","FUN_008e5520","008e5520","0"
"","Global","FUN_009fcbb0","009fcbb0","","Global","FUN_008e5550","008e5550","0"
"","Global","FUN_009fce90","009fce90","","Global","FUN_008e5830","008e5830","0"
"","Global","FUN_009fd080","009fd080","","Global","FUN_008e5a20","008e5a20","0"
"","Global","FUN_009fd270","009fd270","","Global","FUN_008e5c80","008e5c80","0"
"","Global","FUN_009fd390","009fd390","","Global","FUN_008e5da0","008e5da0","0"
"","Global","FUN_009fdb80","009fdb80","","Global","FUN_008e6590","008e6590","0"
"","Global","FUN_009fdc00","009fdc00","","Global","FUN_008e6610","008e6610","0"
"","Global","FUN_009fdd30","009fdd30","","Global","FUN_008e6740","008e6740","0"
"","Global","FUN_009fdee0","009fdee0","","Global","FUN_008e68f0","008e68f0","0"
"","Global","FUN_009fdf60","009fdf60","","Global","FUN_008e6970","008e6970","0"
"","Global","FUN_009fe020","009fe020","","Global","FUN_008e6a30","008e6a30","0"
"","Global","FUN_009fe0d0","009fe0d0","","Global","FUN_008e6ae0","008e6ae0","0"
"","Global","FUN_009fe2a0","009fe2a0","","Global","FUN_008e6cb0","008e6cb0","0"
"","Global","FUN_009fe3a0","009fe3a0","","Global","FUN_008e6db0","008e6db0","0"
"","Global","FUN_009fe640","009fe640","","Global","FUN_008e7050","008e7050","0"
"","Global","FUN_009fe790","009fe790","","Global","FUN_008e71a0","008e71a0","0"
"","Global","FUN_009fe890","009fe890","","Global","FUN_008e72a0","008e72a0","0"
"","Global","FUN_009fea00","009fea00","","Global","FUN_008e7410","008e7410","0"
"","Global","FUN_009fec50","009fec50","","Global","FUN_008e7670","008e7670","0"
"","Global","FUN_009ff050","009ff050","","Global","FUN_008e7a70","008e7a70","0"
"","Global","FUN_009ff2c0","009ff2c0","","Global","FUN_008e7ce0","008e7ce0","0"
"","Global","FUN_009ffa00","009ffa00","","Global","FUN_008e8420","008e8420","0"
"","Global","FUN_009ffb50","009ffb50","","Global","FUN_008e8590","008e8590","0"
"","Global","FUN_009ffca0","009ffca0","","Global","FUN_008e86e0","008e86e0","0"
"","Global","FUN_009ffd70","009ffd70","","Global","FUN_008e87b0","008e87b0","0"
"","Global","FUN_009fff20","009fff20","","Global","FUN_008e8960","008e8960","0"
"","Global","FUN_00a00010","00a00010","","Global","FUN_008e8a50","008e8a50","0"
"","Global","FUN_00a00160","00a00160","","Global","FUN_008e8ba0","008e8ba0","0"
"","Global","FUN_00a00600","00a00600","","Global","FUN_008e9040","008e9040","0"
"","Global","FUN_00a00a70","00a00a70","","Global","FUN_008e94b0","008e94b0","0"
"","Global","FUN_00a00e40","00a00e40","","Global","FUN_008e9880","008e9880","0"
"","Global","FUN_00a00ea0","00a00ea0","","Global","FUN_008e98e0","008e98e0","0"
"","Global","FUN_00a00ed0","00a00ed0","","Global","FUN_008e9910","008e9910","0"
"","Global","FUN_00a01040","00a01040","","Global","FUN_008e9ae0","008e9ae0","0"
"","Global","FUN_00a026d0","00a026d0","","Global","FUN_008eb200","008eb200","0"
"","Global","FUN_00a02950","00a02950","","Global","FUN_008eb480","008eb480","0"
"","Global","FUN_00a03220","00a03220","","Global","FUN_008ebdb0","008ebdb0","0"
"","Global","FUN_00a03500","00a03500","","Global","FUN_008ec090","008ec090","0"
"","Global","FUN_00a03ce0","00a03ce0","","Global","FUN_008ec870","008ec870","0"
"","Global","FUN_00a03dc0","00a03dc0","","Global","FUN_008ec950","008ec950","0"
"","Global","FUN_00a042c0","00a042c0","","Global","FUN_008ece70","008ece70","0"
"","Global","FUN_00a04460","00a04460","","Global","FUN_008ed010","008ed010","0"
"","Global","FUN_00a045d0","00a045d0","","Global","FUN_008ed180","008ed180","0"
"","Global","FUN_00a04750","00a04750","","Global","FUN_008ed300","008ed300","0"
"","Global","FUN_00a04920","00a04920","","Global","FUN_008ed4d0","008ed4d0","0"
"","Global","FUN_00a04b20","00a04b20","","Global","FUN_008ed6e0","008ed6e0","0"
"","Global","FUN_00a04e50","00a04e50","","Global","FUN_008eda10","008eda10","0"
"","Global","FUN_00a053c0","00a053c0","","Global","FUN_008edf80","008edf80","0"
"","Global","FUN_00a05930","00a05930","","Global","FUN_008ee4f0","008ee4f0","0"
"","Global","FUN_00a05e70","00a05e70","","Global","FUN_008eea30","008eea30","0"
"","Global","FUN_00a06120","00a06120","","Global","FUN_008eece0","008eece0","0"
"","Global","FUN_00a06470","00a06470","","Global","FUN_008ef030","008ef030","0"
"","Global","FUN_00a06750","00a06750","","Global","FUN_008ef310","008ef310","0"
"","Global","FUN_00a06a30","00a06a30","","Global","FUN_008ef5f0","008ef5f0","0"
"","Global","FUN_00a06ab0","00a06ab0","","Global","FUN_008ef670","008ef670","0"
"","Global","FUN_00a06e60","00a06e60","","Global","FUN_008efa20","008efa20","0"
"","Global","FUN_00a07450","00a07450","","Global","FUN_008f0010","008f0010","0"
"","Global","FUN_00a07700","00a07700","","Global","FUN_008f02e0","008f02e0","0"
"","Global","FUN_00a07740","00a07740","","Global","FUN_008f0320","008f0320","0"
"","Global","FUN_00a077d0","00a077d0","","Global","FUN_008f03b0","008f03b0","0"
"","Global","FUN_00a07b30","00a07b30","","Global","FUN_008f0710","008f0710","0"
"","Global","FUN_00a07f00","00a07f00","","Global","FUN_008f0ae0","008f0ae0","0"
"","Global","FUN_00a0c7d0","00a0c7d0","","Global","FUN_008f5410","008f5410","0"
"","Global","FUN_00a0e4b0","00a0e4b0","","Global","FUN_008f7230","008f7230","0"
"","Global","FUN_00a0e520","00a0e520","","Global","FUN_008f72a0","008f72a0","0"
"","Global","FUN_00a0e5d0","00a0e5d0","","Global","FUN_008f7350","008f7350","0"
"","Global","FUN_00a0e620","00a0e620","","Global","FUN_008f73a0","008f73a0","0"
"","Global","FUN_00a0e820","00a0e820","","Global","FUN_008f75a0","008f75a0","0"
"","Global","FUN_00a0e8f0","00a0e8f0","","Global","FUN_008f7670","008f7670","0"
"","Global","FUN_00a0ee00","00a0ee00","","Global","FUN_008f7b80","008f7b80","0"
"","Global","FUN_00a0ef00","00a0ef00","","Global","FUN_008f7c80","008f7c80","0"
"","Global","FUN_00a0f140","00a0f140","","Global","FUN_008f7ec0","008f7ec0","0"
"","Global","FUN_00a0f220","00a0f220","","Global","FUN_008f7fa0","008f7fa0","0"
"","Global","FUN_00a0f850","00a0f850","","Global","FUN_008f85d0","008f85d0","0"
"","Global","FUN_00a0f910","00a0f910","","Global","FUN_008f8690","008f8690","0"
"","Global","FUN_00a0f970","00a0f970","","Global","FUN_008f86f0","008f86f0","0"
"","Global","FUN_00a0f9e0","00a0f9e0","","Global","FUN_008f8760","008f8760","0"
"","Global","FUN_00a0fc10","00a0fc10","","Global","FUN_008f8990","008f8990","0"
"","Global","FUN_00a0fd00","00a0fd00","","Global","FUN_008f8a80","008f8a80","0"
"","Global","FUN_00a0fe60","00a0fe60","","Global","FUN_008f8be0","008f8be0","0"
"","Global","FUN_00a0ff50","00a0ff50","","Global","FUN_008f8cd0","008f8cd0","0"
"","Global","FUN_00a10590","00a10590","","Global","FUN_008f9310","008f9310","0"
"","Global","FUN_00a10dd0","00a10dd0","","Global","FUN_008f9b50","008f9b50","0"
"","Global","FUN_00a12470","00a12470","","Global","FUN_008fb1f0","008fb1f0","0"
"","Global","FUN_00a124d0","00a124d0","","Global","FUN_008fb250","008fb250","0"
"","Global","FUN_00a127c0","00a127c0","","Global","FUN_008fb540","008fb540","0"
"","Global","FUN_00a13400","00a13400","","Global","FUN_008fc180","008fc180","0"
"","Global","FUN_00a13920","00a13920","","Global","FUN_008fc6a0","008fc6a0","0"
"","Global","FUN_00a13990","00a13990","","Global","FUN_008fc710","008fc710","0"
"","Global","FUN_00a139c0","00a139c0","","Global","FUN_008fc740","008fc740","0"
"","Global","FUN_00a13b90","00a13b90","","Global","FUN_008fc910","008fc910","0"
"","Global","FUN_00a14570","00a14570","","Global","FUN_008fd2f0","008fd2f0","0"
"","Global","FUN_00a15c70","00a15c70","","Global","FUN_008fe9f0","008fe9f0","0"
"","Global","FUN_00a16100","00a16100","","Global","FUN_008fee80","008fee80","0"
"","Global","FUN_00a161b0","00a161b0","","Global","FUN_008fef30","008fef30","0"
"","Global","FUN_00a16420","00a16420","","Global","FUN_008ff1b0","008ff1b0","0"
"","Global","FUN_00a173e0","00a173e0","","Global","FUN_009001c0","009001c0","0"
"","Global","FUN_00a17420","00a17420","","Global","FUN_00900200","00900200","0"
"","Global","FUN_00a176d0","00a176d0","","Global","FUN_009004b0","009004b0","0"
"","Global","FUN_00a17780","00a17780","","Global","FUN_00900560","00900560","0"
"","Global","FUN_00a17860","00a17860","","Global","FUN_00900640","00900640","0"
"","Global","FUN_00a179a0","00a179a0","","Global","FUN_00900780","00900780","0"
"","Global","FUN_00a17bd0","00a17bd0","","Global","FUN_009009b0","009009b0","0"
"","Global","FUN_00a17da0","00a17da0","","Global","FUN_00900b80","00900b80","0"
"","Global","FUN_00a17e00","00a17e00","","Global","FUN_00900be0","00900be0","0"
"","Global","FUN_00a17ec0","00a17ec0","","Global","FUN_00900ca0","00900ca0","0"
"","Global","FUN_00a18020","00a18020","","Global","FUN_00900e00","00900e00","0"
"","Global","FUN_00a18230","00a18230","","Global","FUN_00901010","00901010","0"
"","Global","FUN_00a18270","00a18270","","Global","FUN_00901050","00901050","0"
"","Global","FUN_00a182f0","00a182f0","","Global","FUN_009010d0","009010d0","0"
"","Global","FUN_00a185a0","00a185a0","","Global","FUN_00901380","00901380","0"
"","Global","FUN_00a18870","00a18870","","Global","FUN_00901650","00901650","0"
"","Global","FUN_00a18a80","00a18a80","","Global","FUN_00901860","00901860","0"
"","Global","FUN_00a18c80","00a18c80","","Global","FUN_00901a60","00901a60","0"
"","Global","FUN_00a18f20","00a18f20","","Global","FUN_00901d00","00901d00","0"
"","Global","FUN_00a190a0","00a190a0","","Global","FUN_00901e80","00901e80","0"
"","Global","FUN_00a191f0","00a191f0","","Global","FUN_00901fd0","00901fd0","0"
"","Global","FUN_00a19470","00a19470","","Global","FUN_00902250","00902250","0"
"","Global","FUN_00a19620","00a19620","","Global","FUN_00902400","00902400","0"
"","Global","FUN_00a19970","00a19970","","Global","FUN_00902750","00902750","0"
"","Global","FUN_00a19cb0","00a19cb0","","Global","FUN_00902a90","00902a90","0"
"","Global","FUN_00a19cf0","00a19cf0","","Global","FUN_00902ad0","00902ad0","0"
"","Global","FUN_00a19ee0","00a19ee0","","Global","FUN_00902cc0","00902cc0","0"
"","Global","FUN_00a1a020","00a1a020","","Global","FUN_00902e00","00902e00","0"
"","Global","FUN_00a1a190","00a1a190","","Global","FUN_00902f70","00902f70","0"
"","Global","FUN_00a1a2c0","00a1a2c0","","Global","FUN_009030a0","009030a0","0"
"","Global","FUN_00a1a350","00a1a350","","Global","FUN_00903130","00903130","0"
"","Global","FUN_00a1a4f0","00a1a4f0","","Global","FUN_009032d0","009032d0","0"
"","Global","FUN_00a1a6c0","00a1a6c0","","Global","FUN_009034a0","009034a0","0"
"","Global","FUN_00a1a720","00a1a720","","Global","FUN_00903500","00903500","0"
"","Global","FUN_00a1a830","00a1a830","","Global","FUN_00903610","00903610","0"
"","Global","FUN_00a1ab00","00a1ab00","","Global","FUN_009038e0","009038e0","0"
"","Global","FUN_00a1acc0","00a1acc0","","Global","FUN_00903aa0","00903aa0","0"
"","Global","FUN_00a1ae00","00a1ae00","","Global","FUN_00903be0","00903be0","0"
"","Global","FUN_00a1b070","00a1b070","","Global","FUN_00903e50","00903e50","0"
"","Global","FUN_00a1b190","00a1b190","","Global","FUN_00903f80","00903f80","0"
"","Global","FUN_00a1b1c0","00a1b1c0","","Global","FUN_00903fb0","00903fb0","0"
"","Global","FUN_00a1b200","00a1b200","","Global","FUN_00903ff0","00903ff0","0"
"","Global","FUN_00a1b2a0","00a1b2a0","","Global","FUN_009040e0","009040e0","0"
"","Global","FUN_00a1b560","00a1b560","","Global","FUN_00904410","00904410","0"
"","Global","FUN_00a1b620","00a1b620","","Global","FUN_009044d0","009044d0","0"
"","Global","FUN_00a1b710","00a1b710","","Global","FUN_009045c0","009045c0","0"
"","Global","FUN_00a1b870","00a1b870","","Global","FUN_00904720","00904720","0"
"","Global","FUN_00a1b8f0","00a1b8f0","","Global","FUN_009047a0","009047a0","0"
"","Global","FUN_00a1b9d0","00a1b9d0","","Global","FUN_00904880","00904880","0"
"","Global","FUN_00a1c9a0","00a1c9a0","","Global","FUN_00905850","00905850","0"
"","Global","FUN_00a1ca10","00a1ca10","","Global","FUN_009058c0","009058c0","0"
"","Global","FUN_00a1d2b0","00a1d2b0","","Global","FUN_00906160","00906160","0"
"","Global","FUN_00a1de20","00a1de20","","Global","FUN_00906cd0","00906cd0","0"
"","Global","FUN_00a1e8e0","00a1e8e0","","Global","FUN_00907790","00907790","0"
"","Global","FUN_00a1eb10","00a1eb10","","Global","FUN_009079c0","009079c0","0"
"","Global","FUN_00a1eea0","00a1eea0","","Global","FUN_00907d50","00907d50","0"
"","Global","FUN_00a1f220","00a1f220","","Global","FUN_009080d0","009080d0","0"
"","Global","FUN_00a1f950","00a1f950","","Global","FUN_00908800","00908800","0"
"","Global","FUN_00a20360","00a20360","","Global","FUN_00909210","00909210","0"
"","Global","FUN_00a206d0","00a206d0","","Global","FUN_00909580","00909580","0"
"","Global","FUN_00a20cd0","00a20cd0","","Global","FUN_00909b80","00909b80","0"
"","Global","FUN_00a20fe0","00a20fe0","","Global","FUN_00909e90","00909e90","0"
"","Global","FUN_00a215d0","00a215d0","","Global","FUN_0090a480","0090a480","0"
"","Global","FUN_00a219e0","00a219e0","","Global","FUN_0090a890","0090a890","0"
"","Global","FUN_00a21a20","00a21a20","","Global","FUN_0090a8d0","0090a8d0","0"
"","Global","FUN_00a21aa0","00a21aa0","","Global","FUN_0090a950","0090a950","0"
"","Global","FUN_00a21b20","00a21b20","","Global","FUN_0090a9d0","0090a9d0","0"
"","Global","FUN_00a21ba0","00a21ba0","","Global","FUN_0090aa50","0090aa50","0"
"","Global","FUN_00a21c40","00a21c40","","Global","FUN_0090aaf0","0090aaf0","0"
"","Global","FUN_00a21cc0","00a21cc0","","Global","FUN_0090ab70","0090ab70","0"
"","Global","FUN_00a21cf0","00a21cf0","","Global","FUN_0090aba0","0090aba0","0"
"","Global","FUN_00a21da0","00a21da0","","Global","FUN_0090ac50","0090ac50","0"
"","Global","FUN_00a220b0","00a220b0","","Global","FUN_0090af60","0090af60","0"
"","Global","FUN_00a227a0","00a227a0","","Global","FUN_0090b650","0090b650","0"
"","Global","FUN_00a22a40","00a22a40","","Global","FUN_0090b8f0","0090b8f0","0"
"","Global","FUN_00a22be0","00a22be0","","Global","FUN_0090ba90","0090ba90","0"
"","Global","FUN_00a23080","00a23080","","Global","FUN_0090bf30","0090bf30","0"
"","Global","FUN_00a23110","00a23110","","Global","FUN_0090bfc0","0090bfc0","0"
"","Global","FUN_00a23280","00a23280","","Global","FUN_0090c130","0090c130","0"
"","Global","FUN_00a233f0","00a233f0","","Global","FUN_0090c2a0","0090c2a0","0"
"","Global","FUN_00a234e0","00a234e0","","Global","FUN_0090c390","0090c390","0"
"","Global","FUN_00a235f0","00a235f0","","Global","FUN_0090c4a0","0090c4a0","0"
"","Global","FUN_00a236c0","00a236c0","","Global","FUN_0090c570","0090c570","0"
"","Global","FUN_00a23780","00a23780","","Global","FUN_0090c630","0090c630","0"
"","Global","FUN_00a23ad0","00a23ad0","","Global","FUN_0090c9c0","0090c9c0","0"
"","Global","FUN_00a23b20","00a23b20","","Global","FUN_0090ca10","0090ca10","0"
"","Global","FUN_00a23b40","00a23b40","","Global","FUN_0090ca30","0090ca30","0"
"","Global","FUN_00a24a60","00a24a60","","Global","FUN_0090da10","0090da10","0"
"","Global","FUN_00a24b00","00a24b00","","Global","FUN_0090dab0","0090dab0","0"
"","Global","FUN_00a24d60","00a24d60","","Global","FUN_0090dd10","0090dd10","0"
"","Global","FUN_00a24e70","00a24e70","","Global","FUN_0090de20","0090de20","0"
"","Global","FUN_00a24e80","00a24e80","","Global","FUN_0090de30","0090de30","0"
"","Global","FUN_00a24fb0","00a24fb0","","Global","FUN_0090dfe0","0090dfe0","0"
"","Global","FUN_00a24fe0","00a24fe0","","Global","FUN_0090e010","0090e010","0"
"","Global","FUN_00a25020","00a25020","","Global","FUN_0090e050","0090e050","0"
"","Global","FUN_00a25150","00a25150","","Global","FUN_0090e1c0","0090e1c0","0"
"","Global","FUN_00a25410","00a25410","","Global","FUN_0090e480","0090e480","0"
"","Global","FUN_00a25960","00a25960","","Global","FUN_009154e0","009154e0","0"
"","Global","FUN_00a25990","00a25990","","Global","FUN_00915510","00915510","0"
"","Global","FUN_00a25a50","00a25a50","","Global","FUN_009155d0","009155d0","0"
"","Global","FUN_00a25ab0","00a25ab0","","Global","FUN_00915630","00915630","0"
"","Global","FUN_00a25db0","00a25db0","","Global","FUN_00915930","00915930","0"
"","Global","FUN_00a25eb0","00a25eb0","","Global","FUN_00915a30","00915a30","0"
"","Global","FUN_00a26100","00a26100","","Global","FUN_00915c80","00915c80","0"
"","Global","FUN_00a262e0","00a262e0","","Global","FUN_00915e60","00915e60","0"
"","Global","FUN_00a265a0","00a265a0","","Global","FUN_00916120","00916120","0"
"","Global","FUN_00a265f0","00a265f0","","Global","FUN_00916170","00916170","0"
"","Global","FUN_00a266b0","00a266b0","","Global","FUN_00916230","00916230","0"
"","Global","FUN_00a267f0","00a267f0","","Global","FUN_00916370","00916370","0"
"","Global","FUN_00a26970","00a26970","","Global","FUN_009164f0","009164f0","0"
"","Global","FUN_00a26a20","00a26a20","","Global","FUN_009165a0","009165a0","0"
"","Global","FUN_00a26bd0","00a26bd0","","Global","FUN_00916750","00916750","0"
"","Global","FUN_00a26c50","00a26c50","","Global","FUN_009167d0","009167d0","0"
"","Global","FUN_00a26c90","00a26c90","","Global","FUN_00916810","00916810","0"
"","Global","FUN_00a26ce0","00a26ce0","","Global","FUN_00916860","00916860","0"
"","Global","FUN_00a26e70","00a26e70","","Global","FUN_0090e9d0","0090e9d0","0"
"","Global","FUN_00a26f30","00a26f30","","Global","FUN_0090eaa0","0090eaa0","0"
"","Global","FUN_00a26fe0","00a26fe0","","Global","FUN_0090eb50","0090eb50","0"
"","Global","FUN_00a27040","00a27040","","Global","FUN_0090ebb0","0090ebb0","0"
"","Global","FUN_00a270a0","00a270a0","","Global","FUN_0090ec10","0090ec10","0"
"","Global","FUN_00a27110","00a27110","","Global","FUN_0090ec80","0090ec80","0"
"","Global","FUN_00a27170","00a27170","","Global","FUN_0090ece0","0090ece0","0"
"","Global","FUN_00a273b0","00a273b0","","Global","FUN_0090ef20","0090ef20","0"
"","Global","FUN_00a27650","00a27650","","Global","FUN_0090f1c0","0090f1c0","0"
"","Global","FUN_00a27880","00a27880","","Global","FUN_0090f3f0","0090f3f0","0"
"","Global","FUN_00a278f0","00a278f0","","Global","FUN_0090f460","0090f460","0"
"","Global","FUN_00a279b0","00a279b0","","Global","FUN_0090f520","0090f520","0"
"","Global","FUN_00a27bd0","00a27bd0","","Global","FUN_0090f740","0090f740","0"
"","Global","FUN_00a27cb0","00a27cb0","","Global","FUN_0090f820","0090f820","0"
"","Global","FUN_00a27cf0","00a27cf0","","Global","FUN_0090f8a0","0090f8a0","0"
"","Global","FUN_00a27e20","00a27e20","","Global","FUN_0090f9e0","0090f9e0","0"
"","Global","FUN_00a27e90","00a27e90","","Global","FUN_0090fa50","0090fa50","0"
"","Global","FUN_00a27ee0","00a27ee0","","Global","FUN_0090faa0","0090faa0","0"
"","Global","FUN_00a27f20","00a27f20","","Global","FUN_0090fae0","0090fae0","0"
"","Global","FUN_00a28330","00a28330","","Global","FUN_0090fef0","0090fef0","0"
"","Global","FUN_00a28350","00a28350","","Global","FUN_0090ff20","0090ff20","0"
"","Global","FUN_00a28430","00a28430","","Global","FUN_00910020","00910020","0"
"","Global","FUN_00a284a0","00a284a0","","Global","FUN_00910090","00910090","0"
"","Global","FUN_00a288b0","00a288b0","","Global","FUN_0092a580","0092a580","0"
"","Global","FUN_00a288f0","00a288f0","","Global","FUN_0092a5c0","0092a5c0","0"
"","Global","FUN_00a28a20","00a28a20","","Global","FUN_0092a6f0","0092a6f0","0"
"","Global","FUN_00a28a40","00a28a40","","Global","FUN_0092a710","0092a710","0"
"","Global","FUN_00a28b00","00a28b00","","Global","FUN_0092a7d0","0092a7d0","0"
"","Global","FUN_00a28b20","00a28b20","","Global","FUN_0092a7f0","0092a7f0","0"
"","Global","FUN_00a28b60","00a28b60","","Global","FUN_0092a830","0092a830","0"
"","IggyMenu","callIggyAS3External","00a28ba0","","Global","FUN_0092a870","0092a870","0"
"","Global","FUN_00a28c00","00a28c00","","Global","FUN_0092a8d0","0092a8d0","0"
"","Global","FUN_00a28c10","00a28c10","","Global","FUN_0092a8e0","0092a8e0","0"
"","Global","iggyDataValueSet","00a28d30","","Global","FUN_0092aa00","0092aa00","0"
"","Global","FUN_00a28d50","00a28d50","","Global","FUN_0092aa20","0092aa20","0"
"","Global","iggyDataValueSet","00a28d70","","Global","FUN_0092aa40","0092aa40","0"
"","Global","FUN_00a28db0","00a28db0","","Global","FUN_0092aa80","0092aa80","0"
"","Global","FUN_00a28dd0","00a28dd0","","Global","FUN_0092aaa0","0092aaa0","0"
"","Global","FUN_00a28df0","00a28df0","","Global","FUN_0092aac0","0092aac0","0"
"","Global","FUN_00a28e40","00a28e40","","Global","FUN_0092ab10","0092ab10","0"
"","Global","FUN_00a28e90","00a28e90","","Global","FUN_0092ab60","0092ab60","0"
"","Global","FUN_00a28eb0","00a28eb0","","Global","FUN_0092ab80","0092ab80","0"
"","Global","FUN_00a28f00","00a28f00","","Global","FUN_0092abd0","0092abd0","0"
"","Global","FUN_00a28f40","00a28f40","","Global","FUN_0092ac10","0092ac10","0"
"","Global","FUN_00a28ff0","00a28ff0","","Global","FUN_0092acc0","0092acc0","0"
"","Global","FUN_00a29030","00a29030","","Global","FUN_0095c8c0","0095c8c0","0"
"","Global","FUN_00a29080","00a29080","","Global","FUN_0095c910","0095c910","0"
"","Global","FUN_00a290d0","00a290d0","","Global","FUN_0095c960","0095c960","0"
"","Global","FUN_00a29140","00a29140","","Global","FUN_0095c9d0","0095c9d0","0"
"","Global","FUN_00a29320","00a29320","","Global","FUN_0095cc20","0095cc20","0"
"","Global","FUN_00a29360","00a29360","","Global","FUN_0095cc60","0095cc60","0"
"","Global","FUN_00a295a0","00a295a0","","Global","FUN_0095cea0","0095cea0","0"
"","Global","FUN_00a29700","00a29700","","Global","FUN_0095d040","0095d040","0"
"","Global","FUN_00a29770","00a29770","","Global","FUN_0095d0b0","0095d0b0","0"
"","Global","FUN_00a29ee0","00a29ee0","","Global","FUN_0095d820","0095d820","0"
"","Global","FUN_00a2a0e0","00a2a0e0","","Global","FUN_0095da20","0095da20","0"
"","Global","FUN_00a2a110","00a2a110","","Global","FUN_0095da50","0095da50","0"
"","Global","FUN_00a2a400","00a2a400","","Global","FUN_0095dd40","0095dd40","0"
"","Global","FUN_00a2a440","00a2a440","","Global","FUN_0095dd80","0095dd80","0"
"","Global","FUN_00a2a490","00a2a490","","Global","FUN_0095ddd0","0095ddd0","0"
"","Global","FUN_00a2a650","00a2a650","","Global","FUN_0095df90","0095df90","0"
"","Global","FUN_00a2a810","00a2a810","","Global","FUN_0095e160","0095e160","0"
"","Global","FUN_00a2a8f0","00a2a8f0","","Global","FUN_0095e240","0095e240","0"
"","Global","FUN_00a2aa30","00a2aa30","","Global","FUN_0095e380","0095e380","0"
"","Global","FUN_00a2aac0","00a2aac0","","Global","FUN_0095e410","0095e410","0"
"","Global","FUN_00a2ad80","00a2ad80","","Global","FUN_0095e6d0","0095e6d0","0"
"","Global","FUN_00a2ba70","00a2ba70","","Global","FUN_0095f3d0","0095f3d0","0"
"","Global","FUN_00a2bab0","00a2bab0","","Global","FUN_0095f410","0095f410","0"
"","Global","FUN_00a2c020","00a2c020","","Global","FUN_0095f980","0095f980","0"
"","Global","FUN_00a2c350","00a2c350","","Global","FUN_0095fcb0","0095fcb0","0"
"","Global","FUN_00a2c660","00a2c660","","Global","FUN_0095ffc0","0095ffc0","0"
"","Global","FUN_00a2d1a0","00a2d1a0","","Global","FUN_00960b10","00960b10","0"
"","Global","FUN_00a2d520","00a2d520","","Global","FUN_00960e90","00960e90","0"
"","Global","FUN_00a2d570","00a2d570","","Global","FUN_00960ee0","00960ee0","0"
"","Global","FUN_00a2ef20","00a2ef20","","Global","FUN_00a53860","00a53860","0"
"","Global","FUN_00a2ef70","00a2ef70","","Global","FUN_00a538b0","00a538b0","0"
"","Global","FUN_00a2f560","00a2f560","","Global","FUN_00a53ea0","00a53ea0","0"
"","Global","FUN_00a2f5e0","00a2f5e0","","Global","FUN_00a53f20","00a53f20","0"
"","Global","FUN_00a2f740","00a2f740","","Global","FUN_00a54080","00a54080","0"
"","Global","FUN_00a2f760","00a2f760","","Global","FUN_00a540a0","00a540a0","0"
"","Global","FUN_00a2f780","00a2f780","","Global","FUN_00a540c0","00a540c0","0"
"","Global","FUN_00a2f7a0","00a2f7a0","","Global","FUN_00a540e0","00a540e0","0"
"","Global","FUN_00a2f7d0","00a2f7d0","","Global","FUN_00a54110","00a54110","0"
"","Global","FUN_00a2f9b0","00a2f9b0","","Global","FUN_00a542f0","00a542f0","0"
"","Global","FUN_00a2fe40","00a2fe40","","Global","FUN_00a54780","00a54780","0"
"","Global","FUN_00a2fe70","00a2fe70","","Global","FUN_00a547b0","00a547b0","0"
"","Global","FUN_00a30260","00a30260","","Global","FUN_00a54ba0","00a54ba0","0"
"","Global","FUN_00a305a0","00a305a0","","Global","FUN_00a54ee0","00a54ee0","0"
"","Global","FUN_00a30600","00a30600","","Global","FUN_00a54f40","00a54f40","0"
"","Global","FUN_00a30c90","00a30c90","","Global","FUN_00a55650","00a55650","0"
"","Global","FUN_00a30e20","00a30e20","","Global","FUN_00a557e0","00a557e0","0"
"","Global","FUN_00a30e50","00a30e50","","Global","FUN_00a55810","00a55810","0"
"","Global","FUN_00a30eb0","00a30eb0","","Global","FUN_00a55870","00a55870","0"
"","Global","FUN_00a30fb0","00a30fb0","","Global","FUN_00a55970","00a55970","0"
"","Global","FUN_00a312c0","00a312c0","","Global","FUN_00a55c80","00a55c80","0"
"","Global","FUN_00a32150","00a32150","","Global","FUN_00a56b10","00a56b10","0"
"","Global","FUN_00a33220","00a33220","","Global","FUN_00ba27b0","00ba27b0","0"
"","Global","FUN_00a34560","00a34560","","Global","FUN_00ba3af0","00ba3af0","0"
"","Global","FUN_00a34ac0","00a34ac0","","Global","FUN_00a36250","00a36250","0"
"","Global","FUN_00a34ae0","00a34ae0","","Global","FUN_00a36270","00a36270","0"
"","Global","FUN_00a34b00","00a34b00","","Global","FUN_00a36290","00a36290","0"
"","Global","FUN_00a34b10","00a34b10","","Global","FUN_00a362a0","00a362a0","0"
"","Global","FUN_00a34bc0","00a34bc0","","Global","FUN_00a36350","00a36350","0"
"","Global","FUN_00a34cc0","00a34cc0","","Global","FUN_00a36450","00a36450","0"
"","Global","FUN_00a35670","00a35670","","Global","FUN_00a36e00","00a36e00","0"
"","Global","FUN_00a35780","00a35780","","Global","FUN_00a36f10","00a36f10","0"
"","Global","FUN_00a35a70","00a35a70","","Global","FUN_00a37200","00a37200","0"
"","Global","FUN_00a35c60","00a35c60","","Global","FUN_00a373f0","00a373f0","0"
"","Global","FUN_00a35c90","00a35c90","","Global","FUN_00a37420","00a37420","0"
"","Global","FUN_00a35fa0","00a35fa0","","Global","FUN_00a37730","00a37730","0"
"","Global","FUN_00a35fc0","00a35fc0","","Global","FUN_00a37750","00a37750","0"
"","Global","FUN_00a36040","00a36040","","Global","FUN_00a377d0","00a377d0","0"
"","Global","FUN_00a36090","00a36090","","Global","FUN_00a37820","00a37820","0"
"","Global","FUN_00a36290","00a36290","","Global","FUN_00a37a20","00a37a20","0"
"","Global","FUN_00a362c0","00a362c0","","Global","FUN_00a37a50","00a37a50","0"
"","Global","FUN_00a362e0","00a362e0","","Global","FUN_00a37a70","00a37a70","0"
"","Global","FUN_00a36300","00a36300","","Global","FUN_00a37a90","00a37a90","0"
"","Global","FUN_00a363b0","00a363b0","","Global","FUN_00a37b40","00a37b40","0"
"","Global","FUN_00a363d0","00a363d0","","Global","FUN_00a37b60","00a37b60","0"
"","Global","FUN_00a36490","00a36490","","Global","FUN_00a37c20","00a37c20","0"
"","Global","FUN_00a36590","00a36590","","Global","FUN_00a37d20","00a37d20","0"
"","Global","FUN_00a37010","00a37010","","Global","FUN_00a387a0","00a387a0","0"
"","Global","FUN_00a37170","00a37170","","Global","FUN_00a38900","00a38900","0"
"","Global","FUN_00a37410","00a37410","","Global","FUN_00a38ba0","00a38ba0","0"
"","Global","FUN_00a374e0","00a374e0","","Global","FUN_00a38c70","00a38c70","0"
"","Global","FUN_00a37910","00a37910","","Global","FUN_00a390a0","00a390a0","0"
"","Global","FUN_00a37960","00a37960","","Global","FUN_00a390f0","00a390f0","0"
"","Global","FUN_00a37ac0","00a37ac0","","Global","FUN_00a39250","00a39250","0"
"","Global","FUN_00a37b20","00a37b20","","Global","FUN_00a392b0","00a392b0","0"
"","Global","FUN_00a37b50","00a37b50","","Global","FUN_00a392e0","00a392e0","0"
"","Global","FUN_00a37c20","00a37c20","","Global","FUN_00a393b0","00a393b0","0"
"","Global","FUN_00a380b0","00a380b0","","Global","FUN_00a39840","00a39840","0"
"","Global","FUN_00a38120","00a38120","","Global","FUN_00a398b0","00a398b0","0"
"","Global","FUN_00a38180","00a38180","","Global","FUN_00a39910","00a39910","0"
"","Global","FUN_00a38300","00a38300","","Global","FUN_00a39a90","00a39a90","0"
"","Global","FUN_00a38380","00a38380","","Global","FUN_00a39b10","00a39b10","0"
"","Global","FUN_00a383a0","00a383a0","","Global","FUN_00a39b30","00a39b30","0"
"","Global","FUN_00a38450","00a38450","","Global","FUN_00a39be0","00a39be0","0"
"","Global","FUN_00a38480","00a38480","","Global","FUN_00a39c10","00a39c10","0"
"","Global","FUN_00a384b0","00a384b0","","Global","FUN_00a39c40","00a39c40","0"
"","Global","FUN_00a384d0","00a384d0","","Global","FUN_00a39c60","00a39c60","0"
"","Global","FUN_00a38560","00a38560","","Global","FUN_00a39cf0","00a39cf0","0"
"","Global","FUN_00a385f0","00a385f0","","Global","FUN_00a39d80","00a39d80","0"
"","Global","FUN_00a38670","00a38670","","Global","FUN_00a39e00","00a39e00","0"
"","Global","FUN_00a387e0","00a387e0","","Global","FUN_00a39f70","00a39f70","0"
"","Global","FUN_00a38aa0","00a38aa0","","Global","FUN_00a3a230","00a3a230","0"
"","Global","FUN_00a38be0","00a38be0","","Global","FUN_00a3a370","00a3a370","0"
"","Global","FUN_00a38c40","00a38c40","","Global","FUN_00a3a3d0","00a3a3d0","0"
"","Global","FUN_00a39200","00a39200","","Global","FUN_00a3a990","00a3a990","0"
"","Global","FUN_00a398a0","00a398a0","","Global","FUN_00a3b030","00a3b030","0"
"","Global","FUN_00a398e0","00a398e0","","Global","FUN_00a3b070","00a3b070","0"
"","Global","FUN_00a39900","00a39900","","Global","FUN_00a3b090","00a3b090","0"
"","Global","FUN_00a39940","00a39940","","Global","FUN_00a3b0d0","00a3b0d0","0"
"","Global","FUN_00a39a30","00a39a30","","Global","FUN_00a3b1c0","00a3b1c0","0"
"","Global","FUN_00a39a90","00a39a90","","Global","FUN_00a3b220","00a3b220","0"
"","Global","FUN_00a39b00","00a39b00","","Global","FUN_00a3b290","00a3b290","0"
"","Global","FUN_00a39b40","00a39b40","","Global","FUN_00a3b2d0","00a3b2d0","0"
"","Global","FUN_00a39ba0","00a39ba0","","Global","FUN_00a3b330","00a3b330","0"
"","Global","FUN_00a39bc0","00a39bc0","","Global","FUN_00a3b350","00a3b350","0"
"","Global","FUN_00a39ec0","00a39ec0","","Global","FUN_00a3b650","00a3b650","0"
"","Global","FUN_00a39f00","00a39f00","","Global","FUN_00a3b690","00a3b690","0"
"","Global","FUN_00a39f60","00a39f60","","Global","FUN_00a3b6f0","00a3b6f0","0"
"","Global","FUN_00a39fc0","00a39fc0","","Global","FUN_00a3b750","00a3b750","0"
"","Global","FUN_00a3a010","00a3a010","","Global","FUN_00a3b7a0","00a3b7a0","0"
"","Global","FUN_00a3a070","00a3a070","","Global","FUN_00a3b800","00a3b800","0"
"","Global","FUN_00a3a200","00a3a200","","Global","FUN_00a3b990","00a3b990","0"
"","Global","FUN_00a3a540","00a3a540","","Global","FUN_00a3bcd0","00a3bcd0","0"
"","Global","FUN_00a3a5f0","00a3a5f0","","Global","FUN_00a3bd80","00a3bd80","0"
"","Global","FUN_00a3a7b0","00a3a7b0","","Global","FUN_00a3bf40","00a3bf40","0"
"","Global","FUN_00a3a7f0","00a3a7f0","","Global","FUN_00a3bf80","00a3bf80","0"
"","Global","FUN_00a3a820","00a3a820","","Global","FUN_00a3bfb0","00a3bfb0","0"
"","Global","FUN_00a3a9b0","00a3a9b0","","Global","FUN_00a3c140","00a3c140","0"
"","Global","FUN_00a3a9f0","00a3a9f0","","Global","FUN_00a3c180","00a3c180","0"
"","Global","FUN_00a3abc0","00a3abc0","","Global","FUN_00a3c350","00a3c350","0"
"","Global","FUN_00a3abe0","00a3abe0","","Global","FUN_00a3c370","00a3c370","0"
"","Global","FUN_00a3ac50","00a3ac50","","Global","FUN_00a3c3e0","00a3c3e0","0"
"","Global","FUN_00a3ac90","00a3ac90","","Global","FUN_00a3c420","00a3c420","0"
"","Global","FUN_00a3afb0","00a3afb0","","Global","FUN_00a3c740","00a3c740","0"
"","Global","FUN_00a3b100","00a3b100","","Global","FUN_00a3c890","00a3c890","0"
"","Global","FUN_00a3b160","00a3b160","","Global","FUN_00a3c8f0","00a3c8f0","0"
"","Global","FUN_00a3b1e0","00a3b1e0","","Global","FUN_00a3c970","00a3c970","0"
"","Global","FUN_00a3b210","00a3b210","","Global","FUN_00a3c9a0","00a3c9a0","0"
"","Global","FUN_00a3b310","00a3b310","","Global","FUN_00a3caa0","00a3caa0","0"
"","Global","FUN_00a3b380","00a3b380","","Global","FUN_00a3cb10","00a3cb10","0"
"","Global","FUN_00a3b480","00a3b480","","Global","FUN_00a3cc10","00a3cc10","0"
"","Global","FUN_00a3b500","00a3b500","","Global","FUN_00a3cc90","00a3cc90","0"
"","Global","FUN_00a3b590","00a3b590","","Global","FUN_00a3cd20","00a3cd20","0"
"","Global","FUN_00a3b610","00a3b610","","Global","FUN_00a3cda0","00a3cda0","0"
"","Global","FUN_00a3b840","00a3b840","","Global","FUN_00a3cfd0","00a3cfd0","0"
"","Global","FUN_00a3ba10","00a3ba10","","Global","FUN_00a3d1a0","00a3d1a0","0"
"","Global","FUN_00a3ba50","00a3ba50","","Global","FUN_00a3d1e0","00a3d1e0","0"
"","Global","FUN_00a3baf0","00a3baf0","","Global","FUN_00a3d280","00a3d280","0"
"","Global","FUN_00a3bca0","00a3bca0","","Global","FUN_00a3d430","00a3d430","0"
"","Global","FUN_00a3bcd0","00a3bcd0","","Global","FUN_00a3d460","00a3d460","0"
"","Global","FUN_00a3bd40","00a3bd40","","Global","FUN_00a3d4d0","00a3d4d0","0"
"","Global","FUN_00a3bed0","00a3bed0","","Global","FUN_00a3d660","00a3d660","0"
"","Global","FUN_00a3c070","00a3c070","","Global","FUN_00a3d800","00a3d800","0"
"","Global","FUN_00a3c0f0","00a3c0f0","","Global","FUN_00a3d880","00a3d880","0"
"","Global","FUN_00a3c170","00a3c170","","Global","FUN_00a3d900","00a3d900","0"
"","Global","FUN_00a3c1b0","00a3c1b0","","Global","FUN_00a3d940","00a3d940","0"
"","Global","FUN_00a3c280","00a3c280","","Global","FUN_00a3da10","00a3da10","0"
"","Global","FUN_00a3c310","00a3c310","","Global","FUN_00a3daa0","00a3daa0","0"
"","Global","FUN_00a3c350","00a3c350","","Global","FUN_00a3dae0","00a3dae0","0"
"","Global","FUN_00a3c450","00a3c450","","Global","FUN_00a3dbe0","00a3dbe0","0"
"","Global","FUN_00a3c570","00a3c570","","Global","FUN_00a3dd00","00a3dd00","0"
"","Global","FUN_00a3c630","00a3c630","","Global","FUN_00a3ddc0","00a3ddc0","0"
"","Global","FUN_00a3c670","00a3c670","","Global","FUN_00a3de00","00a3de00","0"
"","Global","FUN_00a3c6c0","00a3c6c0","","Global","FUN_00a3de50","00a3de50","0"
"","Global","FUN_00a3ccb0","00a3ccb0","","Global","FUN_00a3e440","00a3e440","0"
"","Global","FUN_00a3cd30","00a3cd30","","Global","FUN_00a3e4c0","00a3e4c0","0"
"","Global","FUN_00a3cdb0","00a3cdb0","","Global","FUN_00a3e540","00a3e540","0"
"","Global","FUN_00a3ce00","00a3ce00","","Global","FUN_00a3e590","00a3e590","0"
"","Global","FUN_00a3cec0","00a3cec0","","Global","FUN_00a3e650","00a3e650","0"
"","Global","FUN_00a3cf40","00a3cf40","","Global","FUN_00a3e6d0","00a3e6d0","0"
"","Global","FUN_00a3cfc0","00a3cfc0","","Global","FUN_00a3e750","00a3e750","0"
"","Global","FUN_00a3d020","00a3d020","","Global","FUN_00a3e7b0","00a3e7b0","0"
"","Global","FUN_00a3d1f0","00a3d1f0","","Global","FUN_00a3e980","00a3e980","0"
"","Global","FUN_00a3d240","00a3d240","","Global","FUN_00a3e9d0","00a3e9d0","0"
"","Global","FUN_00a3d280","00a3d280","","Global","FUN_00a3ea10","00a3ea10","0"
"","Global","FUN_00a3d2d0","00a3d2d0","","Global","FUN_00a3ea60","00a3ea60","0"
"","Global","FUN_00a3d310","00a3d310","","Global","FUN_00a3eaa0","00a3eaa0","0"
"","Global","FUN_00a3d410","00a3d410","","Global","FUN_00a3eba0","00a3eba0","0"
"","Global","FUN_00a3d570","00a3d570","","Global","FUN_00a3ed00","00a3ed00","0"
"","Global","FUN_00a3d5f0","00a3d5f0","","Global","FUN_00a3ed80","00a3ed80","0"
"","Global","FUN_00a3d6d0","00a3d6d0","","Global","FUN_00a3ee60","00a3ee60","0"
"","Global","FUN_00a3d6f0","00a3d6f0","","Global","FUN_00a3ee80","00a3ee80","0"
"","Global","FUN_00a3d720","00a3d720","","Global","FUN_00a3eeb0","00a3eeb0","0"
"","Global","FUN_00a3d780","00a3d780","","Global","FUN_00a3ef10","00a3ef10","0"
"","Global","FUN_00a3d7d0","00a3d7d0","","Global","FUN_00a3ef60","00a3ef60","0"
"","Global","FUN_00a3d7f0","00a3d7f0","","Global","FUN_00a3ef80","00a3ef80","0"
"","Global","FUN_00a3d850","00a3d850","","Global","FUN_00a3efe0","00a3efe0","0"
"","Global","FUN_00a3d900","00a3d900","","Global","FUN_00a3f090","00a3f090","0"
"","Global","FUN_00a3d9b0","00a3d9b0","","Global","FUN_00a3f140","00a3f140","0"
"","Global","FUN_00a3d9f0","00a3d9f0","","Global","FUN_00a3f180","00a3f180","0"
"","Global","FUN_00a3db30","00a3db30","","Global","FUN_00a3f2c0","00a3f2c0","0"
"","Global","FUN_00a3dbb0","00a3dbb0","","Global","FUN_00a3f340","00a3f340","0"
"","Global","FUN_00a3dbf0","00a3dbf0","","Global","FUN_00a3f380","00a3f380","0"
"","Global","FUN_00a3dd20","00a3dd20","","Global","FUN_00a35a60","00a35a60","0"
"","Global","FUN_00a3dd90","00a3dd90","","Global","FUN_00a35ad0","00a35ad0","0"
"","Global","FUN_00a3ddc0","00a3ddc0","","Global","FUN_00a35b00","00a35b00","0"
"","Global","FUN_00a3dde0","00a3dde0","","Global","FUN_00a35b20","00a35b20","0"
"","Global","FUN_00a3ddf0","00a3ddf0","","Global","FUN_00a35b30","00a35b30","0"
"","Global","FUN_00a3dea0","00a3dea0","","Global","FUN_00a35be0","00a35be0","0"
"","Global","FUN_00a3dec0","00a3dec0","","Global","FUN_00a35c00","00a35c00","0"
"","Global","FUN_00a3df00","00a3df00","","Global","FUN_00a35c40","00a35c40","0"
"","Global","FUN_00a3df20","00a3df20","","Global","FUN_00a35c60","00a35c60","0"
"","Global","FUN_00a3df60","00a3df60","","Global","FUN_00a35ca0","00a35ca0","0"
"","Global","FUN_00a3df80","00a3df80","","Global","FUN_00a35cc0","00a35cc0","0"
"","Global","FUN_00a3dfa0","00a3dfa0","","Global","FUN_00a35ce0","00a35ce0","0"
"","Global","FUN_00a3dfb0","00a3dfb0","","Global","FUN_00a35cf0","00a35cf0","0"
"","Global","FUN_00a3e040","00a3e040","","Global","FUN_00a35d80","00a35d80","0"
"","Global","FUN_00a3e0c0","00a3e0c0","","Global","FUN_00a35e00","00a35e00","0"
"","Global","FUN_00a3e150","00a3e150","","Global","FUN_00a35e90","00a35e90","0"
"","Global","FUN_00a3e180","00a3e180","","Global","FUN_00a35ec0","00a35ec0","0"
"","Global","FUN_00a3e1b0","00a3e1b0","","Global","FUN_00a35ef0","00a35ef0","0"
"","Global","FUN_00a3e1f0","00a3e1f0","","Global","FUN_00a35f30","00a35f30","0"
"","Global","FUN_00a3e2b0","00a3e2b0","","Global","FUN_00a35ff0","00a35ff0","0"
"","Global","FUN_00a3e440","00a3e440","","Global","FUN_00a534c0","00a534c0","0"
"","Global","FUN_00a3e4f0","00a3e4f0","","Global","FUN_00a53570","00a53570","0"
"","Global","FUN_00a3e5a0","00a3e5a0","","Global","FUN_00a53620","00a53620","0"
"","Global","FUN_00a3e600","00a3e600","","Global","FUN_00a53680","00a53680","0"
"","Global","FUN_00a3e6d0","00a3e6d0","","Global","FUN_00a53750","00a53750","0"
"","Global","FUN_00a3e730","00a3e730","","Global","FUN_00a8ebe0","00a8ebe0","0"
"","Global","FUN_00a3e860","00a3e860","","Global","FUN_00a8ed10","00a8ed10","0"
"","Phyre::PText::PUtilityText","GetRenderPassForTechnique","00a3e9b0","","Global","FUN_00a8ee60","00a8ee60","0"
"","Global","FUN_00a3ea40","00a3ea40","","Global","FUN_00a8eef0","00a8eef0","0"
"","Global","FUN_00a3f870","00a3f870","","Global","FUN_00aa22b0","00aa22b0","0"
"","Global","FUN_00a3fd30","00a3fd30","","Global","FUN_00aa2770","00aa2770","0"
"","Global","FUN_00a400c0","00a400c0","","Global","FUN_00aa2b00","00aa2b00","0"
"","Global","FUN_00a40270","00a40270","","Global","FUN_00aa2cb0","00aa2cb0","0"
"","Global","FUN_00a40440","00a40440","","Global","FUN_00aa2e80","00aa2e80","0"
"","Global","FUN_00a41210","00a41210","","Global","FUN_00aa3c50","00aa3c50","0"
"","Global","FUN_00a413d0","00a413d0","","Global","FUN_00aa3e10","00aa3e10","0"
"","Global","FUN_00a415b0","00a415b0","","Global","FUN_00aa3ff0","00aa3ff0","0"
"","Global","FUN_00a41690","00a41690","","Global","FUN_00aa40d0","00aa40d0","0"
"","Global","FUN_00a41a10","00a41a10","","Global","FUN_00aa4450","00aa4450","0"
"","Global","FUN_00a41df0","00a41df0","","Global","FUN_00aa4830","00aa4830","0"
"","Global","FUN_00a42270","00a42270","","Global","FUN_00aa4cb0","00aa4cb0","0"
"","Global","FUN_00a423c0","00a423c0","","Global","FUN_00aa4e00","00aa4e00","0"
"","Global","FUN_00a42780","00a42780","","Global","FUN_00aa51c0","00aa51c0","0"
"","Global","CDfileName_PC","00a42830","","Global","FUN_00b4e930","00b4e930","0"
"","Global","GetCDFileName_PC","00a429d0","","Global","FUN_00b4eb30","00b4eb30","0"
"","Global","FUN_00a42a00","00a42a00","","Global","FUN_00b4eb60","00b4eb60","0"
"","Global","FUN_00a42ab0","00a42ab0","","Global","FUN_00b4ec10","00b4ec10","0"
"","Global","PcFileTblSet","00a42b70","","Global","FUN_00b4ecd0","00b4ecd0","0"
"","Global","clear_read_chgname","00a42f30","","Global","FUN_00b4f170","00b4f170","0"
"","Global","FUN_00a42f50","00a42f50","","Global","FUN_00b4f190","00b4f190","0"
"","Global","FUN_00a42fc0","00a42fc0","","Global","FUN_00b4f410","00b4f410","0"
"","Global","FUN_00a43130","00a43130","","Global","FUN_00b4f560","00b4f560","0"
"","Global","set_read_chgname","00a43220","","Global","FUN_00b4f630","00b4f630","0"
"","Global","FUN_00a432a0","00a432a0","","Global","FUN_00b4f6b0","00b4f6b0","0"
"","Global","FUN_00a43740","00a43740","","Global","FUN_00b4fb50","00b4fb50","0"
"","Global","FUN_00a43da0","00a43da0","","Global","FUN_00b501b0","00b501b0","0"
"","Global","FUN_00a43de0","00a43de0","","Global","FUN_00b501f0","00b501f0","0"
"","Global","FUN_00a43e10","00a43e10","","Global","FUN_00b50220","00b50220","0"
"","Global","FUN_00a43e60","00a43e60","","Global","FUN_00b50270","00b50270","0"
"","Global","FUN_00a43ff0","00a43ff0","","Global","FUN_00b50400","00b50400","0"
"","Global","spline_get_near_point","00a44120","","Global","FUN_00b50530","00b50530","0"
"","Global","spline_get_near_point_init","00a44420","","Global","FUN_00b50830","00b50830","0"
"","Global","FUN_00a44670","00a44670","","Global","FUN_00b50ab0","00b50ab0","0"
"","Global","is_ptr32_null","00a446a0","","Global","FUN_00b50ae0","00b50ae0","0"
"","Global","FUN_00a44890","00a44890","","Global","FUN_00b51ee0","00b51ee0","0"
"","Global","FUN_00a44960","00a44960","","Global","FUN_00b51fb0","00b51fb0","0"
"","Global","FUN_00a44a30","00a44a30","","Global","FUN_00b52080","00b52080","0"
"","Global","FUN_00a44a50","00a44a50","","Global","FUN_00b520a0","00b520a0","0"
"","Global","FUN_00a44b40","00a44b40","","Global","FUN_00b52190","00b52190","0"
"","Global","FUN_00a44b90","00a44b90","","Global","FUN_00b52240","00b52240","0"
"","Global","str_replace","00a44bd0","","Global","FUN_005221e0","005221e0","0"
"","Global","FUN_00a5be10","00a5be10","","Global","FUN_00b79960","00b79960","0"
"","Global","FUN_00a5c090","00a5c090","","Global","FUN_00b79bd0","00b79bd0","0"
"","Global","FUN_00a5c370","00a5c370","","Global","FUN_00b79f70","00b79f70","0"
"","Global","opd_num_char_256","00a5d5f0","","Global","FUN_00b6abf0","00b6abf0","0"
"","Global","FUN_00a5de70","00a5de70","","Global","FUN_00b6b650","00b6b650","0"
"","Global","FUN_00a5df50","00a5df50","","Global","FUN_00b6b730","00b6b730","0"
"","Global","FUN_00a5dff0","00a5dff0","","Global","FUN_00b6b7e0","00b6b7e0","0"
"","Global","FUN_00a5e0c0","00a5e0c0","","Global","FUN_00b6b8b0","00b6b8b0","0"
"","Global","opd_num_xy_set","00a5e2b0","","Global","FUN_00b6baa0","00b6baa0","0"
"","Global","FUN_00a5e2e0","00a5e2e0","","Global","FUN_00b6bb90","00b6bb90","0"
"","Global","FUN_00a5e420","00a5e420","","Global","FUN_00b6bcd0","00b6bcd0","0"
"","Global","FUN_00a5e440","00a5e440","","Global","FUN_00b6be60","00b6be60","0"
"","Global","FUN_00a5e4a0","00a5e4a0","","Global","FUN_00b6bec0","00b6bec0","0"
"","Global","FUN_00a5e880","00a5e880","","Global","FUN_00b6c280","00b6c280","0"
"","Global","FUN_00a5eea0","00a5eea0","","Global","FUN_00b6c850","00b6c850","0"
"","Global","FUN_00a5f040","00a5f040","","Global","FUN_00b6c9e0","00b6c9e0","0"
"","Global","FUN_00a5f2d0","00a5f2d0","","Global","FUN_00b6cc60","00b6cc60","0"
"","Global","FUN_00a5fda0","00a5fda0","","Global","FUN_00b68ad0","00b68ad0","0"
"","Global","FUN_00a5fdc0","00a5fdc0","","Global","FUN_00b68af0","00b68af0","0"
"","Global","FUN_00a5fde0","00a5fde0","","Global","FUN_00b68b10","00b68b10","0"
"","Global","FUN_00a60d40","00a60d40","","Global","FUN_00b69860","00b69860","0"
"","Global","FUN_00a60e10","00a60e10","","Global","FUN_00b69910","00b69910","0"
"","Global","FUN_00a60ed0","00a60ed0","","Global","FUN_00b699d0","00b699d0","0"
"","Global","FUN_00a60ef0","00a60ef0","","Global","FUN_00b699f0","00b699f0","0"
"","Global","FUN_00a60f10","00a60f10","","Global","FUN_00b69a10","00b69a10","0"
"","Global","FUN_00a611b0","00a611b0","","Global","FUN_00b69cb0","00b69cb0","0"
"","Global","FUN_00a61590","00a61590","","Global","FUN_00b6a090","00b6a090","0"
"","Global","FUN_00a61670","00a61670","","Global","FUN_00b6a170","00b6a170","0"
"","Global","FUN_00a617f0","00a617f0","","Global","FUN_00b6a2f0","00b6a2f0","0"
"","Global","FUN_00a62de0","00a62de0","","Global","FUN_00b674c0","00b674c0","0"
"","Global","FUN_00a62e20","00a62e20","","Global","FUN_00b67c50","00b67c50","0"
"","Global","FUN_00a63070","00a63070","","Global","FUN_00b67ea0","00b67ea0","0"
"","Global","FUN_00a632b0","00a632b0","","Global","FUN_00b6cd50","00b6cd50","0"
"","Global","FUN_00a63340","00a63340","","Global","FUN_00b6cde0","00b6cde0","0"
"","Global","FUN_00a633f0","00a633f0","","Global","FUN_00b6ce90","00b6ce90","0"
"","Global","FUN_00a63a90","00a63a90","","Global","FUN_00b6d580","00b6d580","0"
"","Global","FUN_00a63ad0","00a63ad0","","Global","FUN_00b6d5c0","00b6d5c0","0"
"","Global","opd_heap_display_clear","00a649c0","","Global","FUN_00b6e570","00b6e570","0"
"","Global","opd_heap_display_init","00a64a00","","Global","FUN_00b6e5b0","00b6e5b0","0"
"","Global","opd_heap_display_set","00a64b20","","Global","FUN_00b6e6d0","00b6e6d0","0"
"","Global","opd_heap_display_set_par","00a64b60","","Global","FUN_00b6e710","00b6e710","0"
"","Global","FUN_00a64d60","00a64d60","","Global","FUN_00b6e910","00b6e910","0"
"","Global","FUN_00a64d90","00a64d90","","Global","FUN_00b6e940","00b6e940","0"
"","Global","FUN_00a64de0","00a64de0","","Global","FUN_00b6e990","00b6e990","0"
"","Global","FUN_00a64e40","00a64e40","","Global","FUN_00b6e9f0","00b6e9f0","0"
"","Global","FUN_00a64f10","00a64f10","","Global","FUN_00b6eac0","00b6eac0","0"
"","Global","FUN_00a64f40","00a64f40","","Global","FUN_00b6eaf0","00b6eaf0","0"
"","Global","FUN_00a64f60","00a64f60","","Global","FUN_00b6eb10","00b6eb10","0"
"","Global","FUN_00a64f80","00a64f80","","Global","FUN_00b6eb30","00b6eb30","0"
"","Global","FUN_00a64ff0","00a64ff0","","Global","FUN_00b6eba0","00b6eba0","0"
"","Global","FUN_00a654f0","00a654f0","","Global","FUN_00b6f090","00b6f090","0"
"","Global","FUN_00a65570","00a65570","","Global","FUN_00b6f110","00b6f110","0"
"","Global","op1_md_draw","00a65750","","Global","FUN_006812f0","006812f0","0"
"","Global","FUN_00a68ff0","00a68ff0","","Global","FUN_006900b0","006900b0","0"
"","Global","FUN_00a690c0","00a690c0","","Global","FUN_006831a0","006831a0","0"
"","Global","FUN_00a691c0","00a691c0","","Global","FUN_00690180","00690180","0"
"","Global","FUN_00a69290","00a69290","","Global","FUN_006832a0","006832a0","0"
"","Global","FUN_00a698c0","00a698c0","","Global","FUN_006833e0","006833e0","0"
"","Global","FUN_00a69e80","00a69e80","","Global","FUN_00683960","00683960","0"
"","Global","FUN_00a69fe0","00a69fe0","","Global","FUN_00683b00","00683b00","0"
"","Global","FUN_00a6cf70","00a6cf70","","Global","FUN_00690b00","00690b00","0"
"","Global","FUN_00a6e1b0","00a6e1b0","","Global","FUN_0085d250","0085d250","0"
"","Global","FUN_00a6e230","00a6e230","","Global","FUN_0085d2d0","0085d2d0","0"
"","Global","FUN_00a6e260","00a6e260","","Global","FUN_0085d300","0085d300","0"
"","Global","FUN_00a6e540","00a6e540","","Global","FUN_0085d590","0085d590","0"
"","Global","FUN_00a72b40","00a72b40","","Global","FUN_00872fa0","00872fa0","0"
"","Global","FUN_00a73740","00a73740","","Global","FUN_008742b0","008742b0","0"
"","Global","FUN_00a73c20","00a73c20","","Global","FUN_00866860","00866860","0"
"","Global","FUN_00a73d90","00a73d90","","Global","FUN_008669d0","008669d0","0"
"","Global","FUN_00a744e0","00a744e0","","Global","FUN_00867270","00867270","0"
"","Global","FUN_00a74c60","00a74c60","","Global","FUN_008689f0","008689f0","0"
"","Global","FUN_00a75690","00a75690","","Global","FUN_00681270","00681270","0"
"","Global","FUN_00a76720","00a76720","","Global","FUN_0086d700","0086d700","0"
"","Global","FUN_00a779e0","00a779e0","","Global","FUN_00b79090","00b79090","0"
"","Global","FUN_00a77a10","00a77a10","","Global","FUN_00b790d0","00b790d0","0"
"","Global","FUN_00a77ac0","00a77ac0","","Global","FUN_00b79180","00b79180","0"
"","Global","FUN_00a77cb0","00a77cb0","","Global","FUN_00b79370","00b79370","0"
"","Global","FUN_00a77f40","00a77f40","","Global","FUN_00b796f0","00b796f0","0"
"","Global","FUN_00a78030","00a78030","","Global","FUN_00b797e0","00b797e0","0"
"","Global","FUN_00a78370","00a78370","","Global","FUN_00b78cc0","00b78cc0","0"
"","Global","FUN_00a78450","00a78450","","Global","FUN_00b78da0","00b78da0","0"
"","Global","FUN_00a785f0","00a785f0","","Global","FUN_0070c7c0","0070c7c0","0"
"","Global","FUN_00a78620","00a78620","","Global","FUN_0070c7f0","0070c7f0","0"
"","Global","FUN_00a78640","00a78640","","Global","FUN_0070c870","0070c870","0"
"","Global","FUN_00a78670","00a78670","","Global","FUN_0070c8a0","0070c8a0","0"
"","Global","FUN_00a786e0","00a786e0","","Global","FUN_0070c910","0070c910","0"
"","Global","FUN_00a787e0","00a787e0","","Global","FUN_0070cae0","0070cae0","0"
"","Global","FUN_00a78960","00a78960","","Global","FUN_0070cd70","0070cd70","0"
"","Global","FUN_00a789a0","00a789a0","","Global","FUN_0070ce40","0070ce40","0"
"","Global","FUN_00a78a10","00a78a10","","Global","FUN_0070ce10","0070ce10","0"
"","Global","FUN_00a78d30","00a78d30","","Global","FUN_0070d2b0","0070d2b0","0"
"","Global","FUN_00a78e20","00a78e20","","Global","FUN_0070d340","0070d340","0"
"","Global","FUN_00a78e50","00a78e50","","Global","FUN_0070d3d0","0070d3d0","0"
"","Global","FUN_00a78ec0","00a78ec0","","Global","FUN_0070d440","0070d440","0"
"","Global","FUN_00a78fb0","00a78fb0","","Global","FUN_0070d580","0070d580","0"
"","Global","FUN_00a79030","00a79030","","Global","FUN_0070d500","0070d500","0"
"","Global","FUN_00a79070","00a79070","","Global","FUN_0070d540","0070d540","0"
"","Global","FUN_00a790b0","00a790b0","","Global","FUN_0070a780","0070a780","0"
"","Global","FUN_00a79160","00a79160","","Global","FUN_0070a7f0","0070a7f0","0"
"","Global","FUN_00a791a0","00a791a0","","Global","FUN_0070a830","0070a830","0"
"","Global","FUN_00a79240","00a79240","","Global","FUN_0070a8e0","0070a8e0","0"
"","Global","FUN_00a79340","00a79340","","Global","FUN_0070aaf0","0070aaf0","0"
"","Global","FUN_00a79420","00a79420","","Global","FUN_0070ac60","0070ac60","0"
"","Global","FUN_00a79480","00a79480","","Global","FUN_0070ac90","0070ac90","0"
"","Global","FUN_00a794d0","00a794d0","","Global","FUN_0070acf0","0070acf0","0"
"","Global","FUN_00a796e0","00a796e0","","Global","FUN_0070af90","0070af90","0"
"","Global","FUN_00a79820","00a79820","","Global","FUN_0070b0b0","0070b0b0","0"
"","Global","FUN_00a79860","00a79860","","Global","FUN_0070b100","0070b100","0"
"","Global","FUN_00a79980","00a79980","","Global","FUN_0070b210","0070b210","0"
"","Global","FUN_00a79a20","00a79a20","","Global","FUN_0070b270","0070b270","0"
"","Global","FUN_00a79a80","00a79a80","","Global","FUN_0070b2d0","0070b2d0","0"
"","Global","FUN_00a7a000","00a7a000","","Global","FUN_0070b940","0070b940","0"
"","Global","FUN_00a7a090","00a7a090","","Global","FUN_0070b9d0","0070b9d0","0"
"","Global","FUN_00a7a140","00a7a140","","Global","FUN_0070bb80","0070bb80","0"
"","Global","FUN_00a7a380","00a7a380","","Global","FUN_0070bd20","0070bd20","0"
"","Global","FUN_00a7a450","00a7a450","","Global","FUN_0070be30","0070be30","0"
"","Global","FUN_00a7add0","00a7add0","","Global","FUN_0070d880","0070d880","0"
"","Global","FUN_00a7b1a0","00a7b1a0","","Global","FUN_00748270","00748270","0"
"","Global","FUN_00a7c920","00a7c920","","Global","FUN_00b7a290","00b7a290","0"
"","Global","FUN_00a7cb68","00a7cb68","","Global","FUN_00b7a4d8","00b7a4d8","0"
"","Global","FUN_00a7ce0a","00a7ce0a","","Global","FUN_00b7a77a","00b7a77a","0"
"","Global","FUN_00a7d0f6","00a7d0f6","","Global","FUN_00b7aa66","00b7aa66","0"
"","Global","FUN_00a7d44a","00a7d44a","","Global","FUN_00b7adba","00b7adba","0"
"","Global","FUN_00a7d857","00a7d857","","Global","FUN_00b7b1c7","00b7b1c7","0"
"","Global","FUN_00a7dc6a","00a7dc6a","","Global","FUN_00b7b5da","00b7b5da","0"
"","Global","FUN_00a7e182","00a7e182","","Global","FUN_00b7baf2","00b7baf2","0"
"","Global","FUN_00a7e6a0","00a7e6a0","","Global","FUN_00b7c010","00b7c010","0"
"","Global","FUN_00a7e7b5","00a7e7b5","","Global","FUN_00b7c125","00b7c125","0"
"","Global","FUN_00a7ece0","00a7ece0","","Global","FUN_00b7c650","00b7c650","0"
"","Global","FUN_00a7ed7b","00a7ed7b","","Global","FUN_00b7c6eb","00b7c6eb","0"
"","Global","FUN_00a7ee04","00a7ee04","","Global","FUN_00b7c774","00b7c774","0"
"","Global","FUN_00a80f43","00a80f43","","Global","FUN_00b7e8b3","00b7e8b3","0"
"","Global","FUN_00a80fc0","00a80fc0","","Global","FUN_00b7e930","00b7e930","0"
"","Global","FUN_00a8108c","00a8108c","","Global","FUN_00b7e9fc","00b7e9fc","0"
"","Global","FUN_00a811f6","00a811f6","","Global","FUN_00b7eb66","00b7eb66","0"
"","Global","FUN_00a81285","00a81285","","Global","FUN_00b7ebf5","00b7ebf5","0"
"","Global","FUN_00a81375","00a81375","","Global","FUN_00b7ece5","00b7ece5","0"
"","Global","FUN_00a8143d","00a8143d","","Global","FUN_00b7edad","00b7edad","0"
"","Global","FUN_00a8159f","00a8159f","","Global","FUN_00b7ef0f","00b7ef0f","0"
"","Global","FUN_00a81642","00a81642","","Global","FUN_00b7efb2","00b7efb2","0"
"","Global","FUN_00a81a40","00a81a40","","Global","FUN_00b7f3b0","00b7f3b0","0"
"","Global","FUN_00a81b59","00a81b59","","Global","FUN_00b7f4c9","00b7f4c9","0"
"","Global","FUN_00a81c4a","00a81c4a","","Global","FUN_00b7f5ba","00b7f5ba","0"
"","Global","FUN_00a81d5f","00a81d5f","","Global","FUN_00b7f6cf","00b7f6cf","0"
"","Global","FUN_00a81f1b","00a81f1b","","Global","FUN_00b7f88b","00b7f88b","0"
"","Global","FUN_00a8202b","00a8202b","","Global","FUN_00b7f99b","00b7f99b","0"
"","Global","FUN_00a8a010","00a8a010","","Global","FUN_00b87980","00b87980","0"
"","Global","FUN_00a8a221","00a8a221","","Global","FUN_00b87b91","00b87b91","0"
"","Global","FUN_00a8a511","00a8a511","","Global","FUN_00b87e81","00b87e81","0"
"","Global","FUN_00a8a7e8","00a8a7e8","","Global","FUN_00b88158","00b88158","0"
"","Global","FUN_00a8abfc","00a8abfc","","Global","FUN_00b8856c","00b8856c","0"
"","Global","FUN_00a8ad02","00a8ad02","","Global","FUN_00b88672","00b88672","0"
"","Global","FUN_00a8b410","00a8b410","","Global","FUN_00b88d80","00b88d80","0"
"","Global","FUN_00a8b8e7","00a8b8e7","","Global","FUN_00b89257","00b89257","0"
"","Global","FUN_00a8b932","00a8b932","","Global","FUN_00b892a2","00b892a2","0"
"","Global","FUN_00a8b990","00a8b990","","Global","FUN_00b89300","00b89300","0"
"","Global","FUN_00a8b9cf","00a8b9cf","","Global","FUN_00b8933f","00b8933f","0"
"","Global","FUN_00a8bd24","00a8bd24","","Global","FUN_00b89694","00b89694","0"
"","Global","FUN_00a8bf22","00a8bf22","","Global","FUN_00b89892","00b89892","0"
"","Global","FUN_00a8c076","00a8c076","","Global","FUN_00b899e6","00b899e6","0"
"","Global","FUN_00a8c154","00a8c154","","Global","FUN_00b89ac4","00b89ac4","0"
"","Global","FUN_00a8c322","00a8c322","","Global","FUN_00b89c92","00b89c92","0"
"","Global","FUN_00a8c44d","00a8c44d","","Global","FUN_00b89dbd","00b89dbd","0"
"","Global","FUN_00a8c5e9","00a8c5e9","","Global","FUN_00b89f59","00b89f59","0"
"","Global","FUN_00a8c847","00a8c847","","Global","FUN_00b8a1b7","00b8a1b7","0"
"","Global","FUN_00a8c907","00a8c907","","Global","FUN_00b8a277","00b8a277","0"
"","Global","FUN_00a8c9fe","00a8c9fe","","Global","FUN_00b8a36e","00b8a36e","0"
"","Global","FUN_00a8caa6","00a8caa6","","Global","FUN_00b8a416","00b8a416","0"
"","Global","FUN_00a8cb8b","00a8cb8b","","Global","FUN_00b8a4fb","00b8a4fb","0"
"","Global","FUN_00a8cc30","00a8cc30","","Global","FUN_00b8a5a0","00b8a5a0","0"
"","Global","FUN_00a8cd10","00a8cd10","","Global","FUN_00b8a680","00b8a680","0"
"","Global","FUN_00a8d060","00a8d060","","Global","FUN_00b8a9d0","00b8a9d0","0"
"","Global","FUN_00a8d107","00a8d107","","Global","FUN_00b8aa77","00b8aa77","0"
"","Global","__allshr","00a8d880","","Global","__allshr","0087e630","0"
"","Global","FUN_00a8d8f0","00a8d8f0","","Global","FUN_00ba3fc0","00ba3fc0","0"
"","Global","FUN_00a8da40","00a8da40","","Global","FUN_00ba4110","00ba4110","0"
"","Global","FUN_00a8da90","00a8da90","","Global","FUN_00ba4160","00ba4160","0"
"","Global","FUN_00a8db60","00a8db60","","Global","FUN_00ba4230","00ba4230","0"
"","Global","FUN_00a8dbe0","00a8dbe0","","Global","FUN_00ba42b0","00ba42b0","0"
"","Global","FUN_00a8dec0","00a8dec0","","Global","FUN_00ba4590","00ba4590","0"
"","Global","FUN_00a8e200","00a8e200","","Global","FUN_00ba48d0","00ba48d0","0"
"","Global","FUN_00a8e2b0","00a8e2b0","","Global","FUN_00ba4980","00ba4980","0"
"","Global","FUN_00a8e370","00a8e370","","Global","FUN_00ba4a40","00ba4a40","0"
"","Global","FUN_00a8e440","00a8e440","","Global","FUN_00ba4b10","00ba4b10","0"
"","Global","FUN_00a8e520","00a8e520","","Global","FUN_00ba4bf0","00ba4bf0","0"
"","Global","FUN_00a8e620","00a8e620","","Global","FUN_00ba4cf0","00ba4cf0","0"
"","Global","FUN_00a8e680","00a8e680","","Global","FUN_00ba4d50","00ba4d50","0"
"","Global","FUN_00a8e7b0","00a8e7b0","","Global","FUN_00ba4e80","00ba4e80","0"
"","Global","FUN_00a8ea20","00a8ea20","","Global","FUN_00ba50f0","00ba50f0","0"
"","Global","FUN_00a8eb30","00a8eb30","","Global","FUN_00ba5200","00ba5200","0"
"","Global","FUN_00a8ebb0","00a8ebb0","","Global","FUN_00ba5280","00ba5280","0"
"","Global","FUN_00a8ed90","00a8ed90","","Global","FUN_00ba52e0","00ba52e0","0"
"","Global","FUN_00a8ee40","00a8ee40","","Global","FUN_00ba5390","00ba5390","0"
"","Global","FUN_00a8f1b0","00a8f1b0","","Global","FUN_00ba5700","00ba5700","0"
"","Global","FUN_00a8f290","00a8f290","","Global","FUN_00ba57e0","00ba57e0","0"
"","Global","FUN_00a8f4c0","00a8f4c0","","Global","FUN_00ba5a10","00ba5a10","0"
"","Global","FUN_00a8f570","00a8f570","","Global","FUN_00ba5ac0","00ba5ac0","0"
"","Global","FUN_00a8f650","00a8f650","","Global","FUN_00ba5ba0","00ba5ba0","0"
"","Global","FUN_00a8f770","00a8f770","","Global","FUN_00ba5cc0","00ba5cc0","0"
"","Global","FUN_00a8f7f0","00a8f7f0","","Global","FUN_00ba5d40","00ba5d40","0"
"","Global","FUN_00a8fac0","00a8fac0","","Global","FUN_00ba6010","00ba6010","0"
"","Global","FUN_00a8fc80","00a8fc80","","Global","FUN_00ba61d0","00ba61d0","0"
"","Global","FUN_00a8fd80","00a8fd80","","Global","FUN_00ba62d0","00ba62d0","0"
"","Global","FUN_00a8ffd0","00a8ffd0","","Global","FUN_00ba6520","00ba6520","0"
"","Global","FUN_00a90030","00a90030","","Global","FUN_00ba6580","00ba6580","0"
"","Global","FUN_00a900a0","00a900a0","","Global","FUN_00ba65f0","00ba65f0","0"
"","Global","FUN_00a90190","00a90190","","Global","FUN_00ba66e0","00ba66e0","0"
"","Global","FUN_00a90290","00a90290","","Global","FUN_00ba67e0","00ba67e0","0"
"","Global","FUN_00a902f0","00a902f0","","Global","FUN_00ba6840","00ba6840","0"
"","Global","FUN_00a90390","00a90390","","Global","FUN_00ba68e0","00ba68e0","0"
"","Global","FUN_00a90420","00a90420","","Global","FUN_00ba6970","00ba6970","0"
"","Global","FUN_00a90440","00a90440","","Global","FUN_00ba6990","00ba6990","0"
"","Global","FUN_00a90540","00a90540","","Global","FUN_00ba6a90","00ba6a90","0"
"","Global","FUN_00a906c0","00a906c0","","Global","FUN_00ba6c10","00ba6c10","0"
"","Global","FUN_00a909e0","00a909e0","","Global","FUN_00ba6f30","00ba6f30","0"
"","Global","FUN_00a90a10","00a90a10","","Global","FUN_00ba6f60","00ba6f60","0"
"","Global","FUN_00a90a70","00a90a70","","Global","FUN_00ba6fc0","00ba6fc0","0"
"","Global","FUN_00a910e0","00a910e0","","Global","FUN_00ba7630","00ba7630","0"
"","Global","FUN_00a91120","00a91120","","Global","FUN_00ba7670","00ba7670","0"
"","Global","FUN_00a911a0","00a911a0","","Global","FUN_00ba76f0","00ba76f0","0"
"","Global","FUN_00a914b0","00a914b0","","Global","FUN_00ba7a00","00ba7a00","0"
"","Global","FUN_00a915d0","00a915d0","","Global","FUN_00ba7b20","00ba7b20","0"
"","Global","FUN_00a916c0","00a916c0","","Global","FUN_00ba7c10","00ba7c10","0"
"","Global","FUN_00a917a0","00a917a0","","Global","FUN_00ba7cf0","00ba7cf0","0"
"","Global","FUN_00a91a70","00a91a70","","Global","FUN_00ba7fc0","00ba7fc0","0"
"","Global","FUN_00a91b30","00a91b30","","Global","FUN_00ba8080","00ba8080","0"
"","Global","FUN_00a92040","00a92040","","Global","FUN_00ba8590","00ba8590","0"
"","Global","FUN_00a920e0","00a920e0","","Global","FUN_00ba8630","00ba8630","0"
"","Global","FUN_00a92150","00a92150","","Global","FUN_00ba86a0","00ba86a0","0"
"","Global","FUN_00a921b0","00a921b0","","Global","FUN_00ba8700","00ba8700","0"
"","Global","FUN_00a922b0","00a922b0","","Global","FUN_00ba8800","00ba8800","0"
"","Global","FUN_00a92350","00a92350","","Global","FUN_00ba88a0","00ba88a0","0"
"","Global","FUN_00a92460","00a92460","","Global","FUN_00ba89b0","00ba89b0","0"
"","Global","FUN_00a92650","00a92650","","Global","FUN_00ba8ba0","00ba8ba0","0"
"","Global","FUN_00a926f0","00a926f0","","Global","FUN_00ba8c40","00ba8c40","0"
"","Global","FUN_00a929c0","00a929c0","","Global","FUN_00ba8f10","00ba8f10","0"
"","Global","FUN_00a92a60","00a92a60","","Global","FUN_00ba8fb0","00ba8fb0","0"
"","Global","FUN_00a92c10","00a92c10","","Global","FUN_00ba9160","00ba9160","0"
"","Global","FUN_00a92c70","00a92c70","","Global","FUN_00ba91c0","00ba91c0","0"
"","Global","FUN_00a92d50","00a92d50","","Global","FUN_00ba92a0","00ba92a0","0"
"","Global","FUN_00a93410","00a93410","","Global","FUN_00ba9960","00ba9960","0"
"","Global","FUN_00a93550","00a93550","","Global","FUN_00ba9aa0","00ba9aa0","0"
"","Global","FUN_00a935b0","00a935b0","","Global","FUN_00ba9b00","00ba9b00","0"
"","Global","FUN_00a93630","00a93630","","Global","FUN_00ba9b80","00ba9b80","0"
"","Global","FUN_00a93930","00a93930","","Global","FUN_00ba9e80","00ba9e80","0"
"","Global","FUN_00a93ca0","00a93ca0","","Global","FUN_00baa1f0","00baa1f0","0"
"","Global","FUN_00a93e20","00a93e20","","Global","FUN_00baa370","00baa370","0"
"","Global","FUN_00a941d0","00a941d0","","Global","FUN_00baa720","00baa720","0"
"","Global","FUN_00a94200","00a94200","","Global","FUN_00baa750","00baa750","0"
"","Global","FUN_00a94320","00a94320","","Global","FUN_00baa870","00baa870","0"
"","Global","FUN_00a94390","00a94390","","Global","FUN_00baa8e0","00baa8e0","0"
"","Global","FUN_00a943e0","00a943e0","","Global","FUN_00baa930","00baa930","0"
"","Global","FUN_00a946e0","00a946e0","","Global","FUN_00baac30","00baac30","0"
"","Global","FUN_00a94a90","00a94a90","","Global","FUN_00baafe0","00baafe0","0"
"","Global","FUN_00a95300","00a95300","","Global","FUN_00bab850","00bab850","0"
"","Global","FUN_00a95650","00a95650","","Global","FUN_00babba0","00babba0","0"
"","Global","FUN_00a956e0","00a956e0","","Global","FUN_00babc30","00babc30","0"
"","Global","FUN_00a95710","00a95710","","Global","FUN_00babc60","00babc60","0"
"","Global","FUN_00a95830","00a95830","","Global","FUN_00babd80","00babd80","0"
"","Global","FUN_00a95990","00a95990","","Global","FUN_00babee0","00babee0","0"
"","Global","FUN_00a95cf0","00a95cf0","","Global","FUN_00bac240","00bac240","0"
"","Global","FUN_00a96330","00a96330","","Global","FUN_00bac880","00bac880","0"
"","Global","FUN_00a96440","00a96440","","Global","FUN_00bac990","00bac990","0"
"","Global","FUN_00a965d0","00a965d0","","Global","FUN_00bacb20","00bacb20","0"
"","Global","FUN_00a96780","00a96780","","Global","FUN_00baccd0","00baccd0","0"
"","Global","FUN_00a96840","00a96840","","Global","FUN_00bacd90","00bacd90","0"
"","Global","FUN_00a97300","00a97300","","Global","FUN_00bad850","00bad850","0"
"","Global","FUN_00a97330","00a97330","","Global","FUN_00bad880","00bad880","0"
"","Global","FUN_00a97460","00a97460","","Global","FUN_00bad9b0","00bad9b0","0"
"","Global","FUN_00a974b0","00a974b0","","Global","FUN_00bada00","00bada00","0"
"","Global","FUN_00a97dd0","00a97dd0","","Global","FUN_00bae320","00bae320","0"
"","Global","FUN_00a97e60","00a97e60","","Global","FUN_00bae3b0","00bae3b0","0"
"","Global","FUN_00a98070","00a98070","","Global","FUN_00bae5c0","00bae5c0","0"
"","Global","FUN_00a98e20","00a98e20","","Global","FUN_00baf370","00baf370","0"
"","Global","FUN_00a992d0","00a992d0","","Global","FUN_00baf820","00baf820","0"
"","Global","FUN_00a995c0","00a995c0","","Global","FUN_00bafb10","00bafb10","0"
"","Global","FUN_00a997d0","00a997d0","","Global","FUN_00bafd20","00bafd20","0"
"","Global","FUN_00a999e0","00a999e0","","Global","FUN_00baff30","00baff30","0"
"","Global","FUN_00a9a8e0","00a9a8e0","","Global","FUN_00bb0e30","00bb0e30","0"
"","Global","FUN_00a9ad40","00a9ad40","","Global","FUN_00bb1290","00bb1290","0"
"","Global","FUN_00a9af70","00a9af70","","Global","FUN_00bb14c0","00bb14c0","0"
"","Global","FUN_00a9af90","00a9af90","","Global","FUN_00bb14e0","00bb14e0","0"
"","Global","FUN_00a9b190","00a9b190","","Global","FUN_00bb16e0","00bb16e0","0"
"","Global","FUN_00a9b210","00a9b210","","Global","FUN_00bb1760","00bb1760","0"
"","Global","FUN_00a9b250","00a9b250","","Global","FUN_00bb17a0","00bb17a0","0"
"","Global","FUN_00a9b7a0","00a9b7a0","","Global","FUN_00bb1cf0","00bb1cf0","0"
"","Global","FUN_00a9b840","00a9b840","","Global","FUN_00bb1d90","00bb1d90","0"
"","Global","FUN_00a9baa0","00a9baa0","","Global","FUN_00bb1ff0","00bb1ff0","0"
"","Global","FUN_00a9bb70","00a9bb70","","Global","FUN_00bb20c0","00bb20c0","0"
"","Global","FUN_00a9bda0","00a9bda0","","Global","FUN_00bb22f0","00bb22f0","0"
"","Global","FUN_00a9be10","00a9be10","","Global","FUN_00bb2360","00bb2360","0"
"","Global","FUN_00a9c190","00a9c190","","Global","FUN_00bb26e0","00bb26e0","0"
"","Global","FUN_00a9c340","00a9c340","","Global","FUN_00bb2890","00bb2890","0"
"","Global","FUN_00a9c5b0","00a9c5b0","","Global","FUN_00bb2b00","00bb2b00","0"
"","Global","FUN_00a9c780","00a9c780","","Global","FUN_00bb2cd0","00bb2cd0","0"
"","Global","FUN_00a9c940","00a9c940","","Global","FUN_00bb2e90","00bb2e90","0"
"","Global","FUN_00a9d0b0","00a9d0b0","","Global","FUN_00bb3600","00bb3600","0"
"","Global","FUN_00a9d320","00a9d320","","Global","FUN_00bb3870","00bb3870","0"
"","Global","FUN_00a9d3e0","00a9d3e0","","Global","FUN_00bb3930","00bb3930","0"
"","Global","FUN_00a9d640","00a9d640","","Global","FUN_00bb3b90","00bb3b90","0"
"","Global","FUN_00a9d680","00a9d680","","Global","FUN_00bb3bd0","00bb3bd0","0"
"","Global","FUN_00a9d9d0","00a9d9d0","","Global","FUN_00bb3f20","00bb3f20","0"
"","Global","FUN_00a9ded0","00a9ded0","","Global","FUN_00bb4420","00bb4420","0"
"","Global","FUN_00a9def0","00a9def0","","Global","FUN_00bb4440","00bb4440","0"
"","Global","FUN_00a9e060","00a9e060","","Global","FUN_00bb45b0","00bb45b0","0"
"","Global","FUN_00a9e4f0","00a9e4f0","","Global","FUN_00bb4a40","00bb4a40","0"
"","Global","FUN_00a9e680","00a9e680","","Global","FUN_00bb4bd0","00bb4bd0","0"
"","Global","FUN_00a9e8d0","00a9e8d0","","Global","FUN_00bb4e30","00bb4e30","0"
"","Global","FUN_00a9ea70","00a9ea70","","Global","FUN_00bb4fd0","00bb4fd0","0"
"","Global","FUN_00a9eb80","00a9eb80","","Global","FUN_00bb50e0","00bb50e0","0"
"","Global","FUN_00a9edf0","00a9edf0","","Global","FUN_00bb5350","00bb5350","0"
"","Global","FUN_00a9f070","00a9f070","","Global","FUN_00bb55d0","00bb55d0","0"
"","Global","FUN_00a9f130","00a9f130","","Global","FUN_00bb5690","00bb5690","0"
"","Global","FUN_00a9f3c0","00a9f3c0","","Global","FUN_00bb5920","00bb5920","0"
"","Global","FUN_00a9f600","00a9f600","","Global","FUN_00bb5b60","00bb5b60","0"
"","Global","FUN_00a9f7e0","00a9f7e0","","Global","FUN_00bb5d40","00bb5d40","0"
"","Global","FUN_00a9fa20","00a9fa20","","Global","FUN_00bb5f80","00bb5f80","0"
"","Global","FUN_00a9fab0","00a9fab0","","Global","FUN_00bb6010","00bb6010","0"
"","Global","FUN_00a9fea0","00a9fea0","","Global","FUN_00bb6400","00bb6400","0"
"","Global","FUN_00aa00f0","00aa00f0","","Global","FUN_00bb6650","00bb6650","0"
"","Global","FUN_00aa02c0","00aa02c0","","Global","FUN_00bb6820","00bb6820","0"
"","Global","FUN_00aa03d0","00aa03d0","","Global","FUN_00bb6930","00bb6930","0"
"","Global","FUN_00aa0480","00aa0480","","Global","FUN_00bb69f0","00bb69f0","0"
"","Global","FUN_00aa0790","00aa0790","","Global","FUN_00bb6d00","00bb6d00","0"
"","Global","FUN_00aa15f0","00aa15f0","","Global","FUN_00bb7b60","00bb7b60","0"
"","Global","FUN_00aa1830","00aa1830","","Global","FUN_00bb7da0","00bb7da0","0"
"","Global","FUN_00aa19d0","00aa19d0","","Global","FUN_00bb7f40","00bb7f40","0"
"","Global","FUN_00aa1b90","00aa1b90","","Global","FUN_00bb8100","00bb8100","0"
"","Global","FUN_00aa1ea0","00aa1ea0","","Global","FUN_00bb8410","00bb8410","0"
"","Global","FUN_00aa1ed0","00aa1ed0","","Global","FUN_00bb8440","00bb8440","0"
"","Global","FUN_00aa20f0","00aa20f0","","Global","FUN_00bb8660","00bb8660","0"
"","Global","FUN_00aa23b0","00aa23b0","","Global","FUN_00bb8920","00bb8920","0"
"","Global","FUN_00aa2520","00aa2520","","Global","FUN_00bb8a90","00bb8a90","0"
"","Global","FUN_00aa25c0","00aa25c0","","Global","FUN_00bb8b30","00bb8b30","0"
"","Global","FUN_00aa26b0","00aa26b0","","Global","FUN_00bb8c20","00bb8c20","0"
"","Global","FUN_00aa2700","00aa2700","","Global","FUN_00bb8c70","00bb8c70","0"
"","Global","FUN_00aa2a00","00aa2a00","","Global","FUN_00bb8f70","00bb8f70","0"
"","Global","FUN_00aa2d60","00aa2d60","","Global","FUN_00bb92d0","00bb92d0","0"
"","Global","FUN_00aa2d80","00aa2d80","","Global","FUN_00bb92f0","00bb92f0","0"
"","Global","FUN_00aa2fa0","00aa2fa0","","Global","FUN_00bb9510","00bb9510","0"
"","Global","FUN_00aa3590","00aa3590","","Global","FUN_00bb9b00","00bb9b00","0"
"","Global","FUN_00aa3640","00aa3640","","Global","FUN_00bb9bb0","00bb9bb0","0"
"","Global","FUN_00aa3c80","00aa3c80","","Global","FUN_00bba1f0","00bba1f0","0"
"","Global","FUN_00aa3d10","00aa3d10","","Global","FUN_00bba280","00bba280","0"
"","Global","FUN_00aa3e50","00aa3e50","","Global","FUN_00bba3c0","00bba3c0","0"
"","Global","FUN_00aa3eb0","00aa3eb0","","Global","FUN_00bba420","00bba420","0"
"","Global","FUN_00aa4090","00aa4090","","Global","FUN_00bba600","00bba600","0"
"","Global","FUN_00aa4190","00aa4190","","Global","FUN_00bba700","00bba700","0"
"","Global","FUN_00aa4200","00aa4200","","Global","FUN_00bba770","00bba770","0"
"","Global","FUN_00aa4230","00aa4230","","Global","FUN_00bba7a0","00bba7a0","0"
"","Global","FUN_00aa47c0","00aa47c0","","Global","FUN_00bbad30","00bbad30","0"
"","Global","FUN_00aa4b20","00aa4b20","","Global","FUN_00bbb090","00bbb090","0"
"","Global","FUN_00aa4f10","00aa4f10","","Global","FUN_00bbb480","00bbb480","0"
"","Global","FUN_00aa4fa0","00aa4fa0","","Global","FUN_00bbb510","00bbb510","0"
"","Global","FUN_00aa51e0","00aa51e0","","Global","FUN_00bbb750","00bbb750","0"
"","Global","__alldvrm","00aa5200","","Global","__alldvrm","00bbb770","0"
"","Global","FUN_00aa52e0","00aa52e0","","Global","FUN_00bbb850","00bbb850","0"
"","Global","___common_srl","00aa5aa0","","Global","___common_srl","00bbc010","0"
"","Global","___common_sll","00aa5ad0","","Global","___common_sll","00bbc040","0"
"","Global","FUN_00aa5b00","00aa5b00","","Global","FUN_00bbc070","00bbc070","0"
"","Global","FUN_00aa5df0","00aa5df0","","Global","FUN_00bbc360","00bbc360","0"
"","Global","Unwind@00ac7cf0","00ac7cf0","","Global","Unwind@00bc79b0","00bc79b0","0"
"","Global","Unwind@00ad5520","00ad5520","","Global","Unwind@00bc4940","00bc4940","0"
"","Global","Unwind@00ad8e50","00ad8e50","","Global","Unwind@00bf4870","00bf4870","0"
"","Global","FUN_00ae10f0","00ae10f0","","Global","FUN_00c00cd0","00c00cd0","0"
"","Global","FUN_00ae5cf0","00ae5cf0","","Global","FUN_00c057e0","00c057e0","0"
"","Global","FUN_00ae70c0","00ae70c0","","Global","FUN_00c02230","00c02230","0"
"","Global","FUN_00afe7a0","00afe7a0","","Global","FUN_00c1bd70","00c1bd70","0"
"","Global","FUN_00aff8a0","00aff8a0","","Global","FUN_00c18e40","00c18e40","0"
"","Global","FUN_00b050d0","00b050d0","","Global","FUN_00c1f970","00c1f970","0"
"","Global","FUN_00b07d30","00b07d30","","Global","FUN_00c13ca0","00c13ca0","0"
"","Global","FUN_00b0b8c0","00b0b8c0","","Global","FUN_00c1ed30","00c1ed30","0"
